RepDarrenSoto	RepStephMurphy
RepDarrenSoto	RepRubenGallego
RepDarrenSoto	JoaquinCastrotx
RepDarrenSoto	gracenapolitano
RepDarrenSoto	NatResources
RepDarrenSoto	WinterHavenSun
RepDarrenSoto	NBCLatino
RepDarrenSoto	NALCABPolicy
RepDarrenSoto	Vegalteno
RepDarrenSoto	EmgageActionFL
RepDarrenSoto	Tharryry
RepDarrenSoto	HispanicCaucus
RepDarrenSoto	AllSaints_FL
RepDarrenSoto	wildlifeaction
RepDarrenSoto	CHeathWFTV
RepDarrenSoto	GermieNYC
RepDarrenSoto	HeardontheHill
RepDarrenSoto	NathanHale7476
RepDarrenSoto	rvivian370
RepDarrenSoto	WFTV
RepDarrenSoto	WeAreUnidosUS
RepDarrenSoto	NAPABA
RepDarrenSoto	romancerookie
RepDarrenSoto	WaelAlzayat
RepDarrenSoto	news6wkmg
RepDarrenSoto	YourBarrioFL
RepDarrenSoto	ricardorossello
RepDarrenSoto	SenBillNelson
RepDarrenSoto	garywhite13
RepDarrenSoto	MikeWFerguson
RepDarrenSoto	tbhjr
RepDarrenSoto	DemsEspanol
RepDarrenSoto	FloorCharts
RepDarrenSoto	LSeabrookWFTV
RepDarrenSoto	HouseDemocrats
RepDarrenSoto	CGAGroup
RepDarrenSoto	NORML
RepDarrenSoto	AACNPolicy
RepDarrenSoto	FLCITRUSMUTUAL
RepDarrenSoto	El_Sentinel
RepDarrenSoto	MayorJoseAlvar2
RepDarrenSoto	Carmelorios
RepDarrenSoto	Fla_Pol
RepDarrenSoto	FPizarro_DC
RepDarrenSoto	RepAnthonyBrown
RepDarrenSoto	HouseRadioTV
RepDarrenSoto	DebtCrisisOrg
RepDarrenSoto	underdogdreams
RepDarrenSoto	ToriLinder
RepDarrenSoto	BryceGibson8
RepDarrenSoto	TaraCopp
RepDarrenSoto	NicoSGonzalez
RepDarrenSoto	Nature_Florida
RepDarrenSoto	MarionMilitary
RepDarrenSoto	valenciacollege
RepDarrenSoto	audubonsociety
RepDarrenSoto	kqkellyq
RepDarrenSoto	CaucusOnClimate
RepDarrenSoto	PRFAA
RepDarrenSoto	JackPayneIFAS
RepDarrenSoto	Miguel_Romero_
RepDarrenSoto	DaniaPeriodista
RepDarrenSoto	NadeenNews6
RepDarrenSoto	NRDems
RepDarrenSoto	carlosvotero
RepDarrenSoto	trschatz51
RepDarrenSoto	orlpolitics
RepDarrenSoto	nikkifried
RepDarrenSoto	AlzAdvocateFL
RepDarrenSoto	CarltonWard
RepDarrenSoto	DavidBegnaud
RepDarrenSoto	emv52
RepDarrenSoto	RuralCo
RepDarrenSoto	OceanChampions
RepDarrenSoto	govtrack
RepDarrenSoto	HoustonTaylorAT
RepDarrenSoto	Cardiology
RepDarrenSoto	KeepFLFishing
RepDarrenSoto	SSNAlerts
RepDarrenSoto	wusfschreiner
RepDarrenSoto	AnahiHurtado_
RepDarrenSoto	CleanAirMoms_FL
RepDarrenSoto	GWULULAC
RepDarrenSoto	ehvalinnn
RepDarrenSoto	Diegs_11
RepDarrenSoto	CGMiamiHarper
RepDarrenSoto	RepJenniffer
RepDarrenSoto	gwcisneros
RepDarrenSoto	Jenniffer2012
RepDarrenSoto	GuyGilady
RepDarrenSoto	mrfisk12
RepDarrenSoto	adrienneegolf
RepDarrenSoto	johnreichardwes
RepDarrenSoto	OsceolaSheriff
RepDarrenSoto	jaygalbraith
RepDarrenSoto	beach_nole
RepJackyRosen	LVMPD
RepJackyRosen	lvchamber
RepJackyRosen	LCVoters
RepJackyRosen	CraigCaplan
RepJackyRosen	garymartindc
RepJackyRosen	snhba
RepJackyRosen	ClarkCountySch
RepJackyRosen	SEIA
RepJackyRosen	SolarIndustry
RepJackyRosen	e2org
RepJackyRosen	ClarkCountyNV
RepJackyRosen	CathCharitiesLV
RepJackyRosen	ThonyAvellaneda
RepJackyRosen	connorobrienNH
RepJackyRosen	LWCFCOALITION
RepJackyRosen	CleanAirMoms
RepJackyRosen	MBSewald
RepJackyRosen	GretaTweeted
RepJackyRosen	adpikelly
RepAlLawsonJr	CongressmanRaja
RepAlLawsonJr	RepValDemings
RepAlLawsonJr	RepStephMurphy
RepAlLawsonJr	RepBonnie
RepAlLawsonJr	RepCheri
RepAlLawsonJr	RepLoisFrankel
RepAlLawsonJr	RepBarbaraLee
RepAlLawsonJr	RepWilson
RepAlLawsonJr	repjohnlewis
RepAlLawsonJr	HouseDemocrats
RepAlLawsonJr	RepAnthonyBrown
RepAlLawsonJr	AlzAdvocateFL
RepAlLawsonJr	OfficialCBC
RepAlLawsonJr	MoreArtCulture
RepAlLawsonJr	floridastate
RepAlLawsonJr	DSolisAgEcon
RepAlLawsonJr	FLStateSociety
RepAlLawsonJr	UNCF
RepAlLawsonJr	biggreenpen
RepAlLawsonJr	GUMedicine
RepAlLawsonJr	Shawn_DeVries
RepAlLawsonJr	keneshiagrant
RepAlLawsonJr	JasonRothFL
RepAlLawsonJr	JAXAlliance
RepAlLawsonJr	QuorumAnalytics
RepAlLawsonJr	HouseSBCDems
RepAlLawsonJr	hunger
RepAlLawsonJr	astrostarbright
RepAlLawsonJr	JayBuz24
RepAlLawsonJr	COTNews
RepAlLawsonJr	theurbancore
RepAlLawsonJr	CityofJax
RepEspaillat	RepTimWalz
RepEspaillat	RepDanKildee
RepEspaillat	RepCicilline
RepEspaillat	NydiaVelazquez
RepEspaillat	repjoecrowley
RepEspaillat	WhipHoyer
RepEspaillat	NancyPelosi
RepEspaillat	HispanicCaucus
RepEspaillat	DemsEspanol
RepEspaillat	OfficialCBC
RepEspaillat	zabalaaldia
RepEspaillat	DavidBaily
RepEspaillat	JohnBonifaz
RepEspaillat	RulesDemocrats
RepEspaillat	NYPD30Pct
RepEspaillat	BenDAvanzo
RepEspaillat	CLASP_DC
RepEspaillat	CUMC_GCA
RepEspaillat	theNYHC
RepEspaillat	CAPimmigration
RepEspaillat	NYCDDC
RepEspaillat	rhookinitiative
RepEspaillat	stanhardy_nyc
RepEspaillat	LegalAidNYC
RepEspaillat	LtGovHochulNY
RepEspaillat	liveonny
RepEspaillat	UNHP
RepEspaillat	DREmbassy
RepEspaillat	pauavil
RepEspaillat	NILC_org
RepEspaillat	ppglobe
RepEspaillat	EnergyCommerce
RepEspaillat	NULpolicy
RepEspaillat	THEKIDMERO
RepBRochester	RepGraceMeng
RepBRochester	RepWalberg
RepBRochester	HouseDemocrats
RepBRochester	OfficialCBC
RepBRochester	jojmeyer
RepBRochester	ThirdWayTweet
RepBRochester	edworkforcedems
RepBRochester	PatCiarrocchi
RepBRochester	ChrisCoons
RepBRochester	BPC_Bipartisan
RepBRochester	westsidehealth
RepBRochester	nwlc
RepBRochester	DorianWanzer
RepBRochester	DrMarkBrainard
RepBRochester	AFitzpayne
RepBRochester	HouseNewDems
RepBRochester	DelawareEstuary
RepBRochester	TICAS_org
RepBRochester	DEStateChamber
RepBRochester	HonestHypocrite
RepBRochester	USGLC
RepBRochester	DelKids
RepBRochester	ICInclusion
RepBRochester	ChesapeakUPSers
RepBRochester	anniehearton
RepBRochester	WWFH_DE
RepBRochester	ArtsDelaware
RepBRochester	UDelPPE
RepBRochester	rebeccavallas
RepBRochester	krobUD
RepBRochester	PDAshton
RepBarragan	RepRoKhanna
RepBarragan	RepJayapal
RepBarragan	RepRubenGallego
RepBarragan	RepDonBeyer
RepBarragan	SupJaniceHahn
RepBarragan	RepKarenBass
RepBarragan	BobbyScott
RepBarragan	RepGutierrez
RepBarragan	RepAdamSchiff
RepBarragan	keithellison
RepBarragan	HispanicCaucus
RepBarragan	HeardontheHill
RepBarragan	FloorCharts
RepBarragan	HouseDemocrats
RepBarragan	NRDems
RepBarragan	LCVoters
RepBarragan	OfficialCBC
RepBarragan	Lynwoodparks
RepBarragan	LASDHQ
RepBarragan	Think100Show
RepBarragan	playbookplus
RepBarragan	GreenForAll
RepBarragan	mrmicahali
RepBarragan	JudithKohler
RepBarragan	foodandwater
RepBarragan	RoKhanna
RepBarragan	RepLloydDoggett
RepBarragan	cmarinucci
RepBarragan	SEEC
RepBarragan	townhallproject
RepBarragan	HildaSolis
RepBarragan	RepJimmyGomez
RepBarragan	thebeatdc
RepBarragan	alaskawild
RepBarragan	MomsAction
RepBarragan	CSULBNewsHub
RepBarragan	EJinAction
RepBarragan	NHMAmd
RepBarragan	EDFaction
RepBarragan	darienldavis
RepBarragan	CAEA_ArtEdu
RepBarragan	satrazurita
RepBarragan	DeniseLopezDiaz
RepBarragan	Univision34LA
RepBarragan	FiveSloFiftyNin
RepTomSuozzi	TulsiPress
RepTomSuozzi	RepPeteKing
RepTomSuozzi	HouseDemocrats
RepTomSuozzi	HouseNewDems
RepTomSuozzi	randimarshall
RepTomSuozzi	NewsdayOpinion
RepTomSuozzi	DeanObeidallah
RepTomSuozzi	TheIslandNow
RepTomSuozzi	MaketheRoadNY
RepTomSuozzi	LongIslandAssoc
RepTomSuozzi	PBS
RepTomSuozzi	CNNnewsroom
RepRoKhanna	RepJayapal
RepRoKhanna	repmarkpocan
RepRoKhanna	GKButterfield
RepRoKhanna	RepMaloney
RepRoKhanna	NancyPelosi
RepRoKhanna	RepArrington
RepRoKhanna	RepGallagher
RepRoKhanna	DemsEspanol
RepRoKhanna	HouseDemocrats
RepRoKhanna	OfficialCBC
RepRoKhanna	cmarinucci
RepRoKhanna	SenMarkey
RepRoKhanna	Nextgov
RepRoKhanna	AdobePolicy
RepRoKhanna	AdobeGov
RepRoKhanna	SenSanders
RepRoKhanna	CAPAC
RepRoKhanna	matteroffacttv
RepRoKhanna	NationalNurses
RepRoKhanna	YAppelbaum
RepRoKhanna	K8Gould
RepRoKhanna	RepRatcliffe
RepRoKhanna	RickSmithShow
RepRoKhanna	Greg_Hellman
RepRoKhanna	StrausReform
RepRoKhanna	rtiron
RepRoKhanna	LGBTEqCaucus
RepRoKhanna	JeffSolheim
RepRoKhanna	480Primrose
RepRoKhanna	USProgressives
RepRoKhanna	latimes
RepRoKhanna	VAPAJeannine
RepRoKhanna	NARAL
RepRoKhanna	WSpriggs
RepKihuen	HispanicCaucus
RepKihuen	AACNPolicy
RepKihuen	lvchamber
RepKihuen	CraigCaplan
RepKihuen	garymartindc
RepKihuen	ClarkCountySch
RepKihuen	CathCharitiesLV
RepKihuen	adpikelly
RepKihuen	SBGC2C
RepKihuen	AJentleson
RepKihuen	SenatorReid
RepKihuen	DesertCarmen
RepKihuen	christian15g
RepKihuen	Astrid_NV
RepKihuen	JamieQualk
RepKihuen	SpinaBifidaAssn
RepKihuen	NVconservation
RepKihuen	reviewjournal
RepKihuen	cityofhenderson
RepKihuen	SenCortezMasto
RepKihuen	BarackObama
RepKihuen	NVVetsAssociat1
RepKihuen	goldbutte
RepKihuen	MaryKerner
RepKihuen	kschwalb1
RepKihuen	GovSandoval
RepKihuen	SBA_Nevada
RepKihuen	bindrup
RepKihuen	Ricardo_Laguna
RepKihuen	Drea_Drby
RepKihuen	GLSEN
RepKihuen	_politikai
RepKihuen	MadonnaLong
RepKihuen	J_Rivera2017
RepKihuen	ARAMAC_CA
RepKihuen	maryfalcon__
RepKihuen	RepDonBacon
RepKihuen	JuneMonroe3905
RepKihuen	maketheroadnv
RepKihuen	CanCGLA
RepKihuen	nscpatterson
RepKihuen	NellisAFB
RepKihuen	LIT_LV
RepKihuen	GoldenKnights
RepKihuen	clarissamcota
RepKihuen	HACUNews
RepKihuen	CompleteNevadan
RepKihuen	shana_loveday
RepKihuen	Journo_Jamie_
RepKihuen	LarrySchuler
RepKihuen	tsegerblom
RepKihuen	HeyMeelahDee
RepMcEachin	RepBarragan
RepMcEachin	RepDanKildee
RepMcEachin	LCVoters
RepMcEachin	connorobrienNH
RepMcEachin	HouseNewDems
RepMcEachin	GreenForAll
RepMcEachin	thebeatdc
RepMcEachin	MomsAction
RepMcEachin	VaCapitolPolice
RepMcEachin	RevJenButler
RepMcEachin	TheRAC
RepMcEachin	NETWORKLobby
RepMcEachin	PositivelyBrie
RepMcEachin	WHO
RepMcEachin	DefendOurFuture
RepMcEachin	BCFHOF
RepMcEachin	EnvironmentVA
RepMcEachin	splcenter
RepMcEachin	CFundAdvocates
RepMcEachin	AWIOnline
RepMcEachin	civilrightsorg
RepMcEachin	bluevirginia
RepCarbajal	RepDonBeyer
RepCarbajal	RepEsty
RepCarbajal	HouseDemocrats
RepCarbajal	RepAnthonyBrown
RepCarbajal	LCVoters
RepCarbajal	foodandwater
RepCarbajal	USMC_LegAffairs
RepCarbajal	UCSUSA
RepCarbajal	AFGENational
RepCarbajal	SLOTribune
RepCarbajal	RECSolar
RepCarbajal	countyofsb
RepCarbajal	CSGV
RepCarbajal	slocountyoes
RepCarbajal	sbsheriff
RepCarbajal	SBCityOES
RepCarbajal	KSBY
RepLouCorrea	RepBonnie
RepLouCorrea	RepTimWalz
RepLouCorrea	RepSchneider
RepLouCorrea	NydiaVelazquez
RepLouCorrea	RepGutierrez
RepLouCorrea	WhipHoyer
RepLouCorrea	HouseHomeland
RepLouCorrea	HispanicCaucus
RepLouCorrea	HouseDemocrats
RepLouCorrea	thebeatdc
RepLouCorrea	SenCortezMasto
RepLouCorrea	BarackObama
RepLouCorrea	HomelandDems
RepLouCorrea	valor4us
RepLouCorrea	TitanAdvocates
RepLouCorrea	FWD_us
RepLouCorrea	UCIrvine
RepLouCorrea	AlexLimonNews
RepLouCorrea	ocregister
RepLouCorrea	RepMattGaetz
RepLouCorrea	VetAffairsDems
RepLouCorrea	AnaheimFire
RepLouCorrea	SteeleAndUngar
RepLouCorrea	HouseBlueDogs
RepLouCorrea	UNITEDWEDREAM
RepLouCorrea	perspectiva_nac
RepJayapal	RepHastingsFL
RepJayapal	RepKClark
RepJayapal	repmarkpocan
RepJayapal	USRepRickNolan
RepJayapal	RepRoybalAllard
RepJayapal	RepBarbaraLee
RepJayapal	RepKarenBass
RepJayapal	RepDavidEPrice
RepJayapal	janschakowsky
RepJayapal	RepGwenMoore
RepJayapal	NancyPelosi
RepJayapal	keithellison
RepJayapal	HispanicCaucus
RepJayapal	hunger
RepJayapal	NILC_org
RepJayapal	edworkforcedems
RepJayapal	nwlc
RepJayapal	SenMarkey
RepJayapal	NationalNurses
RepJayapal	USProgressives
RepJayapal	SenWarren
RepJayapal	justicedems
RepJayapal	usatodayDC
RepJayapal	ny_indivisible
RepJayapal	Jim_Brunner
RepJayapal	GregBartMusic
RepJayapal	wrcommission
RepJayapal	MigrantFreedom
RepJayapal	iExaminer
RepJayapal	SenKamalaHarris
RepJayapal	alangomez
RepJayapal	DalaiLama
RepJayapal	Shugruberg
RepJayapal	MichaelEdKelly
RepJayapal	WAStateLib
RepJayapal	carolinefan
RepJayapal	TUSK81
RepJayapal	MomsRising
RepJayapal	TheDemocrats
RepJayapal	YWCAUSA
RepJayapal	CGRShastings
RepJayapal	MamasConPoder
RepJayapal	WomenBelong
RepJayapal	kiwa4justice
RepJayapal	MichelleBrane
RepJayapal	SopanDeb
RepJayapal	ICRC
RepJayapal	TRMmovement
RepJayapal	TeresaCMosqueda
RepJayapal	LaurenMcgowan
RepJayapal	TammyMoralesSEA
RepJayapal	nowthisnews
RepJayapal	ChelseaClinton
RepJayapal	UDistFoodBank
RepJayapal	cruickshank
RepJayapal	AgeFriendlySEA
RepJayapal	lyliannasea
RepJayapal	TeamPelosi
RepJayapal	VictoriaBonney
RepJayapal	cspanwj
RepJayapal	MWAccessProject
RepJayapal	IGNITE_National
RepJayapal	ILRF
RepJayapal	AFLCIOGlobal
RepJayapal	CWS_global
RepJayapal	PattyMurray
RepJayapal	zachcarstensen
RepJayapal	kclsjohnsheller
RepJayapal	CraigSeasholes
RepJayapal	TalkPoverty
RepJayapal	SaeedKD
RepJayapal	MachinistsUnion
RepJayapal	JoyAnnReid
RepJayapal	anng27
RepJayapal	CAPAction
RepJayapal	RebeccaCokley
RepJayapal	DaviSusan
RepJayapal	uwchr
RepJayapal	phardinjackson
RepJayapal	wsdot
RepJayapal	MtRainierWatch
RepJayapal	ProgCongressAct
RepJayapal	fredhutch
RepJayapal	chetansharma
RepJayapal	OrbiTrapped
RepJayapal	statmnky
RepJayapal	fakedansavage
RepJayapal	Sea500WomenSci
RepJayapal	_sklarface_
RepJayapal	TheStranger
RepJayapal	SeaPubSchools
RepJayapal	LaurenHipp
RepJayapal	ETCrone
RepJayapal	CMTMosqueda
RepJoshG	RepLanceNJ7
RepJoshG	HouseNewDems
RepJoshG	OpticalSociety
RepJoshG	NoLabelsOrg
RepJoshG	NickVaugh
RepJoshG	NJBIZ
RepJoshG	njjbatweets
RepJoshG	MegBurrow
RepJoshG	ROINJNews
RepJoshG	UnitedWayNNJ
RepJoshG	NJTVNews
RepJoshG	david_njbiz
RepJoshG	HughCWelsh
RepJoshG	News12NJ
RepJoshG	HackensackTAP
RepJoshG	jimparkscfp
RepJoshG	SpartaTAP
RepJoshG	BergenCountySo
RepJoshG	MuskyWatershed
RepJoshG	FightCRC
RepJoshG	INSIDER__NJ
RepJoshG	PFANJ_IAFF
RepJoshG	FTwsp
RepJoshG	NJHerald
CongressmanRaja	RepRoKhanna
CongressmanRaja	RepDonBeyer
CongressmanRaja	RepBillFoster
CongressmanRaja	RepSwalwell
CongressmanRaja	RepCummings
CongressmanRaja	RepThompson
CongressmanRaja	JacksonLeeTX18
CongressmanRaja	RepLaHood
CongressmanRaja	HerreraBeutler
CongressmanRaja	NAPABA
CongressmanRaja	RepAnthonyBrown
CongressmanRaja	LCVoters
CongressmanRaja	e2org
CongressmanRaja	thebeatdc
CongressmanRaja	ReproRights
CongressmanRaja	dimitrakatsis
CongressmanRaja	MillenPolitics
CongressmanRaja	wagnernancy
CongressmanRaja	SPudelski
CongressmanRaja	TravelCoalition
CongressmanRaja	NickAEsp
CongressmanRaja	sahallen
CongressmanRaja	AndrewGoodmanF
CongressmanRaja	Desis4Progress
CongressmanRaja	armembusa
CongressmanRaja	JustinGerdes
CongressmanRaja	matthewtramel
CongressmanRaja	alliance4youth
CongressmanRaja	Audubon_GL
CongressmanRaja	MilitaryOfficer
CongressmanRaja	RockTheVote
CongressmanRaja	MyForefront
CongressmanRaja	YoungInvincible
CongressmanRaja	JFKLibrary
CongressmanRaja	InstituteForEdu
CongressmanRaja	EqualityILL
CongressmanRaja	uofigovrelation
CongressmanRaja	JessicaGKwong
CongressmanRaja	ShannonBream
CongressmanRaja	ACIBC
CongressmanRaja	ToddRuger
CongressmanRaja	RadioFreeTom
CongressmanRaja	SafeRoadsNow
CongressmanRaja	iftyahmadMD
CongressmanRaja	kyledcheney
CongressmanRaja	SWEtalk
CongressmanRaja	CAAPTS
RepOHalleran	HouseBlueDogs
RepOHalleran	azlalib
RepOHalleran	UofA
RepOHalleran	reporterjoe
RepOHalleran	ASU
RepOHalleran	MaricopaFirePIO
RepOHalleran	CoconinoNF
RepOHalleran	TinderFireInfo
RepOHalleran	kaffnews
RepOHalleran	GrandCanyonNPS
RepOHalleran	jackjacksonjr
RepOHalleran	CoconinoCounty
RepOHalleran	12News
RepOHalleran	KRIMfm
RepOHalleran	CACadmissions
RepOHalleran	GlobeMiamiTimes
RepOHalleran	RobMarciano
RepOHalleran	ArizonaDOT
RepOHalleran	MormonLakeFire
RepOHalleran	NavajoCountyAZ
RepOHalleran	AllysaAdams1
RepOHalleran	Kaijasays
RepOHalleran	aafb
RepOHalleran	green_wildlife
RepOHalleran	RepKHandel
RepOHalleran	keshinil
RepOHalleran	abc15
RepOHalleran	YestoNGS
RepOHalleran	indrani_solomon
RepOHalleran	azfamily
RepOHalleran	TucsonChamber
RepOHalleran	AZPMnews
RepRaskin	RepJayapal
RepRaskin	RepTedLieu
RepRaskin	RepBonnie
RepRaskin	RepDonBeyer
RepRaskin	RepDanKildee
RepRaskin	GerryConnolly
RepRaskin	RepJerryNadler
RepRaskin	RepHankJohnson
RepRaskin	WhipHoyer
RepRaskin	NancyPelosi
RepRaskin	HouseDemocrats
RepRaskin	LCVoters
RepRaskin	CleanAirMoms
RepRaskin	OfficialCBC
RepRaskin	edworkforcedems
RepRaskin	foodandwater
RepRaskin	RepLloydDoggett
RepRaskin	cmarinucci
RepRaskin	USProgressives
RepRaskin	NETWORKLobby
RepRaskin	ReproRights
RepRaskin	charlesallen
RepRaskin	CCAN
RepRaskin	TPMSPrincipal
RepRaskin	FacesOfEE
RepRaskin	Joelsberg
RepRaskin	ericgeller
RepRaskin	HouseAdm_Dems
RepRaskin	EACgov
RepRaskin	ConsumerFed
RepRaskin	mdconsumers
RepRaskin	TAC_NISO
RepRaskin	PrincipalCSES
RepRaskin	MAZONusa
RepRaskin	ISNAHQ
RepRaskin	CareFirst_News
RepRaskin	EngineOrg
RepRaskin	autismvotes
RepRaskin	Wanda_Lucas
RepRaskin	NCPSSM
RepRaskin	MobileMed9309
RepRaskin	CornerstoneMoCo
RepRaskin	MarysCenter
RepRaskin	SBAgov
RepRaskin	DrJasonJohnson
RepRaskin	AndrewFeinberg
RepRaskin	oliverdarcy
RepRaskin	scottwongDC
RepRaskin	DaVita
RepRaskin	AARPMD
RepRaskin	pensionimposble
RepRaskin	nothingbutnets
RepRaskin	SierraClubLive
RepRaskin	Ldoney
RepRaskin	AFGECheston
RepRaskin	HouseJudDems
RepRaskin	librarycongress
RepRaskin	OversightDems
RepRaskin	HouseBudgetDems
RepRaskin	mbhsSCO
RepRaskin	BookTV
RepRaskin	AUWCL
RepRaskin	ElenaHung202
RepRaskin	LawGovAUWCL
RepRaskin	OceanLeadership
RepRaskin	NDSS
RepRaskin	thehill
RepRaskin	KevinLindamood
RepRaskin	JRCarrollNews
RepRaskin	POGOBlog
RepRaskin	taxjustice
RepRaskin	Craigrsandler
RepRaskin	4TaxFairness
RepRaskin	davidcicilline
RepRaskin	UMDSGA
RepRaskin	jstreetdotorg
RepRaskin	mrcdtee2
RepRaskin	dmontyjr
RepRaskin	MontgomeryParks
RepRaskin	EJLorenz_AIA
RepRaskin	justinamash
RepRaskin	StudentCam
RepRaskin	USGPO
RepRaskin	ala_wo
RepRaskin	BnaiBrith
RepRaskin	NMPAorg
RepValDemings	HouseDemocrats
RepValDemings	AlzAdvocateFL
RepValDemings	OfficialCBC
RepValDemings	ChiefJeffOdell
RepValDemings	OrlandoPolice
RepValDemings	nytimes
RepValDemings	orlandosentinel
RepValDemings	washingtonpost
RepValDemings	TheOrlandoTimes
RepValDemings	nytopinion
RepValDemings	ShannonBrockman
RepValDemings	AnaisCarmonaDC
RepJimmyPanetta	RepLoisFrankel
RepJimmyPanetta	BPC_Bipartisan
RepJimmyPanetta	catalinaschool
RepJimmyPanetta	KollinKosmicki
RepJimmyPanetta	MKennedyChouane
RepJimmyPanetta	CityofMonterey
RepJimmyPanetta	MCOE_Now
RepJimmyPanetta	GonzalesTribune
RepJimmyPanetta	LuisCamDC
RepJimmyPanetta	OrganicTrade
RepJimmyPanetta	secnav76
RepJimmyPanetta	NWS
RepJimmyPanetta	IRSnews
RepJimmyPanetta	salnews
RepJimmyPanetta	CristianPNews
RepJimmyPanetta	MontereyHerald
RepJimmyPanetta	POMgarrison
RepJimmyPanetta	sustainableag
RepJimmyPanetta	Teaganne_Finn
RepJimmyPanetta	sccounty
RepStephMurphy	WhipHoyer
RepStephMurphy	RepCurbelo
RepStephMurphy	Fla_Pol
RepStephMurphy	PRFAA
RepStephMurphy	AlzAdvocateFL
RepStephMurphy	SSNAlerts
RepStephMurphy	HouseSBCDems
RepStephMurphy	OrlandoPolice
RepStephMurphy	CAPSecurity
RepStephMurphy	ALSFlorida
RepStephMurphy	holtschool
RepStephMurphy	alex_borkholder
RepStephMurphy	Franchising411
RepStephMurphy	TrinityPrepFL
RepStephMurphy	USNationalGuard
RepStephMurphy	NawboOrlando
RepStephMurphy	TWGradio
RepStephMurphy	AetnaNews
RepStephMurphy	WinterParkFla
RepStephMurphy	OrlandoJCRC
RepStephMurphy	WPPLibrary
RepStephMurphy	SecAFOfficial
RepStephMurphy	NCBRT
RepStephMurphy	ALALibrary
RepStephMurphy	UCF
RepStephMurphy	serenarod17
RepStephMurphy	emmtritt
RepStephMurphy	alyjusticee
RepStephMurphy	nathanboyett
RepStephMurphy	SCPSInfo
RepStephMurphy	adalewhittaker1
RepStephMurphy	TheEthanFields
RepStephMurphy	orlandoscience
RepStephMurphy	WSJ
DonaldNorcross	RepMcEachin
DonaldNorcross	RepLoisFrankel
DonaldNorcross	RepJoeKennedy
DonaldNorcross	RepTedDeutch
DonaldNorcross	HispanicCaucus
DonaldNorcross	HouseRadioTV
DonaldNorcross	edworkforcedems
DonaldNorcross	HouseNewDems
DonaldNorcross	AFGENational
DonaldNorcross	SMACNA
DonaldNorcross	AFLCIO
DonaldNorcross	timsteno
DonaldNorcross	SenatorMenendez
DonaldNorcross	KarinAttonito
DonaldNorcross	BlueCollarDems
DonaldNorcross	Rutgers_Camden
DonaldNorcross	GovMurphy
DonaldNorcross	KimberlyKerrTV
DonaldNorcross	CCSNJ
DonaldNorcross	APTAtweets
DonaldNorcross	Eagles
RepTedLieu	RepCummings
RepTedLieu	RepMaloney
RepTedLieu	NancyPelosi
RepTedLieu	HouseDemocrats
RepTedLieu	CaucusOnClimate
RepTedLieu	EnergyCommerce
RepTedLieu	CNNnewsroom
RepTedLieu	SenMarkey
RepTedLieu	CAPAC
RepTedLieu	LGBTEqCaucus
RepTedLieu	HouseJudDems
RepTedLieu	thehill
RepTedLieu	IRSnews
RepTedLieu	offkiltershow
RepTedLieu	HouseForeign
RepTedLieu	CNNSitRoom
RepTedLieu	AnaCabrera
RepTedLieu	OutFrontCNN
RepTedLieu	allinwithchris
RepTedLieu	TheBeatWithAri
RepTedLieu	NBCNewsTHINK
RepTedLieu	jaketapper
RepTedLieu	TheLeadCNN
RepTedLieu	CNN
RepTedLieu	CNNOpinion
RepTedLieu	ABCPolitics
RepTedLieu	MSNBC
RepTedLieu	SXMProgress
RepTedLieu	CNNTonight
RepTedLieu	FortuneMagazine
RepTedLieu	Capitol_Weekly
RepTedLieu	CNNPolitics
RepTedLieu	ABCWorldNews
RepTedLieu	DanRather
RepTedLieu	CityMalibu
RepPeteAguilar	WhipHoyer
RepPeteAguilar	HurdOnTheHill
RepPeteAguilar	NBCLatino
RepPeteAguilar	julissaarce
RepPeteAguilar	davidgura
RepPeteAguilar	FaceTheNation
RepPeteAguilar	SBCOUNTYFIRE
RepPeteAguilar	RCFD_PIO
RepMarkTakai	TulsiPress
RepMarkTakai	DorisMatsui
RepMarkTakai	HeardontheHill
RepMarkTakai	BPC_Bipartisan
RepMarkTakai	TNCHawaii
RepMarkTakai	tsspiegel
RepMarkTakai	AARPHawaii
RepMarkTakai	KupunaAdvocate
RepMarkTakai	DrFriedenCDC
RepMarkTakai	usedgov
RepMarkTakai	NSC44
RepMarkTakai	WhiteHouseAAPI
RepMarkTakai	SecretaryCastro
RepMarkTakai	NAFISschools
RepMarkTakai	AHLA
RepMarkTakai	kristina_wong
RepMarkTakai	AmericanLegion
RepMarkTakai	AmHeartAdvocacy
RepMarkTakai	hawaii
RepMarkTakai	GuardMagazine
RepMarkTakai	CivilBeat
RepMarkTakai	ChowProject
RepMarkTakai	OurOcean
RepMarkTakai	thinktechhi
RepKathleenRice	RepStephMurphy
RepKathleenRice	RepRubenGallego
RepKathleenRice	RepDonBeyer
RepKathleenRice	RepDerekKilmer
RepKathleenRice	RepMarkTakano
RepKathleenRice	RepJudyChu
RepKathleenRice	NydiaVelazquez
RepKathleenRice	RepAdamSchiff
RepKathleenRice	repjohnlewis
RepKathleenRice	repjimcooper
RepKathleenRice	HouseNewDems
RepKathleenRice	MaketheRoadNY
RepKathleenRice	VetAffairsDems
RepKathleenRice	nowthisnews
RepKathleenRice	tedlieu
RepKathleenRice	johnasbury
RepKathleenRice	ChrisMurphyCT
RepKathleenRice	MEPFuller
RepKathleenRice	NSCsafety
RepKathleenRice	rachaelmbade
RepKathleenRice	mineolahs
RepKathleenRice	SallyQYates
RepKathleenRice	SenSchumer
RepKathleenRice	GiffordsCourage
RepKathleenRice	sahilkapur
RepKathleenRice	stophandguns
RepKathleenRice	OsideNYLibrary
RepKathleenRice	AnnaEngelbrech5
RepKathleenRice	vmwaregov
RepKathleenRice	LegioninDC
RepKathleenRice	SimonWDC
RepKathleenRice	POLITICOPro
RepKathleenRice	longisland
RepKathleenRice	RobertHarding
RepKathleenRice	realdanstoller
RepKathleenRice	Joseph_Marks_
RepDebDingell	RepDonBeyer
RepDebDingell	RepTedDeutch
RepDebDingell	repsandylevin
RepDebDingell	WhipHoyer
RepDebDingell	RepFredUpton
RepDebDingell	wildlifeaction
RepDebDingell	BarackObama
RepDebDingell	BlueCollarDems
RepDebDingell	WirelessFdn
RepDebDingell	UMInjuryCenter
RepDebDingell	BrendanCarrFCC
RepDebDingell	WomenHeartOrg
RepDebDingell	PCGTW
RepDebDingell	BuzzFeedNews
RepDebDingell	voxdotcom
RepDebDingell	liszhou
RepDebDingell	cheddar
RepDebDingell	NPWF
RepDebDingell	acmwillowrun
RepDebDingell	umichbball
RepDebDingell	JohnDingell
RepDebDingell	goldberg_ja
RepDebDingell	OurNatureUSA
RepDebDingell	HunterandAngler
RepDebDingell	EPWashingtonDC
RepDebDingell	UM_DCOffice
RepDebDingell	NCADV
RepDebDingell	KasieDC
RepDebDingell	GJNeher
RepDebDingell	NewsHeraldMI
RepDebDingell	ewg
RepDebDingell	CBSNews
RepBonnie	RepMcEachin
RepBonnie	RepStephMurphy
RepBonnie	RepTedLieu
RepBonnie	RepRobinKelly
RepBonnie	RepDanKildee
RepBonnie	RepCummings
RepBonnie	RepTerriSewell
RepBonnie	RepWilson
RepBonnie	RepTedDeutch
RepBonnie	repjoecrowley
RepBonnie	BillPascrell
RepBonnie	WhipHoyer
RepBonnie	NancyPelosi
RepBonnie	HispanicCaucus
RepBonnie	HouseDemocrats
RepBonnie	CaucusOnClimate
RepBonnie	CraigCaplan
RepBonnie	OfficialCBC
RepBonnie	nwlc
RepBonnie	SEEC
RepBonnie	DeanObeidallah
RepBonnie	HomelandDems
RepBonnie	davidcicilline
RepBonnie	GovMurphy
RepBonnie	WaysMeansCmte
RepBonnie	girlscouts
RepBonnie	s4_change
RepBonnie	SenBooker
RepBonnie	MikeBloomberg
RepBonnie	APTA_Transit
RepBonnie	Princeton
RepBonnie	njdotcom
RepBonnie	Hema_Kohli_
RepBonnie	scrubbedin
RepBonnie	HeidiOlson50
RepBonnie	ames_simmons
RepBonnie	JLRichardson
RepBonnie	SenFeinstein
RepDeSaulnier	RepLoisFrankel
RepDeSaulnier	RepDanKildee
RepDeSaulnier	RepCohen
RepDeSaulnier	RepTedDeutch
RepDeSaulnier	RepAdamSchiff
RepDeSaulnier	NancyPelosi
RepDeSaulnier	cmarinucci
RepDeSaulnier	townhallproject
RepDeSaulnier	BarackObama
RepDeSaulnier	mkraju
RepDeSaulnier	MichaelAvenatti
RepDeSaulnier	JDiamond1
RepDeSaulnier	maggieNYT
RepDeSaulnier	abc7newsbayarea
RepDeSaulnier	HallieJackson
RepDeSaulnier	HardballChris
RepDeSaulnier	UCSF
RepDeSaulnier	JohnKasich
RepRubenGallego	RepTedLieu
RepRubenGallego	RepDonBeyer
RepRubenGallego	RepThompson
RepRubenGallego	RepAdamSchiff
RepRubenGallego	WhipHoyer
RepRubenGallego	HispanicCaucus
RepRubenGallego	DemsEspanol
RepRubenGallego	HouseDemocrats
RepRubenGallego	RepAnthonyBrown
RepRubenGallego	NRDems
RepRubenGallego	CleanAirMoms
RepRubenGallego	RepJimmyGomez
RepRubenGallego	DeanObeidallah
RepRubenGallego	CNNnewsroom
RepRubenGallego	BarackObama
RepRubenGallego	RepDonBacon
RepRubenGallego	DefendOurFuture
RepRubenGallego	perspectiva_nac
RepRubenGallego	TUSK81
RepRubenGallego	washingtonpost
RepRubenGallego	CNNSitRoom
RepRubenGallego	CNN
RepRubenGallego	SXMProgress
RepRubenGallego	ChrisMurphyCT
RepRubenGallego	SenSchumer
RepRubenGallego	voxdotcom
RepRubenGallego	cheddar
RepRubenGallego	TopherSpiro
RepRubenGallego	jonathanweisman
RepRubenGallego	DHAZAdvocacy
RepRubenGallego	GlennKesslerWP
RepRubenGallego	ColinKahl
RepRubenGallego	AndreaRBerger
RepRubenGallego	GWMacGillivray
RepRubenGallego	LeoShane
RepRubenGallego	votevets
RepRubenGallego	EpilepsyAZ
RepRubenGallego	Phil_Mattingly
RepRubenGallego	greenhousenyt
RepRubenGallego	MonumentsForUSA
RepRubenGallego	ceigateway
RepRubenGallego	AliceOllstein
RepRubenGallego	smotus
RepRubenGallego	FirstChurchUCC
RepRubenGallego	AlexWitt
RepRubenGallego	mitchellreports
RepRubenGallego	DMekailek
RepRubenGallego	laurenegambino
RepRubenGallego	SenatePress
RepRubenGallego	UtahDineBikeyah
RepRubenGallego	samstein
RepRubenGallego	davidfrum
RepRubenGallego	NBCNews
RepRubenGallego	MiFamiliaVota
RepBradAshford	RepJimCosta
RepBradAshford	WhipHoyer
RepBradAshford	OWHopinion
RepBradAshford	ChristianEspin7
RepBradAshford	DavidEarlLive
RepBradAshford	KETV
RepBradAshford	JournalStarNews
RepBradAshford	NE_CNCS
RepBradAshford	creighton_SCSJ
RepBradAshford	RaedawnJohnson1
RepBradAshford	RamHatter
RepBradAshford	iPatrickStevens
RepBradAshford	OWHnews
RepBradAshford	LymphedemaACT1
RepBradAshford	DeptofDefense
RepBradAshford	unmc
RepBradAshford	HuskerFBNation
RepBradAshford	mlhale_
RepBradAshford	patientaccess
RepBradAshford	HRC
RepBradAshford	KipEideberg
RepBradAshford	USDA
RepBradAshford	APAadvocates
RepDonBeyer	RepTimWalz
RepDonBeyer	RepCummings
RepDonBeyer	RepRoybalAllard
RepDonBeyer	RepTerriSewell
RepDonBeyer	RepBarbaraLee
RepDonBeyer	RepPaulTonko
RepDonBeyer	RepAdamSchiff
RepDonBeyer	HispanicCaucus
RepDonBeyer	DemsEspanol
RepDonBeyer	CaucusOnClimate
RepDonBeyer	BarackObama
RepDonBeyer	PattyMurray
RepDonBeyer	thehill
RepDonBeyer	nytimes
RepDonBeyer	CNN
RepDonBeyer	ABCWorldNews
RepDonBeyer	SenSchumer
RepDonBeyer	mkraju
RepDonBeyer	samstein
RepDonBeyer	NBCNews
RepDonBeyer	emorwee
RepDonBeyer	cspan
RepDonBeyer	alexnazaryan
RepDonBeyer	igorbobic
RepDonBeyer	umairfan
RepDonBeyer	SenatorTomUdall
RepDonBeyer	JacksonDiehl
RepDonBeyer	SenatorCarper
RepDonBeyer	kylegriffin1
RepDonBeyer	ASlavitt
RepDonBeyer	rachelpleven
RepDonBeyer	MotherJones
RepDonBeyer	mattyglesias
RepDonBeyer	ChrisLu44
RepDonBeyer	fred_guttenberg
RepDonBeyer	mbieseck
RepDonBeyer	ewstephe
RepDonBeyer	CREWcrew
RepDonBeyer	maziehirono
RepDonBeyer	wakefield_arts
RepDonBeyer	NAEA
RepDonBeyer	TorpedoFactory
RepDonBeyer	EricLiptonNYT
RepDonBeyer	kenvogel
RepDonBeyer	FCCPS
RepDonBeyer	sciam
RepDonBeyer	JohnBrennan
RepDonBeyer	annalecta
RepDonBeyer	foe_us
RepDonBeyer	JohnJHarwood
RepDonBeyer	brhodes
RepDonBeyer	SciCmteDems
RepDonBeyer	rebleber
RepDonBeyer	JasonLeopold
RepDonBeyer	gelles
RepDonBeyer	SierraClub
RepDonBeyer	stephenfhayes
RepDonBeyer	PhilipRucker
RepDonBeyer	andyweirauthor
RepDonBeyer	fastlerner
RepDonBeyer	SSWorks
RepDonBeyer	kylamandel
RepDonBeyer	AP
RepDonBeyer	thinkprogress
RepLawrence	RepMcEachin
RepLawrence	DonaldNorcross
RepLawrence	RepTedLieu
RepLawrence	RepDonBeyer
RepLawrence	RepKClark
RepLawrence	RepTimWalz
RepLawrence	repmarkpocan
RepLawrence	RepLoisFrankel
RepLawrence	RepDanKildee
RepLawrence	RepSwalwell
RepLawrence	RepCummings
RepLawrence	RepCicilline
RepLawrence	RepWilson
RepLawrence	NydiaVelazquez
RepLawrence	RepDavidEPrice
RepLawrence	RepTedDeutch
RepLawrence	RepAdamSchiff
RepLawrence	repsandylevin
RepLawrence	WhipHoyer
RepLawrence	NancyPelosi
RepLawrence	HispanicCaucus
RepLawrence	HouseDemocrats
RepLawrence	OfficialCBC
RepLawrence	HouseNewDems
RepLawrence	BarackObama
RepLawrence	CAPAction
RepLawrence	OversightDems
RepLawrence	taxjustice
RepLawrence	4TaxFairness
RepLawrence	AmHeartAdvocacy
RepLawrence	WaysMeansCmte
RepLawrence	stephsinclair
RepLawrence	HouseDemWomen
RepLawrence	unitehere
RepLawrence	JessicaASmith8
RepLawrence	wxyzdetroit
RepLawrence	gmfus
RepLawrence	Filip_Medic
RepLawrence	runningstart
RepLawrence	robertwolf32
RepLawrence	rooprajfox2
StaceyPlaskett	CongressmanRaja
StaceyPlaskett	RepValDemings
StaceyPlaskett	RepTedLieu
StaceyPlaskett	RepBonnie
StaceyPlaskett	RepDonBeyer
StaceyPlaskett	RepTimWalz
StaceyPlaskett	RepVeasey
StaceyPlaskett	RepEsty
StaceyPlaskett	RepDanKildee
StaceyPlaskett	RepMarcyKaptur
StaceyPlaskett	RepJeffries
StaceyPlaskett	RepRickLarsen
StaceyPlaskett	RepBarbaraLee
StaceyPlaskett	RepKarenBass
StaceyPlaskett	RepWilson
StaceyPlaskett	RepTedDeutch
StaceyPlaskett	BennieGThompson
StaceyPlaskett	louiseslaughter
StaceyPlaskett	repjohnlewis
StaceyPlaskett	RepDianaDeGette
StaceyPlaskett	WhipHoyer
StaceyPlaskett	NancyPelosi
StaceyPlaskett	NatResources
StaceyPlaskett	HispanicCaucus
StaceyPlaskett	RepAnthonyBrown
StaceyPlaskett	HouseRadioTV
StaceyPlaskett	RepJenniffer
StaceyPlaskett	Jenniffer2012
StaceyPlaskett	OfficialCBC
StaceyPlaskett	HouseNewDems
StaceyPlaskett	thebeatdc
StaceyPlaskett	cspanwj
StaceyPlaskett	JoyAnnReid
StaceyPlaskett	HouseJudDems
StaceyPlaskett	OversightDems
StaceyPlaskett	davidcicilline
StaceyPlaskett	washingtonpost
StaceyPlaskett	mitchellreports
StaceyPlaskett	HouseAgDems
StaceyPlaskett	BermudaPremier
StaceyPlaskett	SecretaryCarson
StaceyPlaskett	KellieMeyerNews
StaceyPlaskett	Joanne_Antoine
StaceyPlaskett	empress491
StaceyPlaskett	jessicabennett
StaceyPlaskett	USAID
StaceyPlaskett	DerrickNAACP
StaceyPlaskett	PADForg
StaceyPlaskett	SelwinHart
StaceyPlaskett	LiveFromKenya
StaceyPlaskett	ItalyatOAS
StaceyPlaskett	RobinLynneKelly
StaceyPlaskett	amjoyshow
StaceyPlaskett	staceyabrams
StaceyPlaskett	angelurena
StaceyPlaskett	TransportDems
StaceyPlaskett	RepAdams
StaceyPlaskett	AprilDRyan
StaceyPlaskett	rollcall
StaceyPlaskett	AM2DM
StaceyPlaskett	KamalaHarris
StaceyPlaskett	usvirginislands
StaceyPlaskett	kasie
StaceyPlaskett	newsone
StaceyPlaskett	SteveKornacki
StaceyPlaskett	PRKDMc
StaceyPlaskett	ChetinDurak
StaceyPlaskett	GovernorMapp
StaceyPlaskett	BGOV
StaceyPlaskett	BoldGlobalMedia
StaceyPlaskett	TheHillEvents
StaceyPlaskett	GrayDCnews
StaceyPlaskett	Bakari_Sellers
StaceyPlaskett	morningmika
StaceyPlaskett	dberrygannett
StaceyPlaskett	DenmarkinUSA
StaceyPlaskett	donnabrazile
StaceyPlaskett	ElizLanders
StaceyPlaskett	VP
StaceyPlaskett	kwelkernbc
StaceyPlaskett	USVInews
StaceyPlaskett	hardball
StaceyPlaskett	EdJoyce
StaceyPlaskett	RedCarpetShelle
RepHastingsFL	RepStephMurphy
RepHastingsFL	USRepKCastor
RepHastingsFL	rosadelauro
RepHastingsFL	RepTedDeutch
RepHastingsFL	FWD_us
RepHastingsFL	RepAdams
RepKClark	RepTimWalz
RepKClark	RepLoisFrankel
RepKClark	RepDanKildee
RepKClark	RepCummings
RepKClark	RepRichardNeal
RepKClark	RepWilson
RepKClark	NancyPelosi
RepKClark	HouseDemocrats
RepKClark	SenMarkey
RepKClark	davidcicilline
RepKClark	BGCStoneham
RepKClark	AlisonNBCBoston
RepKClark	BostonGlobe
RepKClark	PPact
RepKClark	RadioBoston
RepKClark	RxSummit
RepKClark	ProjCitizenship
USRepKCastor	RepMcEachin
USRepKCastor	RepTedLieu
USRepKCastor	RepTimWalz
USRepKCastor	RepBillFoster
USRepKCastor	RepJoeKennedy
USRepKCastor	RepDanKildee
USRepKCastor	BettyMcCollum04
USRepKCastor	RepTedDeutch
USRepKCastor	FrankPallone
USRepKCastor	repjohnlewis
USRepKCastor	RepDianaDeGette
USRepKCastor	HouseDemocrats
USRepKCastor	LCVoters
USRepKCastor	EnergyCommerce
USRepKCastor	EDFaction
USRepKCastor	BarackObama
USRepKCastor	UCSUSA
USRepKCastor	CBSNews
USRepKCastor	SierraClub
USRepKCastor	HouseDemWomen
USRepKCastor	FlyTPA
USRepKCastor	airportscouncil
USRepKCastor	nicole_onofreo
USRepKCastor	MacDill_AFB
USRepKCastor	PoliticsK12
USRepKCastor	phsathleticfdn
USRepKCastor	EastBayHS
USRepKCastor	CarrollwoodDay
USRepKCastor	LHSMcCoy
USRepKCastor	HillsboroughSch
USRepKCastor	MelanieBenesh
USRepKCastor	YoginUCS
USRepKCastor	cda_dc
USRepKCastor	Engage_Cuba
USRepKCastor	sao13th
USRepKCastor	geoffreyfowler
USRepKCastor	DannyVinik
USRepKCastor	FL_WildCorridor
USRepKCastor	FentriceD
USRepKCastor	jbendery
USRepKCastor	Channel4News
USRepKCastor	vladduthiersCBS
USRepKCastor	cmk256
USRepKCastor	HCPSArea2
USRepKCastor	marchtampa
USRepKCastor	paulwaldman1
USRepKCastor	Marlenesokol
USRepKCastor	adamplayford
USRepKCastor	noahpransky
USRepKCastor	BerniceKing
USRepKCastor	Public_Citizen
USRepKCastor	RaysBaseball
USRepKCastor	tampafamhealth
USRepKCastor	fineout
USRepKCastor	ericglassertv
USRepKCastor	CouncilmanViera
USRepKCastor	davidhogg111
USRepKCastor	mikefortampa
USRepKCastor	LuisSantana
USRepKCastor	sarahbrosario
RepBeatty	RepDebDingell
RepBeatty	RepLawrence
RepBeatty	RepRobinKelly
RepBeatty	RepMarcyKaptur
RepBeatty	RepWilson
RepBeatty	JimLangevin
RepBeatty	NancyPelosi
RepBeatty	RepSteveStivers
RepBeatty	HouseDemocrats
RepBeatty	OfficialCBC
RepBeatty	HouseSBCDems
RepBeatty	RoKhanna
RepBeatty	HouseDemWomen
RepBeatty	RickIntlAirport
RepBeatty	American_Heart
RepBeatty	joshuajosephmd
RepBeatty	Bearsread
RepBeatty	dstinc1913
RepBeatty	BrittanyJBurnam
RepBeatty	therealnmma
RepBeatty	OhioFoodbanks
RepBeatty	COHHIO
RepBeatty	OSUPrezDrake
RepBeatty	AARPOhio
RepBeatty	HouseDPCC
RepBeatty	ColumbusHealth
RepBeatty	DispatchAlerts
RepBeatty	Battelle
RepBeatty	ColumbusCouncil
RepBeatty	FSCDems
RepBeatty	FinLitCaucus
RepBeatty	jsmcmans
RepBeatty	NFCC
RepBeatty	ABABankers
RepBeatty	ToddBook
RepBeatty	care4yourfuture
RepBeatty	JumpStart_DC
PeterWelch	RepRoKhanna
PeterWelch	RepTedLieu
PeterWelch	RepAnnieKuster
PeterWelch	repjohnlewis
PeterWelch	NancyPelosi
PeterWelch	WaysandMeansGOP
PeterWelch	EnergyCommerce
PeterWelch	BarackObama
PeterWelch	OversightDems
PeterWelch	TheBeatWithAri
PeterWelch	KellieMeyerNews
PeterWelch	butternutmf
PeterWelch	VTStateParks
PeterWelch	waltshaub
PeterWelch	VT_Dylan
PeterWelch	yllennodmas
PeterWelch	CGAlward
PeterWelch	VTANR
PeterWelch	VermontFoodbank
PeterWelch	EcoFuelNWF
PeterWelch	TWilliams_MD
PeterWelch	ACLU_VT
PeterWelch	benandjerrys
PeterWelch	vtdigger
PeterWelch	RHSBillOlsen
PeterWelch	VTsmoke
PeterWelch	VTAgencyofAg
PeterWelch	wcax
PeterWelch	LIHEAPCampaign
PeterWelch	Historyeacher27
PeterWelch	ACOG_VT
PeterWelch	VermontCreamery
PeterWelch	VNRCorg
PeterWelch	marichelvt
PeterWelch	vprnet
PeterWelch	WAMCNews
PeterWelch	mcquiston
PeterWelch	uvmvermont
PeterWelch	StateForesters
PeterWelch	emhew
PeterWelch	INCOMPAS
PeterWelch	VTStateArchives
PeterWelch	vermontedition
PeterWelch	NTCAconnect
PeterWelch	SenatorLeahy
AnthonyBrownMD4	RepJayapal
AnthonyBrownMD4	CongressmanRaja
AnthonyBrownMD4	RepStephMurphy
AnthonyBrownMD4	RepBeatty
AnthonyBrownMD4	RepJeffries
AnthonyBrownMD4	BobbyScott
AnthonyBrownMD4	repjoecrowley
AnthonyBrownMD4	RepMikeQuigley
AnthonyBrownMD4	WhipHoyer
AnthonyBrownMD4	HouseNewDems
AnthonyBrownMD4	BarackObama
AnthonyBrownMD4	SenWarren
AnthonyBrownMD4	nowthisnews
AnthonyBrownMD4	TeamPelosi
AnthonyBrownMD4	votevets
AnthonyBrownMD4	KamalaHarris
AnthonyBrownMD4	Bakari_Sellers
AnthonyBrownMD4	McCartneyWP
AnthonyBrownMD4	MartinOMalley
AnthonyBrownMD4	SenateDems
AnthonyBrownMD4	wusa9
AnthonyBrownMD4	testudotimes
AnthonyBrownMD4	SenJohnMcCain
AnthonyBrownMD4	NAACP
AnthonyBrownMD4	CBCPAC
AnthonyBrownMD4	HillaryClinton
AnthonyBrownMD4	billclinton
AnthonyBrownMD4	executive_tea
AnthonyBrownMD4	USAMilitaryUSA
AnthonyBrownMD4	MattVerghese
AnthonyBrownMD4	VAHouseDems
AnthonyBrownMD4	ExchangesWTCI
AnthonyBrownMD4	jabariwill
AnthonyBrownMD4	Pontifex
AnthonyBrownMD4	PGSentinel
AnthonyBrownMD4	DanielleMeitiv
AnthonyBrownMD4	IndivisibleMD
AnthonyBrownMD4	Raysa_Leer
AnthonyBrownMD4	TakomaSeth
AnthonyBrownMD4	AishaBraveboy
AnthonyBrownMD4	mhestes03
AnthonyBrownMD4	TimTakesTime
AnthonyBrownMD4	FrankVitoRagone
AnthonyBrownMD4	MoCoSentinel
AnthonyBrownMD4	NLGA
AnthonyBrownMD4	Edmond_Frost
AnthonyBrownMD4	MDDCCUA
AnthonyBrownMD4	TomPorterDC
AnthonyBrownMD4	CUNA
AnthonyBrownMD4	StreetShares
AnthonyBrownMD4	RoyBreitenbach1
AnthonyBrownMD4	DanishaHR
AnthonyBrownMD4	DCSpotlight
AnthonyBrownMD4	RushernBaker
AnthonyBrownMD4	YoungDemsofMD
AnthonyBrownMD4	MollieByron
AnthonyBrownMD4	burtonbig1
AnthonyBrownMD4	beatpunk
AnthonyBrownMD4	D33Dems
AnthonyBrownMD4	AmandaLScottDC
AnthonyBrownMD4	NursesHealDC
AnthonyBrownMD4	ThomasYabroff
AnthonyBrownMD4	LuAnnBennett
AnthonyBrownMD4	ElborzTheFirst
AnthonyBrownMD4	Maryland_First
AnthonyBrownMD4	UofMaryland
RepRobinKelly	RepBeatty
RepRobinKelly	RepLoisFrankel
RepRobinKelly	RepMcGovern
RepRobinKelly	RepYvetteClarke
RepRobinKelly	WhipHoyer
RepRobinKelly	OfficialCBC
RepRobinKelly	leonardkl
RepRobinKelly	SenatorDurbin
RepRobinKelly	NYCFirstLady
RepRobinKelly	blkwomenshealth
RepRobinKelly	timkaine
RepTimWalz	RepBillFoster
RepTimWalz	repdinatitus
RepTimWalz	repjohnlewis
RepTimWalz	keithellison
RepTimWalz	HispanicCaucus
RepTimWalz	HouseDemocrats
RepTimWalz	VetAffairsDems
RepTimWalz	sustainableag
RepTimWalz	CNN
RepTimWalz	voxdotcom
RepTimWalz	HouseAgDems
RepTimWalz	SenJohnMcCain
RepTimWalz	SPKrikava
RepTimWalz	SBDCMankato
RepTimWalz	ethanpollack
RepTimWalz	WorkforceInvest
RepTimWalz	jburcum
RepTimWalz	DAVofMN
RepTimWalz	StribOpinion
RepTimWalz	SenDuckworth
RepTimWalz	HungerSolutions
RepTimWalz	AmFisheriesSoc
RepTimWalz	UMNExt
RepTimWalz	MilaKoumpilova
RepTimWalz	studentvets
RepTimWalz	mdean_LeadMN
RepTimWalz	UnmachtMnCities
RepJuanVargas	CongressmanRaja
RepJuanVargas	RepTimWalz
RepJuanVargas	RepCardenas
RepJuanVargas	RepLoisFrankel
RepJuanVargas	RepEsty
RepJuanVargas	RepSwalwell
RepJuanVargas	RepCummings
RepJuanVargas	RepJohnYarmuth
RepJuanVargas	RepJudyChu
RepJuanVargas	rosadelauro
RepJuanVargas	RepTedDeutch
RepJuanVargas	BillPascrell
RepJuanVargas	repjohnlewis
RepJuanVargas	WhipHoyer
RepJuanVargas	NancyPelosi
RepJuanVargas	HispanicCaucus
RepJuanVargas	DemsEspanol
RepJuanVargas	HouseDemocrats
RepJuanVargas	thebeatdc
RepJuanVargas	CAL_FIRE
RepJuanVargas	BrawleyUnionHS
RepJuanVargas	Op_Homefront
RepJuanVargas	spkcityheights
RepJuanVargas	KPBSMidday
RepJuanVargas	CoveredCA
RepJuanVargas	CoveredCA_es
RepJuanVargas	SanDiegoCounty
JuliaBrownley26	SteveScalise
JuliaBrownley26	BlueCollarDems
JuliaBrownley26	VCClerkRecorder
RepCardenas	RepEspaillat
RepCardenas	RepJayapal
RepCardenas	RepRubenGallego
RepCardenas	RepDonBeyer
RepCardenas	PeterWelch
RepCardenas	RepEsty
RepCardenas	NitaLowey
RepCardenas	RepCohen
RepCardenas	AGBecerra
RepCardenas	RepPaulTonko
RepCardenas	RepMikeQuigley
RepCardenas	RepRaulGrijalva
RepCardenas	WhipHoyer
RepCardenas	NancyPelosi
RepCardenas	HispanicCaucus
RepCardenas	DemsEspanol
RepCardenas	FPizarro_DC
RepCardenas	RepAnthonyBrown
RepCardenas	Miguel_Romero_
RepCardenas	EnergyCommerce
RepCardenas	HouseNewDems
RepCardenas	RepJimmyGomez
RepCardenas	HouseBudgetDems
RepCardenas	washingtonpost
RepCardenas	SenatorMenendez
RepCardenas	kylegriffin1
RepCardenas	SunValleyBranch
RepCardenas	AlexPadilla4CA
RepCardenas	justiceforyouth
RepCardenas	mariauxpen
RepCardenas	PPAPLAC
RepCardenas	robreiner
RepCardenas	LaureFabrega
RepCardenas	CALifeSciences
RepCardenas	sarahdwire
RepCardenas	TheToddSchulte
RepCardenas	MRodCD7
RepCardenas	Arleta_NC
RepCardenas	PiperPerabo
RepCardenas	VICASFValley
RepCardenas	JRosenworcel
RepCardenas	UFWupdates
RepCardenas	afabc_la
RepCardenas	NPR
RepCardenas	TalKopan
RepCardenas	mmtconline
RepCardenas	holly_harris
RepCardenas	LAPDFoothill
RepCardenas	BriannaWalden
RepCardenas	suziiqq
RepCardenas	verainstitute
RepCardenas	AllAboveAll
RepCardenas	JerryBrownGov
RepCardenas	SCE_DavidF
RepCardenas	UCSB_Dept_of_Ed
repmarkpocan	RepRoKhanna
repmarkpocan	RepMcEachin
repmarkpocan	RepJayapal
repmarkpocan	RepRaskin
repmarkpocan	RepTedLieu
repmarkpocan	RepDonBeyer
repmarkpocan	RepKClark
repmarkpocan	RepRobinKelly
repmarkpocan	RepTimWalz
repmarkpocan	RepBillFoster
repmarkpocan	RepLoisFrankel
repmarkpocan	RepDanKildee
repmarkpocan	RepCummings
repmarkpocan	RepCicilline
repmarkpocan	RepRichardNeal
repmarkpocan	RepBarbaraLee
repmarkpocan	WhipHoyer
repmarkpocan	NancyPelosi
repmarkpocan	HouseDemocrats
repmarkpocan	RepLloydDoggett
repmarkpocan	RepJimmyGomez
repmarkpocan	DeanObeidallah
repmarkpocan	SenMarkey
repmarkpocan	SenSanders
repmarkpocan	USProgressives
repmarkpocan	nowthisnews
repmarkpocan	MachinistsUnion
repmarkpocan	BlueCollarDems
repmarkpocan	SXMProgress
repmarkpocan	SenSchumer
repmarkpocan	JohnJHarwood
repmarkpocan	Public_Citizen
repmarkpocan	NicholsUprising
repmarkpocan	EconomicPolicy
repmarkpocan	aaronolver
repmarkpocan	ACLU
repmarkpocan	TelegraphHerald
repmarkpocan	BDNConnection
repmarkpocan	AMarch4OurLives
repmarkpocan	bpshow
repmarkpocan	ABC
RepDonaldPayne	RepJoeKennedy
RepDonaldPayne	RepSires
RepDonaldPayne	OfficialCBC
RepDonaldPayne	HomelandDems
RepDonaldPayne	WEtv
RepScottPeters	RepDonBeyer
RepScottPeters	EnergyCommerce
RepScottPeters	ThirdWayTweet
RepScottPeters	HouseNewDems
RepScottPeters	CAPAC
RepScottPeters	kylegriffin1
RepScottPeters	JohnBrennan
RepScottPeters	MollyKinder
RepScottPeters	CDC_Loans
RepScottPeters	Serge4IBMayor
RepScottPeters	SDRegionalEDC
RepScottPeters	kimcapSD
RepScottPeters	sdutIdeas
RepScottPeters	CSUSMAdvocacy
RepScottPeters	KUSINews
RepScottPeters	sdut
RepScottPeters	CreationCare
RepScottPeters	eabrown18
RepScottPeters	JeffFlake
RepBetoORourke	TopherSpiro
RepBetoORourke	TEPSAtalk
RepBetoORourke	MontwoodHS
RepBetoORourke	USCIS
RepBetoORourke	elpasotimes
RepBetoORourke	NewDay
RepCheri	janschakowsky
RepCheri	govtrack
RepCheri	ThirdWayTweet
RepCheri	HouseNewDems
RepCheri	HouseAgDems
RepCheri	KellieMeyerNews
RepCheri	GrayDCnews
RepCheri	jbendery
RepCheri	HouseDPCC
RepCheri	SenatorDurbin
RepCheri	SenDuckworth
RepCheri	TelegraphHerald
RepCheri	bpshow
RepCheri	SarahHayden_DA
RepCheri	FPAction
RepCheri	PCHSDragons
RepCheri	ILFarmBureau
RepCheri	BRNAgNews_Amie
RepCheri	ilcorn
RepCheri	R_I_Schools
RepCheri	IntheQ2030
RepCheri	WorkingTheHill
RepCheri	FarmWeekNow
RepCheri	ThirdWayKessler
RepCheri	ajjaffe
RepCheri	EmilyRPeck
RepCheri	DMDII_
RepCheri	susanthesquark
RepCheri	GretchenCarlson
RepCheri	TheSFIA
CongressmanRuiz	RepDianaDeGette
CongressmanRuiz	LCVoters
CongressmanRuiz	CleanAirMoms
CongressmanRuiz	EnergyCommerce
CongressmanRuiz	BPC_Bipartisan
CongressmanRuiz	HouseNewDems
CongressmanRuiz	EJinAction
CongressmanRuiz	cspanwj
CongressmanRuiz	SenBooker
CongressmanRuiz	AlexWitt
CongressmanRuiz	bpshow
CongressmanRuiz	JohnWhiteKESQ
CongressmanRuiz	ELIORG
CongressmanRuiz	AATHCGME
CongressmanRuiz	KESQ
CongressmanRuiz	LozanoSayra
CongressmanRuiz	ACOGAction
CongressmanRuiz	AOAforDOs
CongressmanRuiz	ngeiling
CongressmanRuiz	CrohnsColitisFn
CongressmanRuiz	HCPSoCal
CongressmanRuiz	UrologyUS
CongressmanRuiz	blrshepherd
CongressmanRuiz	CLSA_Advocacy
CongressmanRuiz	MyDesert
CongressmanRuiz	FrontierPolicy
CongressmanRuiz	NationalNOW
CongressmanRuiz	US_Pain
CongressmanRuiz	medillonthehill
RepFilemonVela	RepKihuen
RepFilemonVela	RepCummings
RepFilemonVela	RepMcGovern
RepFilemonVela	RepMarciaFudge
RepFilemonVela	HispanicCaucus
RepFilemonVela	HouseDemocrats
RepFilemonVela	SBGC2C
RepFilemonVela	HomelandDems
RepFilemonVela	NWS
RepFilemonVela	Aggie_GR
RepFilemonVela	edatpost
RepFilemonVela	JavelinaNation
RepFilemonVela	FEMAespanol
RepFilemonVela	fema
RepFilemonVela	CBPRGV
RepFilemonVela	KlebergRancher
RepFilemonVela	TxDPS
RepFilemonVela	MeteoroTamps
RepFilemonVela	TwitterGov
RepFilemonVela	RGVPartnership
RepFilemonVela	farmcredit
RepFilemonVela	SanPatricioCoop
RepFilemonVela	RepGonzalez
RepFilemonVela	RioGGuardian
RepFilemonVela	MariaSantanaCNN
RepFilemonVela	LosFresnosCISD
RepFilemonVela	sleining
RepFilemonVela	mrpak95
RepFilemonVela	physquivel
RepFilemonVela	tony_claudino
RepFilemonVela	matthaig1
RepFilemonVela	mfwells5
RepFilemonVela	CornellFinAid
RepSinema	HeardontheHill
RepSinema	HouseNewDems
RepSinema	ASU
RepSinema	ACLINews
RepSinema	GoodmanLaw_
RepSinema	kaylalivyy
RepSinema	OperShockwave
RepSinema	SharedHope
RepBillFoster	RepCheri
RepBillFoster	RepEsty
RepBillFoster	BettyMcCollum04
RepBillFoster	rosadelauro
RepBillFoster	RepTedDeutch
RepBillFoster	RepMaxineWaters
RepBillFoster	RepGwenMoore
RepBillFoster	WhipHoyer
RepBillFoster	JimLangevin
RepBillFoster	cspanwj
RepLoisFrankel	RepMcEachin
RepLoisFrankel	DonaldNorcross
RepLoisFrankel	RepTedLieu
RepLoisFrankel	USRepKCastor
RepLoisFrankel	RepTimWalz
RepLoisFrankel	RepBillFoster
RepLoisFrankel	RepEsty
RepLoisFrankel	RepSwalwell
RepLoisFrankel	RepCummings
RepLoisFrankel	RepCicilline
RepLoisFrankel	RepTerriSewell
RepLoisFrankel	RepWilson
RepLoisFrankel	janschakowsky
RepLoisFrankel	NancyPelosi
RepLoisFrankel	HouseDemocrats
RepLoisFrankel	HouseRadioTV
RepLoisFrankel	nwlc
RepLoisFrankel	RepLloydDoggett
RepLoisFrankel	cspan
RepLoisFrankel	HouseDemWomen
RepLoisFrankel	HFACDemocrats
RepLoisFrankel	KristinDavis
RepLoisFrankel	SunSentinel
RepLoisFrankel	FedAmerHospital
RepLoisFrankel	ProChoiceCaucus
RepLoisFrankel	rachren1
RepLoisFrankel	MabelvanOranje
RepLoisFrankel	HuffPostWomen
RepVeasey	CongressmanRaja
RepVeasey	RepBeatty
RepVeasey	RepTimWalz
RepVeasey	RepWilson
RepVeasey	WhipHoyer
RepVeasey	NancyPelosi
RepVeasey	DemsEspanol
RepVeasey	OfficialCBC
RepVeasey	thebeatdc
RepVeasey	BlueCollarDems
RepVeasey	TwitterGov
RepVeasey	CCSTechFacts
RepVeasey	AnnMarieBenitez
RepVeasey	Travis_Tritten
RepVeasey	eahs_bulldogs
RepVeasey	missplair
RepVeasey	AriBerman
RepVeasey	ToyotaPolicy
RepVeasey	AlexEnriquez_CY
RepVeasey	MassTransitmag
RepVeasey	JudgeClayJ
RepSeanMaloney	RepEliotEngel
RepSeanMaloney	VetAffairsDems
RepSeanMaloney	nowthisnews
RepSeanMaloney	WAMCNews
RepSeanMaloney	NYSEandG
RepSeanMaloney	CentralHudson
RepSeanMaloney	PineIslandNY
RepSeanMaloney	RichardBayne845
RepSeanMaloney	ADunneWAMC
RepSeanMaloney	JamesMartinSJ
RepSeanMaloney	SPECNewsHV
RepSeanMaloney	ChrisMcKenna845
RepSeanMaloney	CaitlinLanders
RepSeanMaloney	AARPNY
RepSchneider	RepTedLieu
RepSchneider	RepDanKildee
RepSchneider	RepCummings
RepSchneider	janschakowsky
RepSchneider	SusanWBrooks
RepSchneider	HouseSBCDems
RepSchneider	HouseBlueDogs
RepSchneider	HouseForeign
RepSchneider	SenDuckworth
RepSchneider	NatAbleNetwrk
RepSchneider	VernonLibrary
RepSchneider	WeAreTechCampus
RepSchneider	tictoc
RepHuffman	RepBarragan
RepHuffman	RepMcEachin
RepHuffman	PeterWelch
RepHuffman	rosadelauro
RepHuffman	AGBecerra
RepHuffman	RepGutierrez
RepHuffman	RepAdamSchiff
RepHuffman	WhipHoyer
RepHuffman	NancyPelosi
RepHuffman	HouseDemocrats
RepHuffman	CaucusOnClimate
RepHuffman	NRDems
RepHuffman	OceanChampions
RepHuffman	LCVoters
RepHuffman	alaskawild
RepHuffman	NARAL
RepHuffman	AWIOnline
RepHuffman	cspanwj
RepHuffman	TravelCoalition
RepHuffman	HouseAdm_Dems
RepHuffman	SierraClubLive
RepHuffman	GiffordsCourage
RepHuffman	WaysMeansCmte
RepHuffman	HRC
RepHuffman	First5Marin
RepHuffman	FreshEnergy
RepHuffman	jrezaian
RepHuffman	ExtraFoodDotOrg
RepHuffman	FloridaOceana
RepHuffman	NASHTUWORKS
RepHuffman	DaveMKoehler
RepHuffman	BlueBizCouncil
RepHuffman	saraminzadeh
RepHuffman	MargauxIsaksen
RepHuffman	JakeSherman
RepHuffman	joegarofoli
RepHuffman	JGoCAmom
RepHuffman	mv_schools
RepHuffman	ylinstitute
RepHuffman	DominicanCANews
RepHuffman	RuralCounties
RepHuffman	Calwild
RepHuffman	ericthomaskgo
RepHuffman	ncj_of_humboldt
RepHuffman	EnvCalifornia
RepHuffman	TheCorpsNetwork
RepHuffman	carolynlochhead
RepHuffman	RHSGiants411
RepHuffman	SMFDinfo
RepHuffman	LCOutpost
RepHuffman	KGO810
RepHuffman	NRDCFedGov
RepHuffman	Eugene_Scott
RepHuffman	pbump
RepHuffman	Mendoair
RepHuffman	sonomasheriff
RepHuffman	Cal_OES
RepDennyHeck	RepTimWalz
RepDennyHeck	BettyMcCollum04
RepDennyHeck	RepKarenBass
RepDennyHeck	JacksonLeeTX18
RepDennyHeck	repjohnlewis
RepDennyHeck	RepPerlmutter
RepDennyHeck	VetAffairsDems
RepDennyHeck	PattyMurray
RepDennyHeck	CNN
RepDennyHeck	CNNTonight
RepDennyHeck	kylegriffin1
RepDennyHeck	CityofPuyallup
RepDennyHeck	budget_policy
RepDennyHeck	waDNR
RepDennyHeck	Tacoma_Chamber
RepDennyHeck	SoundTransitCEO
RepDennyHeck	ALZ_WA
RepDennyHeck	AARPWA
RepDennyHeck	SeaportNW
RepDennyHeck	NatalieBrandK5
RepDennyHeck	17thFAB
RepDennyHeck	wsbdc
RepDennyHeck	ZerlinaMaxwell
RepDennyHeck	CityOfSumnerWA
RepDennyHeck	APWAGovAffairs
RepDennyHeck	Conserve_WA
TulsiPress	foodandwater
TulsiPress	IRSnews
TulsiPress	KupunaAdvocate
TulsiPress	HeatherKellyPhD
TulsiPress	PaulRieckhoff
TulsiPress	Hawaii_EMA
TulsiPress	AlzheimersAloha
TulsiPress	MauiNOW
TulsiPress	iava
TulsiPress	HiArtsAlliance
RepLujanGrisham	RepBillFoster
RepLujanGrisham	RepDanKildee
RepLujanGrisham	RepCummings
RepLujanGrisham	HispanicCaucus
RepLujanGrisham	RepLloydDoggett
RepLujanGrisham	UNM
RepLujanGrisham	abqfire
RepLujanGrisham	nmtechcouncil
RepLujanGrisham	KIRTLAND377ABW
RepEsty	jahimes
RepEsty	LGBTEqCaucus
RepEsty	CSGV
RepEsty	MilitaryOfficer
RepEsty	GiffordsCourage
RepEsty	kylegriffin1
RepEsty	CIDNEWS
RepEsty	NASA_OSBP
RepEsty	RAAtweets
RepEsty	NECouncil
RepEsty	sandyhook
RepEsty	Emma4Change
RepEsty	march_ct
RepEsty	HattersHerald
RepEsty	NicoleHockley
RepEsty	neiltyson
RepEsty	Junior_NAA
RepDerekKilmer	Transport
RepDerekKilmer	HouseNewDems
RepDerekKilmer	Jim_Brunner
RepDerekKilmer	NatalieBrandK5
RepDerekKilmer	sandyhook
RepDerekKilmer	pgpfoundation
RepDerekKilmer	IssueOneReform
RepDerekKilmer	USCGAux
RepDerekKilmer	KateReports
RepDerekKilmer	AnnMRavel
RepDerekKilmer	TylerSCole
RepDerekKilmer	davelevinthal
RepDerekKilmer	CentralKitsap
RepDerekKilmer	PortofTacoma
RepDerekKilmer	DerekMYoung
RepDerekKilmer	NASAJPL
RepAnnieKuster	JuliaBrownley26
RepAnnieKuster	RepCummings
RepAnnieKuster	HouseNewDems
RepAnnieKuster	thehill
RepAnnieKuster	HouseDemWomen
RepAnnieKuster	SenJohnMcCain
RepAnnieKuster	celtics
RepAnnieKuster	VisitNH
RepAnnieKuster	politico
RepAnnieKuster	KlandriganUL
RepAnnieKuster	WCAX_Adam
RepAnnieKuster	steinhauserNH1
RepAnnieKuster	onlyorganic
RepAnnieKuster	NFUDC
RepAnnieKuster	NH_HSEM
RepAnnieKuster	PlymouthState
RepAnnieKuster	wordofmouth
RepJoeKennedy	RepDanKildee
RepJoeKennedy	RepBobbyRush
RepJoeKennedy	RepEliotEngel
RepJoeKennedy	RepTedDeutch
RepJoeKennedy	HouseDemocrats
RepJoeKennedy	EnergyCommerce
RepJoeKennedy	DeanObeidallah
RepJoeKennedy	LGBTEqCaucus
RepJoeKennedy	FWD_us
RepJoeKennedy	SenWarren
RepJoeKennedy	nowthisnews
RepJoeKennedy	NCPSSM
RepJoeKennedy	TheBeatWithAri
RepJoeKennedy	MSNBC
RepJoeKennedy	cheddar
RepJoeKennedy	TopherSpiro
RepJoeKennedy	HRC
RepJoeKennedy	ASlavitt
RepJoeKennedy	hardball
RepJoeKennedy	Channel4News
RepJoeKennedy	NECouncil
RepJoeKennedy	politico
RepJoeKennedy	amprog
RepJoeKennedy	Karynregal
RepJoeKennedy	ADL_SD
RepJoeKennedy	ADL_National
RepJoeKennedy	DoleFoundation
RepJoeKennedy	JoshBrogadirTV
RepJoeKennedy	ForeignAffairs
RepJoeKennedy	ianbremmer
RepJoeKennedy	340BHealth
RepJoeKennedy	TheSunChronicle
RepJoeKennedy	TheRevAl
RepJoeKennedy	NGLCC
RepJoeKennedy	GBHJoe
RepJoeKennedy	bostonherald
RepJoeKennedy	CREDOMobile
RepJoeKennedy	usatodayopinion
RepJoeKennedy	JillDLawrence
RepJoeKennedy	CBSSunday
RepJoeKennedy	CBSThisMorning
RepJoeKennedy	PoliticsProse
RepJoeKennedy	SBA_MA
RepJoeKennedy	Foxborough_MA
RepJoeKennedy	HNNow
RepJoeKennedy	cmclymer
RepJoeKennedy	SarahEMcBride
RepJoeKennedy	MassGovernor
RepJoeKennedy	ddiamond
RepJoeKennedy	jonallendc
RepJoeKennedy	AFJustice
RepJoeKennedy	TransEquality
RepJoeKennedy	peoplefor
RepJoeKennedy	TeenVogue
RepJoeKennedy	BosPublicRadio
RepJoeKennedy	SeamusKirst
RepJoeKennedy	browardpolitics
RepJoeKennedy	MattxRed
RepJoeKennedy	HeraldRadio
RepJoeKennedy	ONEinAmerica
RepJoeKennedy	TheView
RepJoeKennedy	car_nove
RepJoeKennedy	SXMPolitics
RepJoeKennedy	splinter_news
RepJoeKennedy	KimberlyEAtkins
RepJoeKennedy	ParkerMolloy
RepJoeKennedy	dominicholden
RepJoeKennedy	WashBlade
RepJoeKennedy	SCWrentham
RepLowenthal	audubonsociety
RepLowenthal	CaucusOnClimate
RepLowenthal	NRDems
RepLowenthal	LCVoters
RepLowenthal	alaskawild
RepLowenthal	OurOcean
RepLowenthal	NASHTUWORKS
RepLowenthal	FCNL
RepLowenthal	TLHumanRights
RepLowenthal	HRCLosAngeles
RepLowenthal	americanrivers
RepLowenthal	ElSolAcademy
RepLowenthal	SteveESpaulding
RepLowenthal	aaronscherb
RepLowenthal	LWVMD
RepLowenthal	CommonCause
RepLowenthal	SecondHarvestFB
RepLowenthal	AAPD
USRepRickNolan	repmarkpocan
USRepRickNolan	RepBobbyRush
USRepRickNolan	RepMaloney
USRepRickNolan	RepJohnLarson
USRepRickNolan	WhipHoyer
USRepRickNolan	SenSanders
USRepRickNolan	PattyMurray
USRepRickNolan	BlueCollarDems
USRepRickNolan	WaysMeansCmte
USRepRickNolan	AntitrustCaucus
USRepRickNolan	JobsforMN
USRepRickNolan	Marahumphrey
USRepRickNolan	TeamUSA
USRepRickNolan	TeamShuster
USRepRickNolan	mark_tarello
USRepRickNolan	SOMinnesota
USRepRickNolan	sheetmetalwoman
USRepRickNolan	domination91
USRepRickNolan	CCLStPaul
USRepRickNolan	Vikings
USRepRickNolan	RadiologyBiz
USRepRickNolan	LCAorg
USRepRickNolan	RonWyden
USRepRickNolan	GovMarkDayton
USRepRickNolan	tylercreighton
USRepRickNolan	BRNAgNews_Mark
RepGraceMeng	RepKClark
RepGraceMeng	RepMaloney
RepGraceMeng	rosadelauro
RepGraceMeng	NancyPelosi
RepGraceMeng	MetroFocus
RepGraceMeng	AAAJ_AAJC
RepGraceMeng	QueensTrib
RepGraceMeng	rweingarten
RepGraceMeng	CarmenYulinCruz
RepDanKildee	RepDarrenSoto
RepDanKildee	RepAlLawsonJr
RepDanKildee	RepEspaillat
RepDanKildee	RepCarbajal
RepDanKildee	RepJayapal
RepDanKildee	RepRaskin
RepDanKildee	DonaldNorcross
RepDanKildee	RepDebDingell
RepDanKildee	RepLawrence
RepDanKildee	RepKClark
RepDanKildee	RepTimWalz
RepDanKildee	JuliaBrownley26
RepDanKildee	repmarkpocan
RepDanKildee	RepDonaldPayne
RepDanKildee	RepBillFoster
RepDanKildee	RepLoisFrankel
RepDanKildee	RepSeanMaloney
RepDanKildee	TulsiPress
RepDanKildee	RepDelBene
RepDanKildee	RepSwalwell
RepDanKildee	RepCummings
RepDanKildee	RepCartwright
RepDanKildee	RepMarcyKaptur
RepDanKildee	RepBonamici
RepDanKildee	RepRichardNeal
RepDanKildee	RepMcNerney
RepDanKildee	RepBobbyRush
RepDanKildee	RepMaloney
RepDanKildee	RepBarbaraLee
RepDanKildee	RepMcGovern
RepDanKildee	RepYvetteClarke
RepDanKildee	RepKarenBass
RepDanKildee	NormaJTorres
RepDanKildee	RepWilson
RepDanKildee	rosadelauro
RepDanKildee	repjoecrowley
RepDanKildee	RepAdamSmith
RepDanKildee	FrankPallone
RepDanKildee	RepRaulGrijalva
RepDanKildee	repsandylevin
RepDanKildee	RepGregoryMeeks
RepDanKildee	WhipHoyer
RepDanKildee	RepPerlmutter
RepDanKildee	NancyPelosi
RepDanKildee	keithellison
RepDanKildee	HouseDemocrats
RepDanKildee	RepAnthonyBrown
RepDanKildee	EnergyCommerce
RepDanKildee	HouseBudgetDems
RepDanKildee	umichbball
RepDanKildee	RepAdams
RepDanKildee	HouseDPCC
RepDanKildee	freep
RepDanKildee	TulsiGabbard
RepDanKildee	MonaHannaA
RepDanKildee	SenJeffMerkley
RepDanKildee	LittleMissFlint
RepDanKildee	MorningBriefing
RepDanKildee	FairFoodNetwork
RepDanKildee	MichiganRadio
RepDanKildee	YouKnowMoreNow
RepDanKildee	DeltaCollege
RepMarkTakano	RepTimWalz
RepMarkTakano	BobbyScott
RepMarkTakano	FloorCharts
RepMarkTakano	edworkforcedems
RepMarkTakano	USProgressives
RepMarkTakano	VetAffairsDems
RepMarkTakano	ConsumerFed
RepMarkTakano	CoveredCA
RepMarkTakano	JRosenworcel
RepMarkTakano	NVHSCounselors
RepMarkTakano	NationOfMakers
RepMarkTakano	albertocairo
RepMarkTakano	MClyburnFCC
RepMarkTakano	MorenoValleyUSD
RepMarkTakano	ProPublica
RepLipinski	RepMcEachin
RepLipinski	HouseScience
RepLipinski	CaucusOnClimate
RepLipinski	NationalNurses
RepLipinski	HouseBlueDogs
RepLipinski	uofigovrelation
RepLipinski	BlueCollarDems
RepLipinski	NAFISschools
RepLipinski	SciCmteDems
RepLipinski	SenDuckworth
RepLipinski	FCNL
RepLipinski	BPCAction
RepLipinski	ARSAWorks
RepLipinski	snapshoted
RepLipinski	MarcusWargin
RepLipinski	IamDrLietz
RepLipinski	GregHinz
RepLipinski	LHS210_news
RepLipinski	LHS210principal
RepLipinski	WeCounselLemont
RepLipinski	samanthamrapp
RepLipinski	WarOnTheRocks
RepLipinski	rmurray9192
RepLipinski	activetrans
RepLipinski	TinleyJunction
RepLipinski	congressoftom
RepLipinski	TwitterMoments
RepLipinski	espn
RepLipinski	CollPossibleCHI
RepLipinski	ServeIllinois
RepLipinski	COSSADC
RepLipinski	CBSSports
RepLipinski	RamblersMBB
RepLipinski	AlzILAdvocacy
RepLipinski	LoyolaChicago
RepLipinski	OakLawnPatch
RepLipinski	SandburgHS
RepLipinski	CongressionalAC
RepLipinski	ALZIMPACT
RepLipinski	PanCANChicago
RepLipinski	IMECillinois
RepLipinski	KendallCoyne
RepLipinski	conginst
RepLipinski	FYIscipolicy
RepLipinski	dpham20
RepLipinski	AGUSciPolicy
RepLipinski	david_yarnold
RepLipinski	RiggJim
RepLipinski	CatholicConfIL
RepLipinski	campaign_purple
RepDelBene	fredhutch
RepDelBene	WaysMeansCmte
RepDelBene	HouseDemWomen
RepDelBene	AARPadvocates
RepDelBene	Kirklandreport
RepDelBene	ImagineHousing
RepDelBene	vikramjandhyala
RepDelBene	Bothell_Kenmore
RepDelBene	EMVyhnanek
RepDelBene	goskagit
RepDelBene	CityofDuvall
RepDelBene	WSUEverett
RepDelBene	Gavalos322
RepDelBene	ASNAdvocacy
RepDelBene	NALHFAnews
RepDelBene	EverettHerald
RepDelBene	FoodLifeline
RepDelBene	LKS_POLICE
RepDelBene	2018USAGames
RepBera	USGLC
RepBera	LaurenWeberHP
RepBera	sangerkatz
RepBera	HornetAdvocacy
RepBera	MyCalVet
RepSwalwell	RepDanKildee
RepSwalwell	RosLehtinen
RepSwalwell	UMDSGA
RepSwalwell	CNNSitRoom
RepSwalwell	MSNBC
RepSwalwell	CNNTonight
RepSwalwell	BuzzFeedNews
RepSwalwell	JohnDingell
RepSwalwell	abc7newsbayarea
RepSwalwell	mitchellreports
RepSwalwell	hardball
RepSwalwell	usatodayopinion
RepSwalwell	MichaelSkolnik
RepSwalwell	JamesShawJr9
RepSwalwell	lauraevansmedia
RepSwalwell	FoxNews
RepSwalwell	jimsciutto
RepSwalwell	idaveprice
RepSwalwell	realDonaldTrump
RepSwalwell	ActMeasuresDoc
RepSwalwell	Mayor_Steinberg
RepSwalwell	benyc
RepSwalwell	AndreaJPhillips
RepSwalwell	AC360
RepSwalwell	kurtbardella
RepSwalwell	SRuhle
RepSwalwell	audreycoopersf
RepSwalwell	JohnDiazChron
RepJohnDelaney	RepEsty
RepJohnDelaney	RepTerriSewell
RepJohnDelaney	RepPeteOlson
RepJohnDelaney	HispanicCaucus
RepJohnDelaney	govtrack
RepJohnDelaney	HouseNewDems
RepJohnDelaney	AFLCIO
RepJohnDelaney	realdanstoller
RepJohnDelaney	HFACDemocrats
RepJohnDelaney	ToyotaPolicy
RepJohnDelaney	MicrosoftIPC
RepJohnDelaney	Keith_Humphrey
RepJohnDelaney	nancyscola
RepJohnDelaney	nhouckmeloni
RepJohnDelaney	POLITICOLive
RepJohnDelaney	WorkforceVan
RepJohnDelaney	USNavy
RepJohnDelaney	USArmy
RepJohnDelaney	MarylandHunger
RepJohnDelaney	ccha_national
RepJohnDelaney	JLee629
RepJohnDelaney	cami_caudill
RepJohnDelaney	rainforestbook
RepJohnDelaney	SicTransit34
RepJohnDelaney	RachelEClement
RepJohnDelaney	shashib
RepJohnDelaney	calimorrison
RepJohnDelaney	jeancase
RepJohnDelaney	KristynHyland
RepJohnDelaney	AICaucus
RepJohnDelaney	Sorenson_Impact
RepJohnDelaney	LeandraB_sbg
RepJohnDelaney	CQnow
RepJohnDelaney	SenatorCantwell
RepJohnDelaney	AllCoMdSheriff
RepDannyDavis	RepBobbyRush
RepDannyDavis	RepMcGovern
RepDannyDavis	RepJohnLarson
RepDannyDavis	RepDianaDeGette
RepDannyDavis	WhipHoyer
RepDannyDavis	RepCurbelo
RepDannyDavis	HouseDemocrats
RepDannyDavis	govtrack
RepDannyDavis	thehill
RepDannyDavis	nytimes
RepDannyDavis	washingtonpost
RepDannyDavis	CBSNews
RepDannyDavis	WaysMeansCmte
RepDannyDavis	AP
RepDannyDavis	LorettoHospital
RepDannyDavis	Advocate_Aurora
RepDannyDavis	MatthewSerafin
RepDannyDavis	NPSCoalition
RepDannyDavis	IlisaPaul
RepDannyDavis	nationalbar
RepDannyDavis	krassenstein
RepDannyDavis	FCNLJustice
RepDannyDavis	APAinc
RepDannyDavis	JoannaAliseAin
RepDannyDavis	Steve_Taylor_DC
RepDannyDavis	JusticeReform
RepDannyDavis	A2Arnett
RepDannyDavis	ChiUrbanLeague
RepDannyDavis	neilparekh_uww
RepDannyDavis	EdTrust
RepDannyDavis	CaitlinMCarey
RepDannyDavis	AustinTalks
RepDannyDavis	AmerAcadPeds
RepDannyDavis	safepeacefulchi
RepDannyDavis	LmarieAsad
RepDannyDavis	RepChrisWelch
RepDannyDavis	ava
RepDannyDavis	fox32news
RepDannyDavis	madkenney
RepDannyDavis	LynneMarek
RepDannyDavis	cbschicago
RepDannyDavis	hakunamattities
RepDannyDavis	sryantribune
RepDannyDavis	theovertongroup
RepDannyDavis	Chefjefflive
RepDannyDavis	KanesKrew2017
RepDannyDavis	PFFORG
RepDannyDavis	cmcelroy5
RepDannyDavis	ASH_hematology
RepDannyDavis	SCDForum
RepDannyDavis	WCIA3Mark
RepDannyDavis	SEIULocal1
RepDannyDavis	Reuters
RepDannyDavis	fenwickfriars
RepDannyDavis	LindseyRoman
RepDannyDavis	fritz4assessor
RepDannyDavis	apa1906NETwork
RepDannyDavis	Trib_ed_board
RepDannyDavis	WBEZ
RepDannyDavis	GensUnited
RepDannyDavis	Suntimes
RepDannyDavis	nbcchicago
RepDannyDavis	prosperitynow
RepDannyDavis	SenBlumenthal
RepDannyDavis	ProgressCIL
RepDannyDavis	jessagots
RepDannyDavis	LBJLibrary
RepDannyDavis	taxmarch
RepCummings	RepTedLieu
RepCummings	RepRobinKelly
RepCummings	repmarkpocan
RepCummings	RepStephenLynch
RepCummings	RepTedDeutch
RepCummings	BennieGThompson
RepCummings	RepAdamSmith
RepCummings	NancyPelosi
RepCummings	EnergyCommerce
RepCummings	SenWarren
RepCummings	OversightDems
RepCummings	SenateDems
RepCummings	JHUrbanHealth
RepCummings	HealthyMaryland
RepCummings	RWPUSA
RepCummings	NormEisen
RepCartwright	RepRoKhanna
RepCartwright	RepTedLieu
RepCartwright	RepLawrence
RepCartwright	RepVeasey
RepCartwright	DorisMatsui
RepCartwright	janschakowsky
RepCartwright	PeterRoskam
RepCartwright	RosLehtinen
RepCartwright	HouseDemocrats
RepCartwright	NRDems
RepCartwright	govtrack
RepCartwright	LCVoters
RepCartwright	CleanAirMoms
RepCartwright	SenMarkey
RepCartwright	AFGENational
RepCartwright	VetAffairsDems
RepCartwright	FacesOfEE
RepCartwright	BlueCollarDems
RepCartwright	Eagles
RepCartwright	SierraClub
RepCartwright	americanrivers
RepCartwright	AGUSciPolicy
RepCartwright	msoskil
RepCartwright	billjwpa
RepCartwright	RECLAIMAct18
RepCartwright	AllianceIndEff
RepCartwright	PBS39Channel
RepCartwright	PennsylvaniaGov
RepCartwright	PolishEmbassyUS
RepCartwright	FCNLgreen
RepCartwright	ASBCouncil
RepCartwright	RSI
RepCartwright	Reduce_Spending
RepCartwright	JoeBiden
RepCartwright	RepCloakroom
RepCartwright	PHInational
RepCartwright	AppropsDems
RepCartwright	McallOpinion
RepCartwright	Earthworks
RepCartwright	BeckyAnn103
RepCartwright	ProgCongress
RepCartwright	BillCassidy
RepCartwright	ToSaveEnergy
RepCartwright	HamiltonCollege
RepCartwright	uspirg
RepCartwright	LPOEdMorgan
RepCartwright	KingsCollege_PA
RepCartwright	EnvAm
RepCartwright	Seniors_League
RepCartwright	D2Dfund
RepCartwright	ALSphiladelphia
RepCartwright	NRDC
RepCartwright	PennFuture
RepCartwright	MLeeAshley
RepCartwright	justiceinaging
RepCartwright	Vandahmier
RepCartwright	Defenders
RepCartwright	EmeraldCities
RepCartwright	NPCA
LacyClayMO1	RepCummings
LacyClayMO1	RepWilson
LacyClayMO1	JacksonLeeTX18
LacyClayMO1	RepAdamSchiff
LacyClayMO1	NancyPelosi
LacyClayMO1	keithellison
LacyClayMO1	HispanicCaucus
LacyClayMO1	HouseDemocrats
LacyClayMO1	OfficialCBC
LacyClayMO1	NULpolicy
LacyClayMO1	RoKhanna
LacyClayMO1	SenSanders
LacyClayMO1	USProgressives
LacyClayMO1	civilrightsorg
LacyClayMO1	FWD_us
LacyClayMO1	TheDemocrats
LacyClayMO1	nowthisnews
LacyClayMO1	ChelseaClinton
LacyClayMO1	TeamPelosi
LacyClayMO1	OversightDems
LacyClayMO1	thehill
LacyClayMO1	AFLCIO
LacyClayMO1	CNN
LacyClayMO1	ChrisMurphyCT
LacyClayMO1	mkraju
LacyClayMO1	greenhousenyt
LacyClayMO1	NBCNews
LacyClayMO1	KamalaHarris
LacyClayMO1	davidhogg111
LacyClayMO1	verainstitute
LacyClayMO1	AC360
LacyClayMO1	krassenstein
LacyClayMO1	SenBlumenthal
LacyClayMO1	NickKristof
LacyClayMO1	vanitaguptaCR
LacyClayMO1	jdawg1956
LacyClayMO1	raiseupMO
LacyClayMO1	MOAFLCIO
LacyClayMO1	businessinsider
LacyClayMO1	brianschatz
LacyClayMO1	tribelaw
LacyClayMO1	NoOnPropA
LacyClayMO1	STLConstruction
LacyClayMO1	ananavarro
LacyClayMO1	MomsDemand
LacyClayMO1	brettblumekmox
LacyClayMO1	Megan_Price8
LacyClayMO1	s_webber
LacyClayMO1	greaterlaborSTL
LacyClayMO1	YouthInCongress
LacyClayMO1	JohnWDean
LacyClayMO1	CharlesMBlow
LacyClayMO1	UCitySchools
LacyClayMO1	NMAAHC
LacyClayMO1	NBCPolitics
LacyClayMO1	shannonrwatts
LacyClayMO1	JohnLarsonCT
LacyClayMO1	TomPerez
LacyClayMO1	BoeingDefense
LacyClayMO1	RubenGallego
LacyClayMO1	jennycollierjd
LacyClayMO1	milanimohsen
LacyClayMO1	AmbassadorRice
LacyClayMO1	srl
LacyClayMO1	LiUNA110
LacyClayMO1	ryanjreilly
LacyClayMO1	hansilowang
LacyClayMO1	YDMO
LacyClayMO1	EricHolder
LacyClayMO1	MoDemParty
LacyClayMO1	NBCBLK
LacyClayMO1	teamsters688
RepMarcyKaptur	RepMcEachin
RepMarcyKaptur	RepLawrence
RepMarcyKaptur	RepBeatty
RepMarcyKaptur	RepTimWalz
RepMarcyKaptur	RepLoisFrankel
RepMarcyKaptur	sethmoulton
RepMarcyKaptur	BillPascrell
RepMarcyKaptur	WhipHoyer
RepMarcyKaptur	NancyPelosi
RepMarcyKaptur	chelliepingree
RepMarcyKaptur	HouseDemocrats
RepMarcyKaptur	RepLloydDoggett
RepMarcyKaptur	cspanwj
RepMarcyKaptur	AFLCIO
RepMarcyKaptur	BlueCollarDems
RepMarcyKaptur	cheddar
RepMarcyKaptur	NBCNews
RepMarcyKaptur	HouseDemWomen
RepMarcyKaptur	HouseDPCC
RepMarcyKaptur	AppropsDems
RepMarcyKaptur	stonelab
RepMarcyKaptur	PerkinsHigh
RepMarcyKaptur	ALSA_Mary
RepMarcyKaptur	JonDBN
RepMarcyKaptur	BMHSPride
RepMarcyKaptur	BMHS_library
RepMarcyKaptur	AdamFineske
RepMarcyKaptur	AFSCME
RepMarcyKaptur	ToledoLibrary
RepMarcyKaptur	GCRTA
RepMarcyKaptur	SceneSallard
RepMarcyKaptur	WCPN
RepMarcyKaptur	aisisteel
RepMarcyKaptur	SenSherrodBrown
RepMarcyKaptur	deantscott
RepMarcyKaptur	healthylakes
RepBonamici	RepDonBeyer
RepBonamici	RepBillFoster
RepBonamici	RepJudyChu
RepBonamici	BobbyScott
RepBonamici	HouseDemocrats
RepBonamici	AACNPolicy
RepBonamici	edworkforcedems
RepBonamici	VetAffairsDems
RepBonamici	SciCmteDems
RepBonamici	RonWyden
RepBonamici	StudentLegalNet
RepBonamici	Hillsboro_Patch
RepBonamici	CapitolWong
RepBonamici	TigardOR
RepBonamici	_MealsOnWheels
RepBonamici	CCCPortland
RepBonamici	SBAPacificNW
RepBonamici	FGNewsTimes
RepBonamici	Tuality
RepBonamici	OregonDVA
RepBonamici	SkillsCoalition
RepBonamici	multco
RepBonamici	PDXBIZJournal
RepBonamici	AARPOR
RepBonamici	HBCUCaucus
RepBonamici	RAEstuaries
RepBonamici	CityofBeaverton
RepBonamici	TigardMayor
RepBonamici	iaff1660
BettyMcCollum04	RepMcEachin
BettyMcCollum04	RepTedLieu
BettyMcCollum04	RepDonBeyer
BettyMcCollum04	RepTimWalz
BettyMcCollum04	RepBillFoster
BettyMcCollum04	RepDanKildee
BettyMcCollum04	RepCicilline
BettyMcCollum04	RepRichardNeal
BettyMcCollum04	NancyPelosi
BettyMcCollum04	keithellison
BettyMcCollum04	HouseDemocrats
BettyMcCollum04	RepLloydDoggett
BettyMcCollum04	thehill
BettyMcCollum04	davidcicilline
BettyMcCollum04	nytopinion
BettyMcCollum04	IRSnews
BettyMcCollum04	CREWcrew
BettyMcCollum04	foe_us
BettyMcCollum04	rebleber
BettyMcCollum04	ABC
BettyMcCollum04	ngeiling
BettyMcCollum04	GoParks
BettyMcCollum04	blkahn
BettyMcCollum04	NRDCWater
BettyMcCollum04	Zhirji28
BettyMcCollum04	greggiroux
BettyMcCollum04	TPM
BettyMcCollum04	unionadvocate
daveloebsack	RepCheri
daveloebsack	RepRyanCostello
daveloebsack	BarackObama
daveloebsack	USDA
daveloebsack	IowaPork
daveloebsack	CBJournal
daveloebsack	ACSCANIowa
daveloebsack	HawkeyeCaucus
daveloebsack	MiSs_SuE22
daveloebsack	PaigeBBrewer
daveloebsack	therealkuzco
daveloebsack	iowapca
daveloebsack	IASB_Iowa
daveloebsack	CHCofSouthernIA
daveloebsack	CoachParkinson
daveloebsack	CSCCancerPolicy
daveloebsack	pharmacists
daveloebsack	zjmodi
daveloebsack	EmilySkor
daveloebsack	SPPorg
daveloebsack	LeeCountyEDG
daveloebsack	rogerriley
daveloebsack	WGEM
RepRoybalAllard	RepJackyRosen
RepRoybalAllard	RepJayapal
RepRoybalAllard	RepHastingsFL
RepRoybalAllard	RepKClark
RepRoybalAllard	RepLoisFrankel
RepRoybalAllard	RepKarenBass
RepRoybalAllard	NormaJTorres
RepRoybalAllard	RepDavidEPrice
RepRoybalAllard	repjoecrowley
RepRoybalAllard	DorisMatsui
RepRoybalAllard	RepHankJohnson
RepRoybalAllard	janschakowsky
RepRoybalAllard	RepGwenMoore
RepRoybalAllard	RosLehtinen
RepRoybalAllard	HispanicCaucus
RepRoybalAllard	USProgressives
RepRoybalAllard	wrcommission
RepRoybalAllard	MomsRising
RepRoybalAllard	MamasConPoder
RepRoybalAllard	WomenBelong
RepRoybalAllard	HouseDemWomen
RepRoybalAllard	PPAPLAC
RepRoybalAllard	FCNLJustice
RepRoybalAllard	DowneyUnified
RepRoybalAllard	AARPCA
RepRoybalAllard	WCPInst
RepRoybalAllard	norfoxchem
RepRoybalAllard	NLIRH
RepRoybalAllard	NIJC
RepRoybalAllard	CTEWorks
RepRoybalAllard	roycebmurray
RepRoybalAllard	GregChenAILA
RepRoybalAllard	AmericasVoice
RepRoybalAllard	ADMZukunft
RepRoybalAllard	FEMA_Brock
RepRoybalAllard	HSLegFund
RepRoybalAllard	_HorsesForLife
RepRoybalAllard	UCLAadvocacy
RepRoybalAllard	PublicHealth
RepRoybalAllard	NPHW
RepRoybalAllard	ABC7
RepRoybalAllard	CHCI
RepJeffries	NydiaVelazquez
RepJeffries	RepTedDeutch
RepJeffries	HouseDemocrats
RepJeffries	PaulBegala
RepJaredPolis	RepTedLieu
RepJaredPolis	RepJoeKennedy
RepJaredPolis	NitaLowey
RepJaredPolis	BobbyScott
RepJaredPolis	RepPerlmutter
RepJaredPolis	HispanicCaucus
RepJaredPolis	OfficialCBC
RepJaredPolis	edworkforcedems
RepJaredPolis	HouseNewDems
RepJaredPolis	LGBTEqCaucus
RepJaredPolis	USProgressives
RepJaredPolis	NARAL
RepJaredPolis	nowthisnews
RepJaredPolis	BuzzFeedNews
RepJaredPolis	HRC
RepJaredPolis	EnvAm
RepJaredPolis	CorryWestbrook
RepJaredPolis	SenatorBaldwin
RepJaredPolis	NARALColorado
RepJaredPolis	CatherineLhamon
RepJaredPolis	NatlParkService
RepJaredPolis	NASA
RepJaredPolis	BeingAlexP
RepJaredPolis	EnvironmentCO
RepCicilline	USRepKCastor
RepCicilline	RepLoisFrankel
RepCicilline	RepDanKildee
RepCicilline	RepJeffries
RepCicilline	RepRichardNeal
RepCicilline	RepAdamSchiff
RepCicilline	NancyPelosi
RepCicilline	RepTimRyan
RepCicilline	HouseDemocrats
RepCicilline	RepLloydDoggett
RepCicilline	davidcicilline
RepCicilline	SenSchumer
RepCicilline	KamalaHarris
RepCicilline	HouseDPCC
RepCicilline	TeamUSA
RepCicilline	JoeBiden
RepCicilline	SenSherrodBrown
RepCicilline	SenatorBaldwin
RepCicilline	WIRED
RepCicilline	SenWhitehouse
RepCicilline	DickDurbin
RepCicilline	SenBrianSchatz
RepCicilline	RhodeIslandEMA
RepRichardNeal	RepMcGovern
RepRichardNeal	RepJohnLarson
RepRichardNeal	ricardorossello
RepRichardNeal	HouseDemocrats
RepRichardNeal	EnergyCommerce
RepRichardNeal	edworkforcedems
RepRichardNeal	WaysMeansCmte
RepRichardNeal	MassGovernor
RepRichardNeal	ayah_roda
RepRichardNeal	mayitaalcaldesa
RepRichardNeal	JayAshEOHED
RepRichardNeal	SpfldMuseums
RepRichardNeal	JohnFasoNy
RepRichardNeal	ShannonYoung413
RepRichardNeal	wgbhnews
RepRichardNeal	teammoulton
RepRichardNeal	MassEMA
RepSusanDavis	RepBRochester
RepSusanDavis	edworkforcedems
RepSusanDavis	TiBinational
RepSusanDavis	Cal_Humanities
GKButterfield	RepMcEachin
GKButterfield	Clyburn
GKButterfield	RepDavidEPrice
GKButterfield	HeardontheHill
GKButterfield	OfficialCBC
GKButterfield	EnergyCommerce
GKButterfield	NVconservation
GKButterfield	TalkPoverty
GKButterfield	SallyQYates
GKButterfield	USDA
GKButterfield	BermudaPremier
GKButterfield	TheRevAl
GKButterfield	NRDCWater
GKButterfield	TimABC11
GKButterfield	FleshmanKaren
GKButterfield	uncfsu
GKButterfield	anthonyfoxx
GKButterfield	EastCarolina
GKButterfield	EJSbrocco
GKButterfield	NCmuseumhistory
GKButterfield	rubenharris
GKButterfield	isisdill22
GKButterfield	frederikg191
GKButterfield	shiringhaffary
GKButterfield	ReginaWalton
GKButterfield	tim_cook
GKButterfield	The107_hbcu
GKButterfield	NCDemParty
GKButterfield	DiverseTriangle
GKButterfield	NCCHCAOnline
GKButterfield	Recode
GKButterfield	Sarah_Willets
GKButterfield	ncbio
GKButterfield	corey_friedman
GKButterfield	verge
GKButterfield	HuffPost
GKButterfield	thedailybeast
GKButterfield	PiedmontEMC
GKButterfield	InnovateNC
GKButterfield	DurhamNC
GKButterfield	CityofDurhamNC
GKButterfield	NCCourts
GKButterfield	WilsonNC
GKButterfield	telegramreports
GKButterfield	LawyersComm
GKButterfield	healthcentral
GKButterfield	lindsemcpherson
GKButterfield	DukeGovRel
GKButterfield	DukeWBB
GKButterfield	NCDOR
GKButterfield	NAACP_LDF
GKButterfield	NCCU
GKButterfield	MekaWill_
GKButterfield	MarvinEAdams
GKButterfield	kim_yaman
GKButterfield	SpectacularMag
RepRickLarsen	RepAdamSchiff
RepRickLarsen	HouseNewDems
RepRickLarsen	BarackObama
RepRickLarsen	librarycongress
RepRickLarsen	AP
RepRickLarsen	DenmarkinUSA
RepRickLarsen	ianbremmer
RepRickLarsen	BoeingDefense
RepRickLarsen	wforcesnohomish
RepRickLarsen	UWAthletics
RepRickLarsen	UW_Rowing
RepRickLarsen	pac12
RepRickLarsen	ChuBailiang
RepRickLarsen	RowingArchives
RepRickLarsen	TTDAFLCIO
RepRickLarsen	Hilary_FranzCPL
RepRickLarsen	smallUAVs
RepRickLarsen	WA_Marysville
RepRickLarsen	HASCDemocrats
RepRickLarsen	The_UnSilent_
RepRickLarsen	WNEUniversity
RepRickLarsen	MBAKS_Voice
RepRickLarsen	SanJuanCountyWA
RepRickLarsen	devine_don
RepRickLarsen	istegemoeller
RepRickLarsen	OBUBC
RepRickLarsen	brigurciullo
RepRickLarsen	amazon_policy
RepRickLarsen	FlyingWithSara
RepRickLarsen	WSU_Cougar_Pres
RepRickLarsen	Reuvencarlyle
RepRickLarsen	UTCpolicy
RepRickLarsen	nprscottsimon
RepRickLarsen	jonathan4ny
RepRickLarsen	sea_lect
RepRickLarsen	joelconnelly
RepRickLarsen	jemelehill
RepRickLarsen	AdamSchefter
RepRickLarsen	TIME
RepRickLarsen	ussoccer_wnt
RepRickLarsen	NCUSCR
RepRickLarsen	WNEULaw
RepRickLarsen	eiais
RepRickLarsen	row2k
RepRickLarsen	jasonrantz
RepRickLarsen	AlisonForKY
RepRickLarsen	MarkHertling
RepRickLarsen	bcondotta
RepRickLarsen	seattlepi
RepRickLarsen	MyCommTrans
RepRickLarsen	NFTC
RepRickLarsen	WindermereCup
RepRickLarsen	Lawrence
RepRickLarsen	TonyAustin_10
RepMcNerney	RepRaskin
RepMcNerney	RepTerriSewell
RepMcNerney	WhipHoyer
RepMcNerney	NancyPelosi
RepMcNerney	CaucusOnClimate
RepMcNerney	LCVoters
RepMcNerney	EnergyCommerce
RepMcNerney	SEEC
RepMcNerney	VetAffairsDems
RepMcNerney	SciCmteDems
RepMcNerney	1a
RepMcNerney	MichaelDTubbs
RepMcNerney	JohnHendel
RepMcNerney	SfNtweets
RepMcNerney	alexbreitler
RepMcNerney	D_townStockton
RepJohnYarmuth	CongressmanRaja
RepJohnYarmuth	RepRaskin
RepJohnYarmuth	RepBonnie
RepJohnYarmuth	RepDeSaulnier
RepJohnYarmuth	USRepKCastor
RepJohnYarmuth	RepBeatty
RepJohnYarmuth	repmarkpocan
RepJohnYarmuth	RepBillFoster
RepJohnYarmuth	RepEsty
RepJohnYarmuth	RepDanKildee
RepJohnYarmuth	RepSwalwell
RepJohnYarmuth	BettyMcCollum04
RepJohnYarmuth	RepRichardNeal
RepJohnYarmuth	NormaJTorres
RepJohnYarmuth	NitaLowey
RepJohnYarmuth	RepJudyChu
RepJohnYarmuth	NydiaVelazquez
RepJohnYarmuth	RepCohen
RepJohnYarmuth	rosadelauro
RepJohnYarmuth	RepTedDeutch
RepJohnYarmuth	RepMikeQuigley
RepJohnYarmuth	RepGutierrez
RepJohnYarmuth	janschakowsky
RepJohnYarmuth	RepGregoryMeeks
RepJohnYarmuth	repblumenauer
RepJohnYarmuth	NancyPelosi
RepJohnYarmuth	HouseDemocrats
RepJohnYarmuth	RepLloydDoggett
RepJohnYarmuth	VetAffairsDems
RepJohnYarmuth	HouseBudgetDems
RepJohnYarmuth	BuzzFeedNews
RepJohnYarmuth	AM2DM
RepJohnYarmuth	bpshow
RepJohnYarmuth	FoxNews
RepJohnYarmuth	MetroUnitedWay
RepJohnYarmuth	KYACTE
RepJohnYarmuth	JCPSYouth
RepJohnYarmuth	LouForward
RepJohnYarmuth	joesonka
RepJohnYarmuth	KentuckyDerby
RepTerriSewell	RepSarbanes
RepTerriSewell	NULpolicy
RepTerriSewell	SenBooker
RepTerriSewell	NMAAHC
RepTerriSewell	tcss_schools
RepTerriSewell	SenDougJones
RepSarbanes	repjohnlewis
RepSarbanes	HouseDemocrats
RepSarbanes	CBSNews
RepSarbanes	Recode
RepSarbanes	CNBC
RepSarbanes	GeorgetownLaw
RepSarbanes	House_DRTF
RepSarbanes	heliaebrahimi
RepSarbanes	InvestigateRU
RepSarbanes	matthewstoller
RepSarbanes	MarylandPIRG
RepSarbanes	ReverbPress
RepSarbanes	ThePlumLineGS
RepSarbanes	akarl_smith
RepSarbanes	cspanradio
RepSarbanes	RonicaCleary
RepSarbanes	wbaltv11
RepSarbanes	EllenLWeintraub
SupJaniceHahn	AGBecerra
SupJaniceHahn	LASDHQ
SupJaniceHahn	KamalaHarris
SupJaniceHahn	EveryoneIn_LA
SupJaniceHahn	LAUnitedWay
SupJaniceHahn	metrolosangeles
SupJaniceHahn	LACountyLibrary
SupJaniceHahn	DailyBreezeNews
SupJaniceHahn	CountyofLA
SupJaniceHahn	CDCgov
SupJaniceHahn	clayton_kazan
SupJaniceHahn	kathrynbarger
SupJaniceHahn	NorwalkLASD
SupJaniceHahn	LongBeachCity
SupJaniceHahn	211LACounty
SupJaniceHahn	LACountyCEO
SupJaniceHahn	CalHospitals
SupJaniceHahn	LACountyArts
SupJaniceHahn	Everytown
SupJaniceHahn	AsmMikeGipson
SupJaniceHahn	lapublichealth
SupJaniceHahn	PortofLA
SupJaniceHahn	lasouthbaynews
SupJaniceHahn	lacdbh
SupJaniceHahn	LongBeachPost
SupJaniceHahn	SheilaKuehl
SupJaniceHahn	US_IMLS
SupJaniceHahn	USParalympics
SupJaniceHahn	LACoLifeguards
RepLindaSanchez	RepCarbajal
RepLindaSanchez	RepJimmyPanetta
RepLindaSanchez	RepStephMurphy
RepLindaSanchez	RepTedLieu
RepLindaSanchez	RepLawrence
RepLindaSanchez	RepJuanVargas
RepLindaSanchez	repmarkpocan
RepLindaSanchez	RepLoisFrankel
RepLindaSanchez	RepVeasey
RepLindaSanchez	RepSchneider
RepLindaSanchez	RepEsty
RepLindaSanchez	RepJoeKennedy
RepLindaSanchez	RepLowenthal
RepLindaSanchez	RepMarkTakano
RepLindaSanchez	RepRoybalAllard
RepLindaSanchez	RepJohnYarmuth
RepLindaSanchez	RepMaloney
RepLindaSanchez	RepBarbaraLee
RepLindaSanchez	RepMcGovern
RepLindaSanchez	RepKarenBass
RepLindaSanchez	NormaJTorres
RepLindaSanchez	RepAndreCarson
RepLindaSanchez	RepJudyChu
RepLindaSanchez	gracenapolitano
RepLindaSanchez	rosadelauro
RepLindaSanchez	RepTedDeutch
RepLindaSanchez	repjoecrowley
RepLindaSanchez	RepJohnLarson
RepLindaSanchez	repbenraylujan
RepLindaSanchez	NancyPelosi
RepLindaSanchez	HispanicCaucus
RepLindaSanchez	DemsEspanol
RepLindaSanchez	HouseDemocrats
RepLindaSanchez	NILC_org
RepLindaSanchez	nwlc
RepLindaSanchez	RoKhanna
RepLindaSanchez	RepJimmyGomez
RepLindaSanchez	VetAffairsDems
RepLindaSanchez	CAPAction
RepLindaSanchez	WaysMeansCmte
RepLindaSanchez	davidhogg111
RepLindaSanchez	MClyburnFCC
RepLindaSanchez	CongBoyle
RepLindaSanchez	SenTinaSmith
RepLindaSanchez	CDrakeFairTrade
RepLindaSanchez	CollegeCareerCt
RepLindaSanchez	GRAMMYAdvocacy
RepLindaSanchez	InsulatorsUnion
RepLindaSanchez	CahnEmily
RepLindaSanchez	GoogleDoodles
RepLindaSanchez	ProtectOurCare
RepLindaSanchez	ALZGLA
RepLindaSanchez	UsAgainstAlz
RepLindaSanchez	glamourmag
RepLindaSanchez	CAtradejustice
RepLindaSanchez	CERLASD
RepStephenLynch	nikiinthehouse
RepStephenLynch	OversightDems
RepStephenLynch	HeraldRadio
RepStephenLynch	KimberlyEAtkins
RepStephenLynch	wgbhnews
RepStephenLynch	WCVB
Call_Me_Dutch	RepRaskin
Call_Me_Dutch	RepStephMurphy
Call_Me_Dutch	RepDebDingell
Call_Me_Dutch	RepDonBeyer
Call_Me_Dutch	RepBarbaraLee
Call_Me_Dutch	BennieGThompson
Call_Me_Dutch	RepMikeQuigley
Call_Me_Dutch	WhipHoyer
Call_Me_Dutch	HouseDemocrats
Call_Me_Dutch	Nextgov
Call_Me_Dutch	BarackObama
Call_Me_Dutch	AARPMD
Call_Me_Dutch	OversightDems
Call_Me_Dutch	POLITICOPro
Call_Me_Dutch	Joseph_Marks_
Call_Me_Dutch	MarylandPIRG
Call_Me_Dutch	Orioles
Call_Me_Dutch	FederalTimes
Call_Me_Dutch	NGA_GEOINT
Call_Me_Dutch	wbalradio
Call_Me_Dutch	BACOPoliceFire
Call_Me_Dutch	leagueofcities
Call_Me_Dutch	SecArmy
Call_Me_Dutch	NASRO_Info
Call_Me_Dutch	ChrisVanHollen
Call_Me_Dutch	indivisible410
Call_Me_Dutch	DrLeanaWen
Call_Me_Dutch	CharlieCookDC
Call_Me_Dutch	NACoTweets
RepBobbyRush	RepBarbaraLee
RepBobbyRush	janschakowsky
RepBobbyRush	NancyPelosi
RepBobbyRush	HouseDemocrats
RepBobbyRush	EnergyCommerce
RepBobbyRush	voxdotcom
RepBobbyRush	ABC
RepBobbyRush	Eugene_Scott
RepBobbyRush	CQnow
RepBobbyRush	TimABC11
RepBobbyRush	Recode
RepBobbyRush	TheJudgeHatchet
RepBobbyRush	sfornek
RepBobbyRush	TSlafsky
RepBobbyRush	UCCancerCenter
RepBobbyRush	thedude_snc
RepBobbyRush	nicolekarlis
RepBobbyRush	AlexGangitano
RepBobbyRush	MicahGrimes
RepBobbyRush	lynnsweet
RepBobbyRush	NewsHour
RepBobbyRush	Dr_CMGreer
RepBobbyRush	ILHousing
RepBobbyRush	FHFA
RepThompson	RepTedDeutch
RepThompson	NancyPelosi
RepThompson	HouseDemocrats
RepThompson	cmarinucci
RepThompson	cspanwj
RepThompson	WaysMeansCmte
RepThompson	abc7newsbayarea
RepThompson	ABC
RepThompson	kentphotos
RepThompson	CSAC_Counties
RepThompson	LifeLongMedCare
RepLoisCapps	RepDonBeyer
RepLoisCapps	repmarkpocan
RepLoisCapps	RepLoisFrankel
RepLoisCapps	RepVeasey
RepLoisCapps	RepLujanGrisham
RepLoisCapps	RepDanKildee
RepLoisCapps	RepBera
RepLoisCapps	RepSwalwell
RepLoisCapps	RepCummings
RepLoisCapps	daveloebsack
RepLoisCapps	RepJimCosta
RepLoisCapps	RepMarciaFudge
RepLoisCapps	rosadelauro
RepLoisCapps	louiseslaughter
RepLoisCapps	RepJohnLarson
RepLoisCapps	repjohnlewis
RepLoisCapps	RepRaulGrijalva
RepLoisCapps	NancyPelosi
RepLoisCapps	RepDaveJoyce
RepLoisCapps	HouseDemocrats
RepLoisCapps	AACNPolicy
RepLoisCapps	EnergyCommerce
RepLoisCapps	HRC
RepLoisCapps	CoveredCA
RepLoisCapps	sarahdwire
RepLoisCapps	vcstar
RepLoisCapps	HuffPostBlog
RepLoisCapps	ANANursingWorld
RepLoisCapps	MaxineWaters
RepLoisCapps	seculardotorg
RepLoisCapps	JanelAGeorge
RepLoisCapps	YvetteClarke
RepLoisCapps	WhiteHouse
RepZoeLofgren	RepKihuen
RepZoeLofgren	RepCarbajal
RepZoeLofgren	RepPeteAguilar
RepZoeLofgren	USRepKCastor
RepZoeLofgren	RepRobinKelly
RepZoeLofgren	repmarkpocan
RepZoeLofgren	RepBetoORourke
RepZoeLofgren	RepBillFoster
RepZoeLofgren	RepHuffman
RepZoeLofgren	RepEsty
RepZoeLofgren	RepMarkTakano
RepZoeLofgren	RepRoybalAllard
RepZoeLofgren	RepCicilline
RepZoeLofgren	RepJohnYarmuth
RepZoeLofgren	RepSarbanes
RepZoeLofgren	RepMcGovern
RepZoeLofgren	RepCuellar
RepZoeLofgren	RepJudyChu
RepZoeLofgren	NydiaVelazquez
RepZoeLofgren	rosadelauro
RepZoeLofgren	RepTedDeutch
RepZoeLofgren	repjoecrowley
RepZoeLofgren	BennieGThompson
RepZoeLofgren	BillPascrell
RepZoeLofgren	RepJohnLarson
RepZoeLofgren	RepJerryNadler
RepZoeLofgren	RepMaxineWaters
RepZoeLofgren	repsandylevin
RepZoeLofgren	RepSpeier
RepZoeLofgren	WhipHoyer
RepZoeLofgren	JimLangevin
RepZoeLofgren	NancyPelosi
RepZoeLofgren	JimPressOffice
RepZoeLofgren	HispanicCaucus
RepZoeLofgren	HouseDemocrats
RepZoeLofgren	OfficialCBC
RepZoeLofgren	LGBTEqCaucus
RepZoeLofgren	FWD_us
RepZoeLofgren	AlexLimonNews
RepZoeLofgren	TeamPelosi
RepZoeLofgren	HouseAdm_Dems
RepZoeLofgren	EngineOrg
RepZoeLofgren	HouseJudDems
RepZoeLofgren	OversightDems
RepZoeLofgren	salnews
RepZoeLofgren	CNNSitRoom
RepZoeLofgren	SenSchumer
RepZoeLofgren	tictoc
RepZoeLofgren	Everytown
RepZoeLofgren	shrivercenter
RepZoeLofgren	CAFoodBanks
RepZoeLofgren	Interior
RepZoeLofgren	EIB_Podcast
RepZoeLofgren	LATpoliticsCA
RepZoeLofgren	RanaSarkar_
RepZoeLofgren	SF_Chamber
RepZoeLofgren	ShlomiKofman
RepZoeLofgren	ARAMAC_DC
RepZoeLofgren	techdirt
RepZoeLofgren	JakeLaperruque
RepZoeLofgren	JuanSaaa
RepZoeLofgren	OpenSecretsDC
RepZoeLofgren	EFF
RepZoeLofgren	CallerBetty
RepZoeLofgren	GeorgeanneUsova
RepZoeLofgren	CETWorks
RepZoeLofgren	SantaClaraUniv
RepZoeLofgren	KevZwick
RepZoeLofgren	sanjoseinside
RepZoeLofgren	jwaggo
RepZoeLofgren	JECDems
RepZoeLofgren	GERONIMO__GF
RepRichmond	RepJohnYarmuth
RepRichmond	WhipHoyer
RepRichmond	HouseJudiciary
RepRichmond	HouseDemocrats
RepRichmond	OfficialCBC
RepRichmond	edworkforcedems
RepRichmond	nwlc
RepRichmond	CNNTonight
RepRichmond	ACLU
RepRichmond	fema
RepRichmond	NMAAHC
RepRichmond	WGNOtv
RepRichmond	NickAlbares
RepRichmond	NOMetRealtors
RepRichmond	NWSNewOrleans
RepRichmond	notribune
RepRichmond	LADeptHealth
RepRichmond	brendankrose
RepRichmond	nationalcouncil
RepMaloney	RepRoKhanna
RepMaloney	RepTimWalz
RepMaloney	RepDanKildee
RepMaloney	RepCummings
RepMaloney	repjoecrowley
RepMaloney	HouseDemocrats
RepMaloney	CAPAC
RepMaloney	SenWarren
RepMaloney	OversightDems
RepMaloney	dberrygannett
RepMaloney	NationalNOW
RepMaloney	vanitaguptaCR
RepMaloney	hansilowang
RepMaloney	morethanmySLE
RepMaloney	FemMajority
RepMaloney	MajoritySpeaks
RepMaloney	MariaEDurazo
RepMaloney	emmaboorboor
RepMaloney	NCJWCEO
RepMaloney	AAUW
RepMaloney	BrianKavanaghNY
RepMaloney	augustinamills
RepMaloney	JLLou_President
RepMaloney	KatieShuck
RepMaloney	julie_siebel
RepMaloney	thenyjl
RepMaloney	ActionCorpsNYC
RepMaloney	AlliedProgress
RepMaloney	TedKnutsonDC
RepMaloney	DavidWright_CNN
RepMaloney	StopTheDebtTrap
RepMaloney	edmpirg
RepPeterDeFazio	TransportDems
RepPeterDeFazio	NPR
RepPeterDeFazio	USCapitolTree
RepPeterDeFazio	transportdems
RepPeterDeFazio	uoregon
SanfordBishop	RepJohnLarson
SanfordBishop	rep_stevewomack
SanfordBishop	SpeakerRyan
SanfordBishop	OfficialCBC
SanfordBishop	SBGC2C
SanfordBishop	HouseBlueDogs
SanfordBishop	USDA
SanfordBishop	fema
SanfordBishop	GCSMathEdLeader
SanfordBishop	FaithPepp
SanfordBishop	AlzGA
SanfordBishop	SecretarySonny
SanfordBishop	StriplingPark
SanfordBishop	scottunitedway
SanfordBishop	navicenthealth
SanfordBishop	BlueStarFamily
RepAnnaEshoo	RepRoKhanna
RepAnnaEshoo	RepJimmyPanetta
RepAnnaEshoo	RepStephMurphy
RepAnnaEshoo	RepDonBeyer
RepAnnaEshoo	PeterWelch
RepAnnaEshoo	RepLoisFrankel
RepAnnaEshoo	RepJoeKennedy
RepAnnaEshoo	RepMarcyKaptur
RepAnnaEshoo	RepMaloney
RepAnnaEshoo	RepMcGovern
RepAnnaEshoo	RepTedDeutch
RepAnnaEshoo	USRepMikeDoyle
RepAnnaEshoo	DorisMatsui
RepAnnaEshoo	repjohnlewis
RepAnnaEshoo	NancyPelosi
RepAnnaEshoo	SusanWBrooks
RepAnnaEshoo	EnergyCommerce
RepAnnaEshoo	SenMarkey
RepAnnaEshoo	AlexLimonNews
RepAnnaEshoo	nowthisnews
RepAnnaEshoo	nytimes
RepAnnaEshoo	BuzzFeedNews
RepAnnaEshoo	voxdotcom
RepAnnaEshoo	CBSNews
RepAnnaEshoo	abc7newsbayarea
RepAnnaEshoo	CoveredCA
RepAnnaEshoo	JRosenworcel
RepAnnaEshoo	ProChoiceCaucus
RepAnnaEshoo	politico
RepAnnaEshoo	peoplefor
RepAnnaEshoo	MClyburnFCC
RepAnnaEshoo	Recode
RepAnnaEshoo	JohnHendel
RepAnnaEshoo	mikeofcc
RepAnnaEshoo	EdwardJGraham1
RepAnnaEshoo	DKambUSA
RepAnnaEshoo	rachaelmyrow
RepAnnaEshoo	TedrickG
RepAnnaEshoo	cspanbus
RepAnnaEshoo	gigibsohn
RepAnnaEshoo	thebradsmith
RepAnnaEshoo	GuyMarzorati
RepAnnaEshoo	AcadRad
RepAnnaEshoo	paloaltoweekly
RepAnnaEshoo	FoothillPrez
RepAnnaEshoo	mvvoice
RepAnnaEshoo	JessiDG
RepAnnaEshoo	bcbeat
RepAnnaEshoo	NASAAmes
RepAnnaEshoo	connectednation
RepAnnaEshoo	AllianceCBRN
RepAnnaEshoo	LosAltosPD
RepAnnaEshoo	thaoleatherman
RepAnnaEshoo	SonuRatra
RepAnnaEshoo	SAPsv
RepAnnaEshoo	NetCaucusAC
RepAnnaEshoo	nbcbayarea
RepAnnaEshoo	USATODAY
RepAnnaEshoo	WashTimesOpEd
RepAnnaEshoo	GetUSCovered
RepAnnaEshoo	60Minutes
RepAnnaEshoo	jimmphillipsdc
RepBarbaraLee	RepDanKildee
RepBarbaraLee	RepSwalwell
RepBarbaraLee	GKButterfield
RepBarbaraLee	RepBobbyRush
RepBarbaraLee	repjoecrowley
RepBarbaraLee	RepDianaDeGette
RepBarbaraLee	janschakowsky
RepBarbaraLee	EleanorNorton
RepBarbaraLee	NancyPelosi
RepBarbaraLee	keithellison
RepBarbaraLee	RepTomEmmer
RepBarbaraLee	RepThomasMassie
RepBarbaraLee	HouseDemocrats
RepBarbaraLee	CaucusOnClimate
RepBarbaraLee	OfficialCBC
RepBarbaraLee	USProgressives
RepBarbaraLee	splcenter
RepBarbaraLee	civilrightsorg
RepBarbaraLee	SenWarren
RepBarbaraLee	MomsRising
RepBarbaraLee	cspanwj
RepBarbaraLee	jstreetdotorg
RepBarbaraLee	justinamash
RepBarbaraLee	AFLCIO
RepBarbaraLee	brhodes
RepBarbaraLee	NAACP
RepBarbaraLee	ACLU
RepBarbaraLee	ProChoiceCaucus
RepBarbaraLee	tim_cook
RepBarbaraLee	OurHomesVoices
RepBarbaraLee	MedicareGov
RepBarbaraLee	Guttmacher
RepBarbaraLee	UNESCO
RepBarbaraLee	Athletics
RepBarbaraLee	mehdirhasan
RepBarbaraLee	theintercept
RepBarbaraLee	collinrees
RepBarbaraLee	RandPaul
sethmoulton	nikiinthehouse
sethmoulton	JohnBrennan
sethmoulton	teammoulton
sethmoulton	golden4congress
sethmoulton	BrunoAmato_1
sethmoulton	adegrandpre
sethmoulton	AmyMcGrathKY
sethmoulton	WilmingtonMAPD
sethmoulton	cassiem0ren0
sethmoulton	talataman
sethmoulton	piersplatt
sethmoulton	mattcorridoni
sethmoulton	WestsideFireman
sethmoulton	BrendanFromMA
sethmoulton	Victoria_Ireton
RepJimCosta	DemsEspanol
nikiinthehouse	RepDonBeyer
nikiinthehouse	RepMcGovern
nikiinthehouse	RepMikeTurner
nikiinthehouse	HouseDemocrats
nikiinthehouse	RepAnthonyBrown
nikiinthehouse	NRDems
nikiinthehouse	StrausReform
nikiinthehouse	RadioBoston
nikiinthehouse	americanrivers
nikiinthehouse	OAK_Updates
nikiinthehouse	ALSAMA
nikiinthehouse	bronte_mcgarrah
nikiinthehouse	homebaseprogram
nikiinthehouse	Hanscom_AFB
nikiinthehouse	Servicewomen
nikiinthehouse	ProtectRDfnders
nikiinthehouse	andrewkinva
nikiinthehouse	DAMarianRyan
nikiinthehouse	TheArcofMass
nikiinthehouse	Em_Myron
nikiinthehouse	NashobaBrooks
nikiinthehouse	cgrisales
nikiinthehouse	CongSynopsis
nikiinthehouse	andclev
nikiinthehouse	TheMDSC
nikiinthehouse	Karen_Heymann
nikiinthehouse	495MWPtnership
nikiinthehouse	UMassLowell
nikiinthehouse	MountWachusett
nikiinthehouse	BGAlliance
nikiinthehouse	kmcgaghMWphoto
nikiinthehouse	cdempc
nikiinthehouse	DWGregoire
nikiinthehouse	patrickecook
RepMcGovern	RepAlLawsonJr
RepMcGovern	RepBRochester
RepMcGovern	RepMcEachin
RepMcGovern	CongressmanRaja
RepMcGovern	RepTedLieu
RepMcGovern	RepRubenGallego
RepMcGovern	RepKClark
RepMcGovern	RepRobinKelly
RepMcGovern	RepTimWalz
RepMcGovern	repmarkpocan
RepMcGovern	RepLoisFrankel
RepMcGovern	RepDanKildee
RepMcGovern	RepCummings
RepMcGovern	RepRichardNeal
RepMcGovern	RepMarciaFudge
RepMcGovern	RepDwightEvans
RepMcGovern	RepGutierrez
RepMcGovern	NancyPelosi
RepMcGovern	HouseDemocrats
RepMcGovern	HouseSBCDems
RepMcGovern	RulesDemocrats
RepMcGovern	RepLloydDoggett
RepMcGovern	TalkPoverty
RepMcGovern	MAZONusa
RepMcGovern	sustainableag
RepMcGovern	cheddar
RepMcGovern	HouseAgDems
RepMcGovern	RepAdams
RepMcGovern	FPAction
RepMcGovern	TLHumanRights
RepMcGovern	_MealsOnWheels
RepMcGovern	TheArcofMass
RepMcGovern	YouthHarbors
RepMcGovern	AlanaRDavidson
RepMcGovern	WorcCtyFoodBank
RepMcGovern	PatMLRI
RepMcGovern	CompactSNE
RepMcGovern	MassDHE
RepMcGovern	ClareCady
RepMcGovern	Eatthevotenow
RepMcGovern	HarvardCHLPI
RepMcGovern	mboteach
RepMcGovern	projectbread
RepMcGovern	bostonjonas
RepMcGovern	eshupin
RepMcGovern	sisterquincy
RepMcGovern	JasonLouMiller
RepMcGovern	Radha_Muthiah
RepMcGovern	LeeAnnElse
RepMcGovern	alexlondongross
RepMcGovern	delgadodaphne
RepMcGovern	ndeluhery
RepMcGovern	HaleysFoodFeed
RepMcGovern	PHAnews
RepMcGovern	chandlerjwalsh
RepMcGovern	CharterGov
RepMcGovern	WorcCountyBar
RepMcGovern	NCDAonline
RepMcGovern	FoodBankWMA
RepMcGovern	AmherstSurvival
RepMcGovern	bread4theworld
RepMcGovern	HungerFreeCtr
RepMcGovern	Witnesses_Natl
RepMcGovern	JamieEldridgeMA
RepMcGovern	ElizabethCahn
RepMcGovern	KPolanowicz
RepMcGovern	LizWolkomir
RepMcGovern	CenterOnBudget
RepMcGovern	FarmPolicy
RepMcGovern	AFTunion
RepMcGovern	CBSEveningNews
RepYvetteClarke	RepDarrenSoto
RepYvetteClarke	RepRobinKelly
RepYvetteClarke	RepMaloney
RepYvetteClarke	RepAnnaEshoo
RepYvetteClarke	NancyPelosi
RepYvetteClarke	HouseSBCDems
RepYvetteClarke	EnergyCommerce
RepYvetteClarke	RepJimmyGomez
RepYvetteClarke	NYCFirstLady
RepYvetteClarke	ACLU
RepYvetteClarke	Eugene_Scott
RepYvetteClarke	NGLCC
RepYvetteClarke	MClyburnFCC
RepYvetteClarke	ava
RepYvetteClarke	Zjlord
RepYvetteClarke	mkumib
RepYvetteClarke	mmconthehill
RepYvetteClarke	InternetAssn
RepYvetteClarke	KamilleKStewart
RepYvetteClarke	TheBKReader
RepYvetteClarke	NewsatMedgar
RepYvetteClarke	NYCMayor
RepYvetteClarke	emarvelous
RepYvetteClarke	fetzer_paige
RepYvetteClarke	CrisTurnerDC
RepKarenBass	thehill
RepKarenBass	CNN
RepKarenBass	MSNBC
RepKarenBass	hardball
RepKarenBass	NewDay
RepKarenBass	TIME
RepKarenBass	abc7adrienne
RepKarenBass	IFC
RepKarenBass	CapehartJ
RepKarenBass	CNNSotu
USRepRHinojosa	NancyPelosi
USRepRHinojosa	monitornews
JohnCarneyDE	DETourismPR
JohnCarneyDE	SecretaryDE
JohnCarneyDE	DelawareTourism
JohnCarneyDE	delbiz
JohnCarneyDE	Delaware_DHSS
JohnCarneyDE	delaware_gov
JohnCarneyDE	DelawareDOT
JohnCarneyDE	DEDeptofEd
JohnCarneyDE	DELibraries
JohnCarneyDE	FoodBankofDE
JohnCarneyDE	DataDelawareGov
JohnCarneyDE	DeldigiKNOW
JohnCarneyDE	UDBlueHens
JohnCarneyDE	NLESPrincipal
JohnCarneyDE	LtGovHall_Long
NormaJTorres	RepMcGovern
NormaJTorres	HouseNewDems
NormaJTorres	thebeatdc
NormaJTorres	latimes
NormaJTorres	DalaiLama
NormaJTorres	nytimes
NormaJTorres	SenFeinstein
NormaJTorres	SenatorCarper
NormaJTorres	thinkprogress
NormaJTorres	Pontifex
NormaJTorres	CoveredCA
NormaJTorres	ncaied
NormaJTorres	inlandempireus
NormaJTorres	flyONT
NormaJTorres	KeepYourHomeCA
NormaJTorres	IEUAwater
NormaJTorres	UniNoticias
NormaJTorres	CityofFontanaCA
NormaJTorres	NEMAupdates
NormaJTorres	911LAPD
NormaJTorres	Center4Native
NormaJTorres	RialtoPolice
NormaJTorres	CityofPomona
NormaJTorres	SCE
NormaJTorres	readyontario
NormaJTorres	PilyLooney1
NormaJTorres	SFBusinessTimes
NormaJTorres	breakingweather
NormaJTorres	davideryu
NormaJTorres	PasStarNews
NormaJTorres	CityofOntario
NormaJTorres	sbcountysheriff
NormaJTorres	ElenaGlez_
NormaJTorres	RickSforza
NormaJTorres	UNHumanRights
NormaJTorres	BuzzFeed
RepHanabusa	TulsiPress
RepHanabusa	RepCummings
RepHanabusa	RepRoybalAllard
RepHanabusa	RepBarbaraLee
RepHanabusa	RepJudyChu
RepHanabusa	repjoecrowley
RepHanabusa	NatResources
RepHanabusa	HispanicCaucus
RepHanabusa	HouseDemocrats
RepHanabusa	OfficialCBC
RepHanabusa	VetAffairsDems
RepHanabusa	maziehirono
RepHanabusa	SenDuckworth
RepHanabusa	AAAJ_AAJC
RepHanabusa	CivilDefenseHI
RepHanabusa	MayorHarryKim
RepHanabusa	USGSVolcanoes
RepHanabusa	USGS
RepHanabusa	DOTHawaii
RepHanabusa	HawaiiRedCross
RepHanabusa	bigislandnews
RepHanabusa	HawaiiTAG
RepHanabusa	HIDOE808
RepHanabusa	traciglee
RepHanabusa	HawaiiNewsNow
RepHanabusa	AirQualityAsia
RepHanabusa	ShaziaZRafi
RepHanabusa	uhmanoa
RepHanabusa	MiliLaff
RepHanabusa	femaregion9
RepHanabusa	Mahealani
RepWilson	BobbyScott
RepWilson	repjohnlewis
RepWilson	NancyPelosi
RepWilson	TeamPelosi
RepWilson	kylegriffin1
RepWilson	SRuhle
RepWilson	NMAAHC
RepWilson	AishaYesufu
RepWilson	BukkyShonibare
RepWilson	parazopt
RepWilson	BBOG_Nigeria
RepWilson	CityofMiaGarden
RepWilson	MiamiDadePD
RepWilson	FlorenceOzor
RepWilson	akasorority1908
RepWilson	UN_Women
RepWilson	PowerRising18
RepWilson	JaredRosenstein
USRepKeating	HRC
USRepKeating	TheArcofMass
USRepKeating	asbpa
USRepKeating	1199mass
USRepKeating	HN_TG_Editor
USRepKeating	HanoverFire
USRepKeating	DuxAthletics
USRepKeating	FalmouthL1397
USRepKeating	SeasideLeMans
USRepKeating	DONGEnergyUS
USRepKeating	EversourceMA
USRepKeating	hylinecruises
USRepKeating	Readygov
USRepKeating	PlymptonFire
JoaquinCastrotx	RepTerriSewell
JoaquinCastrotx	RepMcGovern
JoaquinCastrotx	RepCohen
JoaquinCastrotx	HispanicCaucus
JoaquinCastrotx	latimes
JoaquinCastrotx	TUSK81
JoaquinCastrotx	thehill
JoaquinCastrotx	jaketapper
JoaquinCastrotx	sahilkapur
JoaquinCastrotx	KasieDC
JoaquinCastrotx	kylegriffin1
JoaquinCastrotx	stephenfhayes
JoaquinCastrotx	robertwolf32
JoaquinCastrotx	hardball
JoaquinCastrotx	RepGonzalez
JoaquinCastrotx	splinter_news
JoaquinCastrotx	SenBlumenthal
JoaquinCastrotx	Recode
JoaquinCastrotx	USATODAY
JoaquinCastrotx	JulianCastro
JoaquinCastrotx	JesseLehrich
JoaquinCastrotx	AriMelber
JoaquinCastrotx	jmartNYT
JoaquinCastrotx	JeremyBKENS5
JoaquinCastrotx	deray
JoaquinCastrotx	TexasTribune
JoaquinCastrotx	MiaFarrow
JoaquinCastrotx	ForeverLogical
JoaquinCastrotx	MrDanZak
JoaquinCastrotx	RonBrownstein
JoaquinCastrotx	wearemitu
JoaquinCastrotx	TheDailyShow
JoaquinCastrotx	BelleTimsit
JoaquinCastrotx	JapanEmbDC
JoaquinCastrotx	Vets4AmerIdeals
JoaquinCastrotx	FrankSharry
JoaquinCastrotx	christinawilkie
JoaquinCastrotx	jonfavs
JoaquinCastrotx	SamanthaJPower
JoaquinCastrotx	WilliamCOSUT71
JoaquinCastrotx	randybeamer
JoaquinCastrotx	RoqPlanas
JoaquinCastrotx	dlavine
JoaquinCastrotx	kurteichenwald
JoaquinCastrotx	_mariocarrillo_
JoaquinCastrotx	toddgillman
JoaquinCastrotx	sarahkendzior
JoaquinCastrotx	leylasantiago
JoaquinCastrotx	jciv
JoaquinCastrotx	RonaldKlain
JoaquinCastrotx	joshrogin
JoaquinCastrotx	ShaunKing
JoaquinCastrotx	matthewbrobbins
JoaquinCastrotx	Forrest4Trees
JoaquinCastrotx	NatashaBertrand
JoaquinCastrotx	DiegoBernalTX
JoaquinCastrotx	TheRoot
JoaquinCastrotx	JoshDorner
JoaquinCastrotx	KeeganNYC
JoaquinCastrotx	Menendez4Texas
JoaquinCastrotx	rosenbergerlm
JoaquinCastrotx	statesman
JoaquinCastrotx	HackneyAbbott
JoaquinCastrotx	radleybalko
JoaquinCastrotx	Campaign4Kids
JoaquinCastrotx	USASEANBusiness
JoaquinCastrotx	jamiedhancock
RepBrendanBoyle	nytimes
RepBrendanBoyle	SallyQYates
RepBrendanBoyle	votevets
RepBrendanBoyle	kylegriffin1
RepBrendanBoyle	kenvogel
RepBrendanBoyle	kasie
RepBrendanBoyle	JamesMartinSJ
RepBrendanBoyle	espn
RepBrendanBoyle	CongBoyle
RepBrendanBoyle	1Millennial_
RepBrendanBoyle	BrucePlatt1
RepBrendanBoyle	EricSchultz
RepBrendanBoyle	PennEnvironment
RepBrendanBoyle	sr_simone
RepBrendanBoyle	crampell
RepBrendanBoyle	matthewamiller
RepBrendanBoyle	DLeonhardt
RepBrendanBoyle	nicolecoey
RepBrendanBoyle	Phillies
RepBrendanBoyle	DanMulhall
RepBrendanBoyle	SBNation
RepBrendanBoyle	gehringdc
RepBrendanBoyle	andrewperloff
RepBrendanBoyle	Deadspin
RepBrendanBoyle	krystalball
RepBrendanBoyle	TempleDems
RepBrendanBoyle	movephlforward
RepBrendanBoyle	JonathanTamari
RepBrendanBoyle	NETimesOfficial
RepBrendanBoyle	ClearForPA
RepBrendanBoyle	AliLapp
RepBrendanBoyle	americamag
RepBrendanBoyle	BGInews
RepBrendanBoyle	ConservationPA
RepBrendanBoyle	betterbeerforme
RepBrendanBoyle	KNegandhiESPN
RepBrendanBoyle	chesapeakebay
NitaLowey	RepSeanMaloney
NitaLowey	RepMaloney
NitaLowey	RepYvetteClarke
NitaLowey	RepEliotEngel
NitaLowey	rosadelauro
NitaLowey	RepTedDeutch
NitaLowey	RepMikeQuigley
NitaLowey	OurOcean
NitaLowey	HouseDemWomen
NitaLowey	dberrygannett
NitaLowey	AppropsDems
NitaLowey	AlexGangitano
NitaLowey	kampeas
NitaLowey	kelmej
NitaLowey	WJCouncil
NitaLowey	AJCGlobal
NitaLowey	SusanCorke1
NitaLowey	tymilburn
NitaLowey	wcbs880
NitaLowey	RebeccaRKaplan
RepCuellar	HurdOnTheHill
RepCuellar	RosLehtinen
RepCuellar	VetAffairsDems
RepCuellar	HouseBlueDogs
RepCuellar	TheCHLI
RepCuellar	TexasCorn
RepCuellar	borderalliance
RepCuellar	EmbamexEUA
RepCuellar	RolandForTexas
RepCuellar	CityofLaredoTX
RepCuellar	SteveTaylorRGG
RepCuellar	JohnCornyn
RepAndreCarson	CongressmanRaja
RepAndreCarson	RepStephMurphy
RepAndreCarson	RepDanKildee
RepAndreCarson	RepAdamSchiff
RepAndreCarson	WhipHoyer
RepAndreCarson	NancyPelosi
RepAndreCarson	OfficialCBC
RepAndreCarson	DeanObeidallah
RepAndreCarson	TalkPoverty
RepAndreCarson	TransportDems
RepAndreCarson	HerronHighIndy
RepAndreCarson	GIPC_Indy
RepVisclosky	fema
RepVisclosky	aisisteel
RepVisclosky	healthylakes
RepVisclosky	karenaboutgary
RepVisclosky	IBAtweet
RepVisclosky	nwi_jsp
RepVisclosky	ortizee21ios08
RepVisclosky	NWIndianaLife
RepVisclosky	ACSCANIN
RepVisclosky	martinezruckman
RepVisclosky	INGuardsman
RepVisclosky	SenToddYoung
RepVisclosky	SenDonnelly
RepVisclosky	GovHolcomb
RepVisclosky	steelworkers
RepVisclosky	PurdueDC
RepVisclosky	ValpoLife
RepVisclosky	nwi
RepVisclosky	INafterschool
RepVisclosky	INHumanities
RepVisclosky	IUSA
RepVisclosky	AWOAdvocacy
RepVisclosky	KtMcH
RepVisclosky	JamieBearse
RepVisclosky	IndianaCAP
RepVisclosky	TheNSWG
RepVisclosky	NFB_voice
RepVisclosky	SmithsonianNMAI
RepVisclosky	NWICA
RepVisclosky	idemnews
RepVisclosky	royhouseman
RepVisclosky	LPCLife
RepJudyChu	RepRoKhanna
RepJudyChu	RepTedLieu
RepJudyChu	RepSwalwell
RepJudyChu	RepRoybalAllard
RepJudyChu	RepHanabusa
RepJudyChu	RepTedDeutch
RepJudyChu	RepJerryNadler
RepJudyChu	NancyPelosi
RepJudyChu	RepDougCollins
RepJudyChu	HispanicCaucus
RepJudyChu	HouseDemocrats
RepJudyChu	RepLloydDoggett
RepJudyChu	CAPAC
RepJudyChu	valor4us
RepJudyChu	scottwongDC
RepJudyChu	WaysMeansCmte
RepJudyChu	davidhogg111
RepJudyChu	HFACDemocrats
RepJudyChu	GRAMMYAdvocacy
RepJudyChu	USHouseHistory
RepJudyChu	SAALTweets
RepJudyChu	Variety
RepJudyChu	sarahimages
RepJudyChu	nakasec
RepJudyChu	RyanForRecovery
RepJudyChu	YWCAPasadena
RepJudyChu	johncyangdc
RepJudyChu	AsianDems
RepJudyChu	SenGillibrand
RepJudyChu	citizensclimate
Clyburn	RepEspaillat
Clyburn	RepKihuen
Clyburn	RepMcEachin
Clyburn	RepRaskin
Clyburn	RepDennyHeck
Clyburn	RepTerriSewell
Clyburn	RepRichmond
Clyburn	RepCuellar
Clyburn	BobbyScott
Clyburn	RepMarciaFudge
Clyburn	repjoecrowley
Clyburn	RepHankJohnson
Clyburn	RepGwenMoore
Clyburn	NancyPelosi
Clyburn	RepAnthonyBrown
Clyburn	OfficialCBC
Clyburn	CNNTonight
Clyburn	RobinLynneKelly
Clyburn	NAACP
Clyburn	MaxineWaters
Clyburn	weareboeingsc
Clyburn	Hortons_Kids
Clyburn	BlackPressUSA
Clyburn	TheLBJSchool
Clyburn	BerkeleySCGov
Clyburn	PostOpinions
Clyburn	CBWGCAUCUS
Clyburn	RepDWStweets
LloydDoggettTX	TeamPelosi
LloydDoggettTX	ProgCongressAct
LloydDoggettTX	medillonthehill
LloydDoggettTX	GensUnited
LloydDoggettTX	JulianCastro
LloydDoggettTX	TexasTribune
LloydDoggettTX	BlueActionDems
LloydDoggettTX	indivisibleATX
LloydDoggettTX	electprogress
LloydDoggettTX	UDems
LloydDoggettTX	IndivisibleTeam
LloydDoggettTX	ahora_si
LloydDoggettTX	ravenambers
LloydDoggettTX	ksatnews
LloydDoggettTX	texasdemocrats
LloydDoggettTX	ACNewsdesk
LloydDoggettTX	BOR
LloydDoggettTX	jslovegrove
LloydDoggettTX	TCDP
LloydDoggettTX	VincentHarding
LloydDoggettTX	arlogilbert
LloydDoggettTX	allieparry7
LloydDoggettTX	MSactivist
LloydDoggettTX	MontserratVPEDA
LloydDoggettTX	astro_puppy
LloydDoggettTX	DonnaHowardTX
LloydDoggettTX	jamie_love
repdavidscott	RepLawrence
repdavidscott	BobbyScott
repdavidscott	RepHankJohnson
repdavidscott	OfficialCBC
repdavidscott	thehill
repdavidscott	sustainableag
repdavidscott	DeptofDefense
repdavidscott	FSCDems
repdavidscott	AARPadvocates
repdavidscott	AlzGA
repdavidscott	FarmPolicy
repdavidscott	RickMartinMedia
repdavidscott	pcoschallenge
repdavidscott	REMSAOfficial
repdavidscott	agripulse
repdavidscott	SenatorIsakson
repdavidscott	SBAsoutheast
repdavidscott	WSBTVcommunity
repdavidscott	NeighborNoreen
repdavidscott	GoodDayAtlanta
repdavidscott	namigeorgia
repdavidscott	NeighborNews
repdavidscott	HenryNeighbor
repdavidscott	TDOnline
repdavidscott	worldpancreatic
repdavidscott	WorkforceGA
repdavidscott	danafowlefox5
repdavidscott	mdjonline
repdavidscott	GCUAGov
repdavidscott	SBA_Georgia
repdavidscott	uscensusbureau
repdavidscott	GASickleCell
repdavidscott	DeptVetAffairs
repdavidscott	MissVWaters
repdavidscott	mygpb
repdavidscott	pspatelEyeMD
repdavidscott	DrYaraRobertson
repdavidscott	sbc1989
repdavidscott	wabenews
repdavidscott	denisohayer
RepEBJ	RepKihuen
RepEBJ	RepTimWalz
RepEBJ	repmarkpocan
RepEBJ	RepVeasey
RepEBJ	RepJohnYarmuth
RepEBJ	BobbyScott
RepEBJ	rosadelauro
RepEBJ	RepTedDeutch
RepEBJ	repjoecrowley
RepEBJ	WhipHoyer
RepEBJ	repbenraylujan
RepEBJ	NancyPelosi
RepEBJ	HispanicCaucus
RepEBJ	HouseDemocrats
RepEBJ	OfficialCBC
RepEBJ	EnergyCommerce
RepEBJ	edworkforcedems
RepEBJ	VetAffairsDems
RepEBJ	HouseJudDems
RepEBJ	CNN
RepEBJ	AmHeartAdvocacy
RepEBJ	voxdotcom
RepEBJ	CBSNews
RepEBJ	SciCmteDems
RepEBJ	AP
RepEBJ	SenateDems
RepEBJ	JudgeClayJ
RepEBJ	USATODAY
RepEBJ	McDonaldsCorp
RepEBJ	alexghrz
RepEBJ	SciGirls
RepEBJ	UNICEF
RepEBJ	DICKS
RepEBJ	tamronhall
RepEBJ	Essence
RepEBJ	Malala
NydiaVelazquez	RepJayapal
NydiaVelazquez	RepLawrence
NydiaVelazquez	USRepKCastor
NydiaVelazquez	RepTimWalz
NydiaVelazquez	RepCardenas
NydiaVelazquez	RepMaloney
NydiaVelazquez	RepDwightEvans
NydiaVelazquez	RepJerryNadler
NydiaVelazquez	NancyPelosi
NydiaVelazquez	NBCLatino
NydiaVelazquez	HispanicCaucus
NydiaVelazquez	HouseDemocrats
NydiaVelazquez	RepAnthonyBrown
NydiaVelazquez	NRDems
NydiaVelazquez	DavidBegnaud
NydiaVelazquez	HouseSBCDems
NydiaVelazquez	RulesDemocrats
NydiaVelazquez	rhookinitiative
NydiaVelazquez	LegalAidNYC
NydiaVelazquez	thebeatdc
NydiaVelazquez	autismvotes
NydiaVelazquez	washingtonpost
NydiaVelazquez	SenSchumer
NydiaVelazquez	NBCNews
NydiaVelazquez	QueensTrib
NydiaVelazquez	JoseADelgadoEND
NydiaVelazquez	NCBACLUSA
NydiaVelazquez	BKAlegal
NydiaVelazquez	DanWiley1
NydiaVelazquez	ESOPAssociation
NydiaVelazquez	USFWC
NydiaVelazquez	dianeyentel
NydiaVelazquez	NYCEDC
NydiaVelazquez	JFacciponti
NydiaVelazquez	NYHomeless
NydiaVelazquez	MarkBCEC15
NydiaVelazquez	McLeanWillis
NydiaVelazquez	BklynEagle
NydiaVelazquez	PhilaTEC
NydiaVelazquez	JoAnneSimonBK52
NydiaVelazquez	FPWA
NydiaVelazquez	PortSideNewYork
NydiaVelazquez	jeremyunger1
NydiaVelazquez	JBlascoNYC
NydiaVelazquez	jennylamlow
NydiaVelazquez	NYCHRA
NydiaVelazquez	USHCC
NydiaVelazquez	duque_omar
NydiaVelazquez	ZoeLaHenry
RepEliotEngel	RepEspaillat
RepEliotEngel	RepTimWalz
RepEliotEngel	NormaJTorres
RepEliotEngel	FrankPallone
RepEliotEngel	WhipHoyer
RepEliotEngel	RosLehtinen
RepEliotEngel	HispanicCaucus
RepEliotEngel	LCVoters
RepEliotEngel	CleanAirMoms
RepEliotEngel	ppglobe
RepEliotEngel	ReproRights
RepEliotEngel	thehill
RepEliotEngel	BnaiBrith
RepEliotEngel	CNNPolitics
RepEliotEngel	HFACDemocrats
RepEliotEngel	ProChoiceCaucus
RepEliotEngel	AARPNY
RepEliotEngel	politico
RepEliotEngel	mayitaalcaldesa
RepEliotEngel	Recode
RepEliotEngel	ActionCorpsNYC
RepEliotEngel	wcbs880
RepEliotEngel	atscommunity
RepEliotEngel	jamaaltbailey
RepEliotEngel	rubendiazjr
RepEliotEngel	ChrisTuttle
RepEliotEngel	FDNY
RepEliotEngel	MikeKhaderCCP
RepEliotEngel	AndrewCohenNYC
RepEliotEngel	CBSNewYork
RepEliotEngel	NYSYouthSuccess
RepEliotEngel	toendhunger
RepEliotEngel	nkf
RepEliotEngel	TheLawmakers
RepEliotEngel	lustgartenfdn
RepEliotEngel	MODAdvocacy
RepEliotEngel	wiczipedia
RepEliotEngel	RachelAlz
RepEliotEngel	SteveScottNEWS
RepEliotEngel	engadget
RepEliotEngel	AGSchneiderman
RepEliotEngel	UNFPA_DC
RepEliotEngel	GarySternNY
RepEliotEngel	dtmcnally
RepEliotEngel	mercycorps
RepEliotEngel	DeliaSocorroH
RepEliotEngel	uptownadvocate
RepEliotEngel	CecileRichards
RepEliotEngel	NWSNewYorkNY
RepEliotEngel	buttahflyk
RepEliotEngel	TBAlliance
RepEliotEngel	MayorMikeSpano
RepEliotEngel	jeremycherson1
repcleaver	RepYvetteClarke
repcleaver	GreenForAll
repcleaver	rollcall
repcleaver	EvanCleaver
repcleaver	QuintonLucasKC
repcleaver	SouthKCChamber
repcleaver	RMakinen
repcleaver	LindseyUSMI
repcleaver	hospitals4kids
repcleaver	KCLibrary
repcleaver	KCPT
repcleaver	LCPA_LLC
repcleaver	josglinn
repcleaver	PemHillSchool
repcleaver	RockhurstHS
repcleaver	JeneeinKC
repcleaver	odessar7_stuco
repcleaver	RaytownSchools
repcleaver	kcchamberGOV
repcleaver	NourishKC
repcleaver	SwopeHealth
repcleaver	RachelGonKCMO
repcleaver	MissouriChamber
repcleaver	RamonaDunn14
repcleaver	DanielleisB
repcleaver	GYRIG_KC
repcleaver	KCTV5
RepCohen	HouseJudDems
RepCohen	JohnDingell
RepCohen	JohnBrennan
RepCohen	holly_harris
RepCohen	BrunoAmato_1
RepCohen	AdamParkhomenko
RepCohen	JuddApatow
RepCohen	8SparkyGrl8
RepCohen	jonathanalter
RepCohen	CBUPresident
RepCohen	KellyannePolls
RepCohen	riotwomennn
RepCohen	Mediaite
RepCohen	R2BNation
RepCohen	MissFuhrerious
RepCohen	Miduswell
BobbyScott	RepMcEachin
BobbyScott	DonaldNorcross
BobbyScott	RepDonBeyer
BobbyScott	RepRobinKelly
BobbyScott	RepTimWalz
BobbyScott	RepLoisFrankel
BobbyScott	RepEsty
BobbyScott	RepDanKildee
BobbyScott	RepCicilline
BobbyScott	NancyPelosi
BobbyScott	RepJasonLewis
BobbyScott	HouseDemocrats
BobbyScott	OfficialCBC
BobbyScott	edworkforcedems
BobbyScott	justiceforyouth
BobbyScott	DefenseLeader
BobbyScott	MarkWarner
gracenapolitano	RepJayapal
gracenapolitano	CongressmanRaja
gracenapolitano	RepDonBeyer
gracenapolitano	RepBeatty
gracenapolitano	RepRobinKelly
gracenapolitano	RepTimWalz
gracenapolitano	RepLoisFrankel
gracenapolitano	RepEsty
gracenapolitano	RepDanKildee
gracenapolitano	RepMarkTakano
gracenapolitano	RepSwalwell
gracenapolitano	RepCummings
gracenapolitano	RepCicilline
gracenapolitano	RepJohnYarmuth
gracenapolitano	RepTerriSewell
gracenapolitano	RepPeterDeFazio
gracenapolitano	RepMcGovern
gracenapolitano	RepJudyChu
gracenapolitano	rosadelauro
gracenapolitano	RepTedDeutch
gracenapolitano	BillPascrell
gracenapolitano	RepGutierrez
gracenapolitano	RepAdamSchiff
gracenapolitano	repjohnlewis
gracenapolitano	janschakowsky
gracenapolitano	RepGwenMoore
gracenapolitano	WhipHoyer
gracenapolitano	NancyPelosi
gracenapolitano	chelliepingree
gracenapolitano	HispanicCaucus
gracenapolitano	DemsEspanol
gracenapolitano	HouseDemocrats
gracenapolitano	EnergyCommerce
gracenapolitano	RepLloydDoggett
gracenapolitano	CAPAC
gracenapolitano	UNITEDWEDREAM
gracenapolitano	HouseJudDems
gracenapolitano	SenatorMenendez
gracenapolitano	TransportDems
gracenapolitano	femaregion9
gracenapolitano	NAMIAdvocacy
gracenapolitano	B4Stage4
gracenapolitano	MHFirstAidUSA
gracenapolitano	NationalCouncil
gracenapolitano	theCaGuard
gracenapolitano	Action_Alliance
gracenapolitano	kmo50Moyer
gracenapolitano	NIMHDirector
gracenapolitano	OpenFairSkies
gracenapolitano	TanyaBradsher08
gracenapolitano	APAPsychiatric
RepAlGreen	BennieGThompson
RepAlGreen	RepMaxineWaters
RepAlGreen	repjohnlewis
RepAlGreen	HouseDemocrats
RepAlGreen	OfficialCBC
RepAlGreen	BarackObama
RepAlGreen	nowthisnews
RepAlGreen	cspanwj
RepAlGreen	thehill
RepAlGreen	washingtonpost
RepAlGreen	allinwithchris
RepAlGreen	MSNBC
RepAlGreen	CNNPolitics
RepAlGreen	cspan
RepAlGreen	kylegriffin1
RepAlGreen	FSCDems
RepAlGreen	NAACP
RepAlGreen	NPR
RepAlGreen	politico
RepAlGreen	TheRevAl
RepAlGreen	apa1906NETwork
RepAlGreen	USATODAY
RepAlGreen	KPRC2
RepAlGreen	SylvesterTurner
RepAlGreen	hccchan
RepAlGreen	MadisonSiriusXM
RepAlGreen	NolanDMcCaskill
RepAlGreen	Cesar_Espinosa
RepAlGreen	Newsweek
RepAlGreen	josue_S_H
RepAlGreen	angela_rye
RepDavidEPrice	RepRaskin
RepDavidEPrice	DonaldNorcross
RepDavidEPrice	RepDonBeyer
RepDavidEPrice	RepCardenas
RepDavidEPrice	RepHuffman
RepDavidEPrice	RepCummings
RepDavidEPrice	JoaquinCastrotx
RepDavidEPrice	RepAdamSchiff
RepDavidEPrice	WhipHoyer
RepDavidEPrice	repblumenauer
RepDavidEPrice	NancyPelosi
RepDavidEPrice	CaucusOnClimate
RepDavidEPrice	OfficialCBC
RepDavidEPrice	SEEC
RepDavidEPrice	SenMarkey
RepDavidEPrice	BarackObama
RepDavidEPrice	SenSchumer
RepDavidEPrice	ames_simmons
RepDavidEPrice	JohnBrennan
RepDavidEPrice	JohnJHarwood
RepDavidEPrice	brhodes
RepDavidEPrice	BerniceKing
RepDavidEPrice	SenJohnMcCain
RepDavidEPrice	JRosenworcel
RepDavidEPrice	CongressionalAC
RepDavidEPrice	_MealsOnWheels
RepDavidEPrice	USATODAY
RepDavidEPrice	JulianCastro
RepDavidEPrice	NEHgov
RepDavidEPrice	HamillHimself
RepDavidEPrice	SawyerHackett
RepDavidEPrice	natsecaction
RepDavidEPrice	TownofGarner
RepDavidEPrice	JessicaHolmesNC
RepDavidEPrice	nchousingbuilds
RepDavidEPrice	NCCapTonight
RepDavidEPrice	biogen
RepDavidEPrice	NCAGO
RepDavidEPrice	UNCpublichealth
RepDavidEPrice	MurphinDC
RepDavidEPrice	RNicholasBurns
RepDavidEPrice	erin_pelton
RepDavidEPrice	awayhomeamerica
RepDavidEPrice	IntraHealth
RepDavidEPrice	FoodBankCENC
RepDavidEPrice	NC_Governor
RepMarciaFudge	RepRoKhanna
RepMarciaFudge	RepBeatty
RepMarciaFudge	RepMarcyKaptur
RepMarciaFudge	RepJohnYarmuth
RepMarciaFudge	RepTerriSewell
RepMarciaFudge	RepKarenBass
RepMarciaFudge	RepPaulTonko
RepMarciaFudge	repjohnlewis
RepMarciaFudge	NancyPelosi
RepMarciaFudge	RepTimRyan
RepMarciaFudge	HouseDemocrats
RepMarciaFudge	OfficialCBC
RepMarciaFudge	edworkforcedems
RepMarciaFudge	BarackObama
RepMarciaFudge	HouseBudgetDems
RepMarciaFudge	CNNTonight
RepMarciaFudge	NPWF
RepMarciaFudge	WaysMeansCmte
RepMarciaFudge	DeptofDefense
RepMarciaFudge	AP
RepMarciaFudge	dstinc1913
RepMarciaFudge	SenateDems
RepMarciaFudge	SenSherrodBrown
RepMarciaFudge	PowerRising18
RepMarciaFudge	TheCLE
RepMarciaFudge	LeslieProll
RepMarciaFudge	CleFoodBank
RepMarciaFudge	akronlibrary
RepMarciaFudge	OhioMuseums
RepMarciaFudge	OhioStAthletics
RepMarciaFudge	Ohiochc
RepMarciaFudge	jessica_rannow
RepMarciaFudge	KirsteinDO
RepMarciaFudge	policylink
RepMarciaFudge	Healthfabulous
RepMarciaFudge	clarkstatepres
RepMarciaFudge	TheOACC
RepMarciaFudge	nature_ohio
RepMarciaFudge	AWWAACE
RepMarciaFudge	OhioState
RepMarciaFudge	HealthCareGov
RepBrady	RepBetoORourke
RepBrady	RepMcGovern
RepBrady	RepTedDeutch
RepBrady	BillPascrell
RepBrady	NancyPelosi
RepBrady	HouseAdm_Dems
RepBrady	Eagles
RepBrady	AFTunion
RepBrady	JonathanTamari
RepBrady	cazarest62
RepBrady	PFTLocal3
RepBrady	PHLPublicHealth
RepBrady	DelRivCoalition
RepBrady	MatthewGiacobb2
RepBrady	muralarts
RepBrady	Jim_Gardner
RepBrady	phillyvetparade
RepBrady	Philabundance
RepBrady	CeaseFirePA
RepBrady	PPD24Dist
RepBrady	LibertyUSO
RepBrady	visitthecapitol
RepBrady	PHLCouncil
rosadelauro	RepStephMurphy
rosadelauro	DonaldNorcross
rosadelauro	RepKClark
rosadelauro	RepRobinKelly
rosadelauro	RepTimWalz
rosadelauro	RepLoisFrankel
rosadelauro	RepEsty
rosadelauro	RepTedDeutch
rosadelauro	repjoecrowley
rosadelauro	BillPascrell
rosadelauro	jahimes
rosadelauro	janschakowsky
rosadelauro	WhipHoyer
rosadelauro	keithellison
rosadelauro	HouseDemocrats
rosadelauro	RepLloydDoggett
rosadelauro	USProgressives
rosadelauro	CSGV
rosadelauro	nowthisnews
rosadelauro	washingtonpost
rosadelauro	ABCPolitics
rosadelauro	ChrisMurphyCT
rosadelauro	WaysMeansCmte
rosadelauro	NBCNews
rosadelauro	kylegriffin1
rosadelauro	BostonGlobe
rosadelauro	AllAboveAll
rosadelauro	EconomicPolicy
rosadelauro	Emma4Change
rosadelauro	peoplefor
rosadelauro	Witnesses_Natl
rosadelauro	CSPI
rosadelauro	CTECA
rosadelauro	WFSBnews
rosadelauro	LeighTaussRJ
rosadelauro	BrianSpyros
rosadelauro	NelpNews
rosadelauro	vicenews
rosadelauro	hassankanu
rosadelauro	hartfordbuzz
rosadelauro	NatWICAssoc
rosadelauro	supportKIND
rosadelauro	HNMatthews
RepJohnConyers	RepRoKhanna
RepJohnConyers	RepCarbajal
RepJohnConyers	RepJayapal
RepJohnConyers	RepPeteAguilar
RepJohnConyers	RepDonBeyer
RepJohnConyers	RepRobinKelly
RepJohnConyers	USRepRickNolan
RepJohnConyers	RepSwalwell
RepJohnConyers	RepThompson
RepJohnConyers	RepRaulGrijalva
RepJohnConyers	NancyPelosi
RepJohnConyers	HouseJudiciary
RepJohnConyers	NRDems
RepJohnConyers	EnergyCommerce
RepJohnConyers	SenMarkey
RepJohnConyers	HouseJudDems
RepJohnConyers	OversightDems
RepJohnConyers	RepAdams
RepJohnConyers	WinWithoutWar
RepJohnConyers	lauradfrancis
RepJohnConyers	anthonyjr_
RepTedDeutch	CongressmanRaja
RepTedDeutch	SusanWBrooks
RepTedDeutch	amjoyshow
RepTedDeutch	AJCGlobal
RepTedDeutch	kencen
RepTedDeutch	KenCenPrez
RepTedDeutch	juliannagoldman
AGBecerra	thehill
AGBecerra	washingtonpost
AGBecerra	CBSNews
AGBecerra	NBCNews
AGBecerra	sdut
AGBecerra	NewsHour
AGBecerra	dcexaminer
AGBecerra	nytpolitics
AGBecerra	CaliforniaEPA
RepJimMcDermott	RepDelBene
RepJimMcDermott	RepBarbaraLee
RepJimMcDermott	repjohnlewis
RepJimMcDermott	WaysandMeansGOP
RepJimMcDermott	allinwithchris
RepJimMcDermott	sahilkapur
RepJimMcDermott	WaysMeansCmte
RepJimMcDermott	WhiteHouse
RepJimMcDermott	Campaign4Kids
RepJimMcDermott	aliciasjlee
RepJimMcDermott	AUCollegeDems
RepJimMcDermott	bellafaye30
RepJimMcDermott	LifelongWA
RepJimMcDermott	edshow
RepJimMcDermott	jhanscom3
RepJimMcDermott	JohnKerry
RepJimMcDermott	RebeccaShabad
RepJimMcDermott	seattlerep
RepJimMcDermott	ZEROTOTHREE
RepJimMcDermott	KyungMSong
RepJimMcDermott	EnoughProject
RepJimMcDermott	kelsey_snell
RepJimMcDermott	TEDxRainier
RepJimMcDermott	TeamRubicon
RepJimMcDermott	wammezz
RepJimMcDermott	TAPS4America
RepJimMcDermott	ASNKidney
RepJimMcDermott	nwkidney
RepJimMcDermott	uwghrc
RepJimMcDermott	FBNStossel
RepJimMcDermott	UWSoN
RepJimMcDermott	ChildrnAlliance
RepJimMcDermott	jfeit
RepJimMcDermott	winglukemuseum
RepSheaPorter	BobbyScott
RepSheaPorter	IRSnews
repdinatitus	CraigCaplan
repdinatitus	ClarkCountySch
repdinatitus	SBGC2C
repdinatitus	GoldenKnights
repdinatitus	smallUAVs
repdinatitus	amazon_policy
repdinatitus	CSAC_Counties
repdinatitus	jmartNYT
repdinatitus	CardsChat
repdinatitus	Optus
repdinatitus	MyPareaNetwork
repdinatitus	nv4hcn
repdinatitus	crgvaldez
repdinatitus	timjhogan
repdinatitus	dinatitus
repdinatitus	NEArESPect
repdinatitus	TravelLeadersHQ
repdinatitus	uscapitol
repdinatitus	USTravel
repdinatitus	LVCCLD
repdinatitus	sports_handle
repdinatitus	soycastorin
repdinatitus	SteveSisolak
repdinatitus	CWAUnion
repdinatitus	howardstutz
repdinatitus	peta
repdinatitus	AARPNV
repdinatitus	ChildFundInt_HN
repdinatitus	NAHREP
repdinatitus	News3LV
repdinatitus	FOX5Vegas
repdinatitus	KadyrToktogulov
repdinatitus	AnantaAspen
repdinatitus	hsanchez128
DWStweets	repjohnlewis
DWStweets	BarackObama
DWStweets	TheRAC
DWStweets	nowthisnews
DWStweets	GiffordsCourage
DWStweets	SierraClub
DWStweets	rollcall
DWStweets	PPact
DWStweets	SenatorDurbin
DWStweets	ACLU
DWStweets	SunSentinel
DWStweets	SenBlumenthal
DWStweets	taxmarch
DWStweets	EnvAm
DWStweets	MomsDemand
DWStweets	TIME
DWStweets	GetUSCovered
DWStweets	60Minutes
DWStweets	CenterOnBudget
DWStweets	Bradybuzz
DWStweets	JaclynCorin
DWStweets	emilyslist
DWStweets	NelsonForSenate
DWStweets	CBSMiami
DWStweets	HadenMedia
DWStweets	SoFlaOpinion
DWStweets	NeverAgainMSD
DWStweets	jewishaction
DWStweets	SteveLemongello
DWStweets	PPFA
DWStweets	ErikaGloverNBC6
DWStweets	CDC_Cancer
DWStweets	ACLUFL
DWStweets	poolsafely
DWStweets	EvergladesNPS
DWStweets	sarahkliff
DWStweets	glaad
DWStweets	UF
collinpeterson	CraigCaplan
collinpeterson	FarmPolicy
collinpeterson	MNFarmersUnion
collinpeterson	amyklobuchar
collinpeterson	allisonsherry
collinpeterson	mnlizzy
collinpeterson	tomscheck
collinpeterson	webertom1
collinpeterson	marinbozic
collinpeterson	630pov
collinpeterson	locklaw
collinpeterson	Ashley_Hanley1
collinpeterson	brettneely
collinpeterson	MNFarmBureau
collinpeterson	ValleyNewsLive
collinpeterson	123hegg
collinpeterson	alfranken
collinpeterson	RURALRADIO80
collinpeterson	Anna_Boroff
collinpeterson	haroldPDX
collinpeterson	BrianCShipley
collinpeterson	dcmacnut
collinpeterson	ItsJustCty
collinpeterson	MemberOwned
collinpeterson	HouseMajPAC
collinpeterson	LSPnow
collinpeterson	FarmPodcaster
RepRonKind	LCVoters
RepRonKind	usairforce
RepRonKind	aarpwi
repjoecrowley	RepMcEachin
repjoecrowley	RepKClark
repjoecrowley	RepBillFoster
repjoecrowley	RepCummings
repjoecrowley	RepRichardNeal
repjoecrowley	NydiaVelazquez
repjoecrowley	HouseDemocrats
repjoecrowley	CAPAC
repjoecrowley	ReproRights
repjoecrowley	WaysMeansCmte
repjoecrowley	taxmarch
repjoecrowley	NWSNewYorkNY
repjoecrowley	NYCVetsAlliance
repjoecrowley	RFKHumanRights
repjoecrowley	amandabossard
repjoecrowley	leedsgarcia
repjoecrowley	FatimaPtacek
repjoecrowley	ksutkowi
repjoecrowley	DrSAksel
repjoecrowley	ThereIsNoLimitF
RepGeneGreen	CongressmanRaja
RepGeneGreen	RepPeteAguilar
RepGeneGreen	RepRobinKelly
RepGeneGreen	RepTimWalz
RepGeneGreen	RepDanKildee
RepGeneGreen	JoaquinCastrotx
RepGeneGreen	RepEliotEngel
RepGeneGreen	HispanicCaucus
RepGeneGreen	HouseDemocrats
RepGeneGreen	RulesDemocrats
RepGeneGreen	EnergyCommerce
RepGeneGreen	RepLloydDoggett
RepGeneGreen	BnaiBrith
RepGeneGreen	WaysMeansCmte
RepGeneGreen	ABC
RepGeneGreen	espn
RepGeneGreen	MedicareGov
RepGeneGreen	UNICEF
RepGeneGreen	TBAlliance
RepGeneGreen	HealthCareGov
RepGeneGreen	HoustonHealth
RepGeneGreen	HoustonRockets
RepGeneGreen	ReadyHarris
RepGeneGreen	FEMARegion6
RepGeneGreen	ChronMed
RepGeneGreen	HoustonFoodBank
RepGeneGreen	AJVicens
RepGeneGreen	Jordanfabian
RepGeneGreen	KHOUweather
RepGeneGreen	AARPTX
RepGeneGreen	UTPhysicians
RepGeneGreen	HHSGov
RepGeneGreen	DonnaYoungDC
RepGeneGreen	tubercuLOLsis
RepGeneGreen	UHCougarMBK
RepGeneGreen	chogueTX
RepGeneGreen	EstradaReport
RepGeneGreen	JustinVerlander
RepGeneGreen	astros
LorettaSanchez	USRepKCastor
LorettaSanchez	repmarkpocan
LorettaSanchez	RepSusanDavis
LorettaSanchez	RepEBJ
LorettaSanchez	RepSpeier
LorettaSanchez	WhipHoyer
LorettaSanchez	NancyPelosi
LorettaSanchez	keithellison
LorettaSanchez	RepMikeTurner
LorettaSanchez	CNNnewsroom
LorettaSanchez	MomsRising
LorettaSanchez	AFLCIO
LorettaSanchez	NAACP
LorettaSanchez	sarahdwire
LorettaSanchez	HFACDemocrats
LorettaSanchez	AARPCA
LorettaSanchez	CHCI
LorettaSanchez	HASCDemocrats
LorettaSanchez	TIME
LorettaSanchez	YvetteClarke
LorettaSanchez	WhiteHouse
LorettaSanchez	JECDems
LorettaSanchez	rexrichardson
LorettaSanchez	Rep_JaniceHahn
LorettaSanchez	HOPELatinas
LorettaSanchez	seandsalas
LorettaSanchez	tanya_rivas_
LorettaSanchez	sams_usa
LorettaSanchez	latinovictoryus
LorettaSanchez	homelandprep
LorettaSanchez	DisneyChannelPR
LorettaSanchez	DisneyNewsLA
LorettaSanchez	RalphJMoran
LorettaSanchez	senricardolara
LorettaSanchez	latinomuseum
LorettaSanchez	GenDyn_NASSCO
LorettaSanchez	votolatino
LorettaSanchez	KathleenLeeMry
LorettaSanchez	LatinoFocus
LorettaSanchez	AAUWPolicy
LorettaSanchez	AmericaFerrera
LorettaSanchez	EvaLongoria
LorettaSanchez	NALEO
LorettaSanchez	latinojustice
LorettaSanchez	UofCalifornia
LorettaSanchez	SoCal_RedCross
LorettaSanchez	My5LA
LorettaSanchez	SirIvanLopez
LorettaSanchez	TravelGov
LorettaSanchez	NWCWolfwatcher
LorettaSanchez	WildLegacy
LorettaSanchez	roxanakopetman
LorettaSanchez	TurkishEmbassy
LorettaSanchez	AlPunto
LorettaSanchez	c_m_dangelo
LorettaSanchez	AFSAHQ
RepDwightEvans	RepRaskin
RepDwightEvans	RepDanKildee
RepDwightEvans	RepCartwright
RepDwightEvans	RepJerryNadler
RepDwightEvans	WhipHoyer
RepDwightEvans	NancyPelosi
RepDwightEvans	DemsEspanol
RepDwightEvans	HouseDemocrats
RepDwightEvans	NORML
RepDwightEvans	govtrack
RepDwightEvans	HouseSBCDems
RepDwightEvans	RepLloydDoggett
RepDwightEvans	nowthisnews
RepDwightEvans	TeamPelosi
RepDwightEvans	ReproRights
RepDwightEvans	sustainableag
RepDwightEvans	Franchising411
RepDwightEvans	TopherSpiro
RepDwightEvans	HouseAgDems
RepDwightEvans	RepAdams
RepDwightEvans	FPAction
RepDwightEvans	tictoc
RepDwightEvans	NFUDC
RepDwightEvans	Essence
RepDwightEvans	PhilaTEC
RepDwightEvans	cqprofiles
RepDwightEvans	TUGovtAffairs
RepDwightEvans	RepDawkins
RepDwightEvans	dtruscello215
RepDwightEvans	QHMShow
RepDwightEvans	adposoff
RepDwightEvans	MGLEmbassy_USA
RepDwightEvans	sparkaction
RepDwightEvans	amyecollins3
RepDwightEvans	LynneJacobs11
RepDwightEvans	JulieGonen
RepDwightEvans	InequalityCU
RepDwightEvans	fractweets
RepDwightEvans	VotingforKids
RepDwightEvans	philly311
RepDwightEvans	ALDIACEO
RepDwightEvans	DwightEvansPA
RepDwightEvans	OpCivic
RepDwightEvans	RepDonnaBullock
RepDwightEvans	Niambi_79
RepDwightEvans	SenBobCasey
RepDwightEvans	GovernorTomWolf
RepDwightEvans	GovernorsOffice
RepDwightEvans	phillywerise
RepDwightEvans	WolfForPA
RepDwightEvans	OppFinance
RepDwightEvans	DrCurtisGregory
RepDwightEvans	Deadline2020
RepDwightEvans	CHOPadvocacy
RepDwightEvans	EmmanuelMacron
RepDwightEvans	EdBoilermaker13
RepDwightEvans	SenatorHaywood
RepDwightEvans	PHLBizEditor
RepDwightEvans	TaylorTabChurch
RepDwightEvans	CleanH2OPA
RepDwightEvans	mariaforpa
RepGaramendi	wildlifeaction
RepGaramendi	HeardontheHill
RepGaramendi	HouseDemocrats
RepGaramendi	CNNnewsroom
RepGaramendi	cspanwj
RepGaramendi	CNNSitRoom
RepGaramendi	AnaCabrera
RepGaramendi	OutFrontCNN
RepGaramendi	MSNBC
RepGaramendi	CNNPolitics
RepGaramendi	DenmarkinUSA
RepGaramendi	PoliticsK12
RepGaramendi	FoxNews
RepGaramendi	HuffPost
RepGaramendi	TTDAFLCIO
RepGaramendi	CNBC
RepGaramendi	WinWithoutWar
RepGaramendi	WintersExpress
RepGaramendi	MatthewKeysLive
RepGaramendi	metaltradesafl
RepGaramendi	kevcirilli
RepGaramendi	foxandfriends
RepGaramendi	TomCollina
RepGaramendi	AkbarSAhmed
RepGaramendi	TeamCavuto
RepGaramendi	FoxBusiness
RepGaramendi	foxnewsnight
RepGaramendi	DJUSD
RepGaramendi	kellyinmedia
RepGaramendi	CBSSacramento
RepGaramendi	kylebuis
RepGaramendi	foxnewsvideo
RepGaramendi	MorningsMaria
RepGaramendi	MariaBartiromo
RepGaramendi	TWUSamWilkins
RepGaramendi	CapitolCorridor
RepGaramendi	CoreyKrisc
RepGaramendi	ChadPergram
RepSchakowsky	RepGutierrez
RepSchakowsky	USProgressives
RepSchakowsky	BarackObama
RepSchakowsky	TeamPelosi
RepSchakowsky	DanielBiss
RepSchakowsky	PAndersonC12
RepSchakowsky	nashssdilaw
RepSchakowsky	ONENorthside
RepSchakowsky	marykaybaldino
RepSchakowsky	joyfulnoyz
RepSchakowsky	Yolieoc
RepSchakowsky	HousingACTION
RepSchakowsky	USBahaiOPA
RepSchakowsky	BridgetGainer
RepSchakowsky	gailphardie
RepSchakowsky	ILRetirees
RepSchakowsky	scalzi
RepSchakowsky	SEIUhciimk
RepSchakowsky	MoveToAmend
RepJoeCourtney	OPP_Helps_Youth
RepJoeCourtney	RHokJr
RepJoeCourtney	QVCC
RepJoeCourtney	RD_SNE
RepJoeCourtney	ktchelidzetc
RepJoeCourtney	usdafsa
RepJoeCourtney	MetroHartford
RepJoeCourtney	CT_CNCS
RepJoeCourtney	aflaumNB
RepJoeCourtney	CT_History
RepPaulTonko	RepDonBeyer
RepPaulTonko	RepYvetteClarke
RepPaulTonko	LCVoters
RepPaulTonko	CraigCaplan
RepPaulTonko	CleanAirMoms
RepPaulTonko	EnergyCommerce
RepPaulTonko	SEEC
RepPaulTonko	CNNnewsroom
RepPaulTonko	CNNPolitics
RepPaulTonko	ABCWorldNews
RepPaulTonko	emorwee
RepPaulTonko	kylegriffin1
RepPaulTonko	rachelpleven
RepPaulTonko	foe_us
RepPaulTonko	SciCmteDems
RepPaulTonko	rebleber
RepPaulTonko	YoginUCS
RepPaulTonko	waltshaub
RepPaulTonko	WAMCNews
RepPaulTonko	SenateDems
RepPaulTonko	ABC
RepPaulTonko	ngeiling
RepPaulTonko	politico
RepPaulTonko	NewsHour
RepPaulTonko	RebeccaShabad
RepPaulTonko	amenasaiyid
RepPaulTonko	JohnCraigWNYT
RepPaulTonko	CanadaNY
RepPaulTonko	MCCoyCountyExec
RepPaulTonko	MartyIrby
RepPaulTonko	larryrulison
RepPaulTonko	EnvironmentOne
RepPaulTonko	patrizzuto
RepPaulTonko	afreedma
RepPaulTonko	evanmcmurry
RepPaulTonko	DelaneyMarsco
RepPaulTonko	alexlubben
RepPaulTonko	ThisWeekABC
RepPaulTonko	johnrobertsFox
RepPaulTonko	AlexCKaufman
RepPaulTonko	LedgeKing
RepPaulTonko	evanhalper
RepPaulTonko	greenpeaceusa
RepPaulTonko	AbbySmithDC
RepPaulTonko	SutherlandFox
RepPaulTonko	atrupar
RepPaulTonko	mollyknc
RepPaulTonko	InsideEPA
RepPaulTonko	MorningEdition
RepPaulTonko	halinaking2001
RepPaulTonko	AWHONN
RepPaulTonko	AlbanyCityHall
RepPaulTonko	STEMx
repdonnaedwards	RepSwalwell
repdonnaedwards	NancyPelosi
repdonnaedwards	keithellison
repdonnaedwards	RepAdams
repdonnaedwards	TheRealBuzz
repdonnaedwards	ToTheContrary
repdonnaedwards	daniellelvabner
BennieGThompson	RepRoKhanna
BennieGThompson	RepMcEachin
BennieGThompson	RepBonnie
BennieGThompson	RepKClark
BennieGThompson	RepBeatty
BennieGThompson	RepRobinKelly
BennieGThompson	RepTimWalz
BennieGThompson	repmarkpocan
BennieGThompson	RepDonaldPayne
BennieGThompson	RepEsty
BennieGThompson	RepCummings
BennieGThompson	GKButterfield
BennieGThompson	RepTerriSewell
BennieGThompson	RepRichmond
BennieGThompson	RepBarbaraLee
BennieGThompson	RepYvetteClarke
BennieGThompson	RepKarenBass
BennieGThompson	BobbyScott
BennieGThompson	RepAlGreen
BennieGThompson	RepDavidEPrice
BennieGThompson	RepMarciaFudge
BennieGThompson	rosadelauro
BennieGThompson	JacksonLeeTX18
BennieGThompson	WhipHoyer
BennieGThompson	NancyPelosi
BennieGThompson	NatResources
BennieGThompson	HouseDemocrats
BennieGThompson	HouseRadioTV
BennieGThompson	govtrack
BennieGThompson	OfficialCBC
BennieGThompson	thebeatdc
BennieGThompson	BarackObama
BennieGThompson	HomelandDems
BennieGThompson	HouseJudDems
BennieGThompson	BookTV
BennieGThompson	washingtonpost
BennieGThompson	CNNTonight
BennieGThompson	POLITICOPro
BennieGThompson	Joseph_Marks_
BennieGThompson	AP
BennieGThompson	DerrickNAACP
BennieGThompson	TransportDems
BennieGThompson	RepAdams
BennieGThompson	AprilDRyan
BennieGThompson	dberrygannett
BennieGThompson	ToyotaPolicy
BennieGThompson	JillDLawrence
BennieGThompson	CarmenYulinCruz
BennieGThompson	Essence
BennieGThompson	MarkWarner
BennieGThompson	MadisonSiriusXM
BennieGThompson	NolanDMcCaskill
BennieGThompson	DNajera15
BennieGThompson	ScottSimmonsNwz
BennieGThompson	AARPMS
BennieGThompson	MS_Homeland_Sec
BennieGThompson	AdamHSays
BennieGThompson	noblejonesontv
BennieGThompson	DSUwtr
BennieGThompson	aleccward
BennieGThompson	iam_ShalondaS
BennieGThompson	OKnox
BennieGThompson	DrewPetrimoulx
BennieGThompson	chrislhayes
BennieGThompson	clairecmc
BennieGThompson	MeriTalkSLG
JacksonLeeTX18	RepBarbaraLee
JacksonLeeTX18	RepCohen
JacksonLeeTX18	RepJerryNadler
JacksonLeeTX18	RepGutierrez
JacksonLeeTX18	WhipHoyer
JacksonLeeTX18	nowthisnews
JacksonLeeTX18	HouseJudDems
JacksonLeeTX18	AFLCIO
JacksonLeeTX18	CNNPolitics
JacksonLeeTX18	CBSNews
JacksonLeeTX18	MomsDemand
JacksonLeeTX18	SylvesterTurner
JacksonLeeTX18	MisterGaston
JacksonLeeTX18	SenatorSylvia
JacksonLeeTX18	CBCFInc
JacksonLeeTX18	sportsguymarv
JacksonLeeTX18	HPARD
JacksonLeeTX18	lexisb
JacksonLeeTX18	FreshU_HBCU
JacksonLeeTX18	DrTonieshaT
JacksonLeeTX18	SecretService
JacksonLeeTX18	abc13houston
JacksonLeeTX18	DrHenson2
JacksonLeeTX18	HoustonOBO
JacksonLeeTX18	ellen6019
JacksonLeeTX18	HoustonChron
GerryConnolly	RepDonBeyer
GerryConnolly	RepJohnYarmuth
GerryConnolly	RepGutierrez
GerryConnolly	RepGregoryMeeks
GerryConnolly	HouseDemocrats
GerryConnolly	CleanAirMoms
GerryConnolly	townhallproject
GerryConnolly	bluevirginia
GerryConnolly	cspanwj
GerryConnolly	OversightDems
GerryConnolly	thehill
GerryConnolly	davidcicilline
GerryConnolly	jstreetdotorg
GerryConnolly	CNNSitRoom
GerryConnolly	MSNBC
GerryConnolly	davidgura
GerryConnolly	AlexWitt
GerryConnolly	SierraClub
GerryConnolly	jbendery
GerryConnolly	tictoc
GerryConnolly	AC360
GerryConnolly	ThePlumLineGS
GerryConnolly	FederalTimes
GerryConnolly	RonaldKlain
GerryConnolly	AlexCKaufman
GerryConnolly	FCWnow
GerryConnolly	fedscoop
GerryConnolly	GavinMacSkin
GerryConnolly	glassmanamanda
GerryConnolly	NicSchiegg
GerryConnolly	SentaraNV
GerryConnolly	NWS_BaltWash
GerryConnolly	RedHatGov
GerryConnolly	MacFarlaneNews
GerryConnolly	AngelaWoolsey2
GerryConnolly	AnnaMariaDP
GerryConnolly	akszymanski
GerryConnolly	CapitalCaring
GerryConnolly	MichaelLeePope
GerryConnolly	SPARKfoundation
GerryConnolly	FedNewsRadio
GerryConnolly	mcauseyWFED
GerryConnolly	RPublicService
GerryConnolly	MZanona
GerryConnolly	aterkel
GerryConnolly	MarkKeam
GerryConnolly	EFillerCorn
GerryConnolly	lauriemacph
GerryConnolly	SarainOakton
GerryConnolly	YINAinVA
GerryConnolly	ABC7News
GerryConnolly	jmillerWFED
GerryConnolly	heatherscope
GerryConnolly	eilperin
GerryConnolly	EPWDems
GerryConnolly	gpalber
GerryConnolly	nvar
GerryConnolly	m4hand
GerryConnolly	PeggyAgouris
GerryConnolly	keng_ch
GerryConnolly	JenMonago
GerryConnolly	libraryms
GerryConnolly	jesslindberg
GerryConnolly	NikkiSchwab
GerryConnolly	FixTheCourt
mikecapuano	RepDanRyan
mikecapuano	BayStateBanner
mikecapuano	alisonkingNECN
mikecapuano	radiofreegeorgy
mikecapuano	Bosoxfanpw7
mikecapuano	elton08
mikecapuano	CptRobespierre
mikecapuano	SeanKellyNews
mikecapuano	tahirc
mikecapuano	datafordonkeys
mikecapuano	PLopey
mikecapuano	RebekahGewirtz
mikecapuano	davharris
mikecapuano	KateCrowther
mikecapuano	Starmusica
mikecapuano	AndyTarsy
mikecapuano	TCooganPlants
mikecapuano	MOYNIHANGROUP
mikecapuano	DylanHayre
mikecapuano	anngelle
mikecapuano	ChazFelder
mikecapuano	realitygal
mikecapuano	KellyPow
mikecapuano	bostshawn
mikecapuano	BenWeisman
mikecapuano	chrismatth
mikecapuano	MattStoller
mikecapuano	deisenthal
mikecapuano	avacon
mikecapuano	ValerieSharon
mikecapuano	frozencapybara
mikecapuano	malibrarydem
mikecapuano	JoshuaLDawson
mikecapuano	katyaronoff
mikecapuano	bostonupdate
mikecapuano	EileenWBZ
mikecapuano	shawnpcollins
mikecapuano	JimmyCawley
mikecapuano	textcos
mikecapuano	mgdemocracy
mikecapuano	bakemaster
mikecapuano	margarb
mikecapuano	aaronagulnek
mikecapuano	stephenwinkler
mikecapuano	khurley54
mikecapuano	euonymous
mikecapuano	MikeSpinale
mikecapuano	lauraoften
mikecapuano	SuperJer32
BillPascrell	DonaldNorcross
BillPascrell	RepRobinKelly
BillPascrell	RepRichardNeal
BillPascrell	repjoecrowley
BillPascrell	repsandylevin
BillPascrell	HouseDemocrats
BillPascrell	VetAffairsDems
BillPascrell	cspanwj
BillPascrell	PFANJ_IAFF
BillPascrell	SenatorMenendez
BillPascrell	MEPFuller
BillPascrell	WaysMeansCmte
BillPascrell	scrubbedin
BillPascrell	JillDLawrence
BillPascrell	insidetrade
BillPascrell	GLFOP
BillPascrell	PinkConcussions
BillPascrell	biaamerica
BillPascrell	jerseyjournal
BillPascrell	JDSalant
BillPascrell	NJ_Politics
BillPascrell	NJLCV
BillPascrell	HerbNJDC
BillPascrell	TheCrimeReport
BillPascrell	Ed4Excellence
BillPascrell	willmauldin
louiseslaughter	RepMaloney
louiseslaughter	SenSchumer
louiseslaughter	SenateDems
louiseslaughter	ProChoiceCaucus
louiseslaughter	matthewwell
RepAdamSmith	RepJayapal
RepAdamSmith	PeterWelch
RepAdamSmith	RepLoisFrankel
RepAdamSmith	DorisMatsui
RepAdamSmith	HouseDemocrats
RepAdamSmith	EnergyCommerce
RepAdamSmith	cspanwj
RepAdamSmith	HRC
RepAdamSmith	USAID
RepAdamSmith	ALZ_WA
RepAdamSmith	ONEinAmerica
RepAdamSmith	HASCDemocrats
RepAdamSmith	mercycorps
RepAdamSmith	IntraHealth
RepAdamSmith	WinWithoutWar
RepAdamSmith	binayshah
RepAdamSmith	WGHA
RepAdamSmith	BrandiKruse
RepAdamSmith	LizSchrayer
RepAdamSmith	MemoryBrain_UW
RepAdamSmith	NWSSeattle
RepAdamSmith	PSPartnership
RepAdamSmith	SBASeattle
RepAdamSmith	CivCenter
RepAdamSmith	AfPeacebuilding
RepAdamSmith	SFCG_
RepAdamSmith	PATHtweets
RepAdamSmith	PATHadvocacy
RepAdamSmith	GlobalHealthOrg
RepAdamSmith	weareoneamerica
RepAdamSmith	WWFH_WA
RepMikeQuigley	janschakowsky
RepMikeQuigley	LCVoters
RepMikeQuigley	SEEC
RepMikeQuigley	CNNnewsroom
RepMikeQuigley	SierraClubLive
RepMikeQuigley	GregHinz
RepMikeQuigley	SAAPRIChicago
RepMikeQuigley	LISCChicago
RepMikeQuigley	tropicalaudubon
RepMikeQuigley	ChicagoBarFound
RepMikeQuigley	wttw
RepJohnLarson	RepTimWalz
RepJohnLarson	RepEsty
RepJohnLarson	RepDanKildee
RepJohnLarson	rosadelauro
RepJohnLarson	RepTedDeutch
RepJohnLarson	RepJoeCourtney
RepJohnLarson	BillPascrell
RepJohnLarson	WhipHoyer
RepJohnLarson	ricardorossello
RepJohnLarson	HouseDemocrats
RepJohnLarson	WaysMeansCmte
RepJohnLarson	SSWorks
RepJohnLarson	ABC
RepJohnLarson	sandyhook
RepJohnLarson	AARPCT
RepJohnLarson	NDRNadvocates
RepJohnLarson	AADaddario
RepJohnLarson	AlessandraNBC
RepJohnLarson	kathymegan
RepJohnLarson	townnewsguy
RepJohnLarson	jessleavenworth
RepJohnLarson	mikaelaporterHC
RepJohnLarson	SanGomez_News
RepJohnLarson	CourantPhotogs
RepJohnLarson	SeniorCorps
RepJohnLarson	FuelCell_Energy
chakafattah	Astro_Flow
chakafattah	32BJSEIU
chakafattah	fastercures
chakafattah	ReneeCFattah
chakafattah	BrainCanada
JuliaBrownley	RepDonBeyer
JuliaBrownley	LCVoters
JuliaBrownley	NARAL
JuliaBrownley	TeamPelosi
JuliaBrownley	HSLegFund
JuliaBrownley	emilyslist
JuliaBrownley	tonijannotta
JuliaBrownley	CA_Dem
JuliaBrownley	Blanca_E_Rubio
JuliaBrownley	SandraFluke
JuliaBrownley	fionama
JuliaBrownley	realjonshark
JuliaBrownley	eqca
JuliaBrownley	BryanCaforio
JuliaBrownley	therdt
JuliaBrownley	AlyssaFranke
JuliaBrownley	miketanny
JuliaBrownley	jesseluna
JuliaBrownley	threesmommy
JuliaBrownley	dennert
AlanGrayson	CHeathWFTV
AlanGrayson	NationalNurses
AlanGrayson	SenCortezMasto
AlanGrayson	MomsRising
AlanGrayson	ASlavitt
AlanGrayson	ABC
AlanGrayson	neiltyson
AlanGrayson	DrDenaGrayson
AlanGrayson	downwithtyranny
AlanGrayson	BruceAHartman1
AlanGrayson	JoycejohnsonR
AlanGrayson	MitchEPerry
AlanGrayson	wmnf
AlanGrayson	Alyssa_Milano
AlanGrayson	42Gnome
AlanGrayson	alduk72
AlanGrayson	FunderMueller
AlanGrayson	NNUBonnie
AlanGrayson	AllisonBJanney
AlanGrayson	raveninak
AlanGrayson	ChristynRoyce
AlanGrayson	cenkuygur
AlanGrayson	moroccandna
AlanGrayson	ThreeMuckrakers
AlanGrayson	pdamerica
AlanGrayson	WorldPoliticsDC
AlanGrayson	UKProgressive
AlanGrayson	SteegVan
AlanGrayson	DennisGMoriarty
AlanGrayson	kotokatana
AlanGrayson	MichelleErtel
AlanGrayson	CCinRI
AlanGrayson	BigKarl8
AlanGrayson	howroute
AlanGrayson	Robert_Han_28
AlanGrayson	davidrein
AlanGrayson	StephenSound
AlanGrayson	funder
AlanGrayson	howeasyweforget
AlanGrayson	MissingKids
AlanGrayson	FIRE_THE_FOOL
AlanGrayson	DutchessOfDork
AlanGrayson	MaryBridgeman3
RepJerryNadler	RepEspaillat
RepJerryNadler	RepJayapal
RepJerryNadler	RepValDemings
RepJerryNadler	RepTedLieu
RepJerryNadler	RepBonnie
RepJerryNadler	RepBeatty
RepJerryNadler	RepTimWalz
RepJerryNadler	RepDanKildee
RepJerryNadler	RepSwalwell
RepJerryNadler	RepJeffries
RepJerryNadler	RepKarenBass
RepJerryNadler	JoaquinCastrotx
RepJerryNadler	RepCohen
RepJerryNadler	RepTedDeutch
RepJerryNadler	repjoecrowley
RepJerryNadler	RepJoeCourtney
RepJerryNadler	JacksonLeeTX18
RepJerryNadler	RepGutierrez
RepJerryNadler	RepAdamSchiff
RepJerryNadler	repjohnlewis
RepJerryNadler	NancyPelosi
RepJerryNadler	HispanicCaucus
RepJerryNadler	HouseDemocrats
RepJerryNadler	HouseRadioTV
RepJerryNadler	LtGovHochulNY
RepJerryNadler	edworkforcedems
RepJerryNadler	NARAL
RepJerryNadler	HouseJudDems
RepJerryNadler	OversightDems
RepJerryNadler	OutFrontCNN
RepJerryNadler	allinwithchris
RepJerryNadler	TheBeatWithAri
RepJerryNadler	ABCPolitics
RepJerryNadler	MSNBC
RepJerryNadler	CNNPolitics
RepJerryNadler	ABCWorldNews
RepJerryNadler	tedlieu
RepJerryNadler	SenSchumer
RepJerryNadler	SenFeinstein
RepJerryNadler	maggieNYT
RepJerryNadler	NBCNews
RepJerryNadler	kylegriffin1
RepJerryNadler	ABC
RepJerryNadler	NewDay
RepJerryNadler	ProChoiceCaucus
RepJerryNadler	tictoc
RepJerryNadler	tribelaw
RepJerryNadler	NBCPolitics
RepJerryNadler	GeorgetownLaw
RepJerryNadler	evanmcmurry
RepJerryNadler	KatzNYC
RepJerryNadler	prattcenter
RepJerryNadler	March4LivesNYC
RepJerryNadler	BrianLehrer
RepJerryNadler	RecordingAcad
RepJerryNadler	MeetThePress
USRepMikeDoyle	repmarkpocan
USRepMikeDoyle	RepCheri
USRepMikeDoyle	RepDelBene
USRepMikeDoyle	RepRichardNeal
USRepMikeDoyle	RepJohnYarmuth
USRepMikeDoyle	RepYvetteClarke
USRepMikeDoyle	rosadelauro
USRepMikeDoyle	RepTedDeutch
USRepMikeDoyle	BillPascrell
USRepMikeDoyle	RepJohnLarson
USRepMikeDoyle	DorisMatsui
USRepMikeDoyle	NancyPelosi
USRepMikeDoyle	HouseDemocrats
USRepMikeDoyle	EnergyCommerce
USRepMikeDoyle	RepLloydDoggett
USRepMikeDoyle	BarackObama
USRepMikeDoyle	HouseBudgetDems
USRepMikeDoyle	voxdotcom
USRepMikeDoyle	GlennKesslerWP
USRepMikeDoyle	SenateDems
USRepMikeDoyle	MClyburnFCC
USRepMikeDoyle	DLeonhardt
USRepMikeDoyle	SenBobCasey
USRepMikeDoyle	MattSmithGPghCC
USRepMikeDoyle	CityPGH
USRepMikeDoyle	S_WalshPA
USRepMikeDoyle	TheNextPGH
USRepMikeDoyle	ACE_Fitzgerald
USRepMikeDoyle	JorgenRE2
USRepMikeDoyle	eicpittsburgh
USRepMikeDoyle	Policy
USRepMikeDoyle	Wonkblog
USRepMikeDoyle	petra_catalyst
USRepMikeDoyle	CoreyOConnorPGH
USRepMikeDoyle	SenBobCorker
DorisMatsui	USRepKCastor
DorisMatsui	RepTimWalz
DorisMatsui	RepLoisFrankel
DorisMatsui	RepJoeKennedy
DorisMatsui	RepDanKildee
DorisMatsui	RepCicilline
DorisMatsui	RepJohnYarmuth
DorisMatsui	RepTerriSewell
DorisMatsui	RepBobbyRush
DorisMatsui	RepThompson
DorisMatsui	NydiaVelazquez
DorisMatsui	rosadelauro
DorisMatsui	RepTedDeutch
DorisMatsui	RepJohnLarson
DorisMatsui	janschakowsky
DorisMatsui	WhipHoyer
DorisMatsui	NancyPelosi
DorisMatsui	HouseDemocrats
DorisMatsui	EnergyCommerce
DorisMatsui	edworkforcedems
DorisMatsui	thebeatdc
DorisMatsui	CAPAC
DorisMatsui	HouseDemWomen
DorisMatsui	CoveredCA
DorisMatsui	HFACDemocrats
DorisMatsui	AQMD
DorisMatsui	saclib
DorisMatsui	SACOG
DorisMatsui	officialSCUSD
DorisMatsui	CTIA
DorisMatsui	SACCTEAM
DorisMatsui	SacramentoKings
DorisMatsui	CapRadioRuyak
DorisMatsui	Voices4Service
DorisMatsui	CalBudgetCenter
DorisMatsui	RideSacRT
DorisMatsui	TheChildrensInn
RepGutierrez	RepDonBeyer
RepGutierrez	RepJuanVargas
RepGutierrez	RepMcGovern
RepGutierrez	JoaquinCastrotx
RepGutierrez	NydiaVelazquez
RepGutierrez	repjoecrowley
RepGutierrez	RepJerryNadler
RepGutierrez	RepRaulGrijalva
RepGutierrez	RepMikeCoffman
RepGutierrez	RosLehtinen
RepGutierrez	NBCLatino
RepGutierrez	HispanicCaucus
RepGutierrez	DemsEspanol
RepGutierrez	thebeatdc
RepGutierrez	alangomez
RepGutierrez	HouseJudDems
RepGutierrez	SXMProgress
RepGutierrez	cheddar
RepGutierrez	kylegriffin1
RepGutierrez	tictoc
RepGutierrez	GregChenAILA
RepGutierrez	ThePlumLineGS
RepGutierrez	KPolanowicz
RepGutierrez	JoseADelgadoEND
RepGutierrez	jM_LR
RepGutierrez	DavidLeopold
RepGutierrez	KKUNITEHERE
RepGutierrez	PaulJElsberg
RepGutierrez	jwestropeDMA
RepGutierrez	kreome
RepGutierrez	Rafael_Bernal_
RepGutierrez	shobawadhia
RepGutierrez	cyrusmehta
RepGutierrez	KarlaLammers
RepGutierrez	AILASoFlorida
RepGutierrez	CityClubChicago
RepGutierrez	ChicagosMayor
RepGutierrez	JMurguia_Unidos
RepGutierrez	JuddLegum
RepGutierrez	jorgeramosnews
RepGutierrez	jiveDurkey
RepMaxineWaters	RepRoybalAllard
RepMaxineWaters	RepCicilline
RepMaxineWaters	RepBarbaraLee
RepMaxineWaters	janschakowsky
RepMaxineWaters	NancyPelosi
RepMaxineWaters	HouseDemocrats
RepMaxineWaters	HouseRadioTV
RepMaxineWaters	CAPAC
RepMaxineWaters	USProgressives
RepMaxineWaters	latimes
RepMaxineWaters	HomelandDems
RepMaxineWaters	kyledcheney
RepMaxineWaters	thehill
RepMaxineWaters	allinwithchris
RepMaxineWaters	TheBeatWithAri
RepMaxineWaters	MSNBC
RepMaxineWaters	CNNPolitics
RepMaxineWaters	CBSNews
RepMaxineWaters	samstein
RepMaxineWaters	cspan
RepMaxineWaters	kylegriffin1
RepMaxineWaters	HouseDemWomen
RepMaxineWaters	amjoyshow
RepMaxineWaters	FSCDems
RepMaxineWaters	HuffPost
RepMaxineWaters	LATpoliticsCA
RepMaxineWaters	StopTheDebtTrap
RepMaxineWaters	NatashaBertrand
RepMaxineWaters	Essence
RepMaxineWaters	mattfwood
RepMaxineWaters	freepress
RepMaxineWaters	Blavity
RepMaxineWaters	GlobalGrind
RepMaxineWaters	RickeySmiley
RepMaxineWaters	Shareblue
RepMaxineWaters	theGrio
RepMaxineWaters	K_JeanPierre
RepMaxineWaters	popdemoc
RepMaxineWaters	shawnsebastian
RepMaxineWaters	PoliticusSarah
RepMaxineWaters	andrewkimmel
RepMaxineWaters	ELLEmagazine
RepMaxineWaters	tvonetv
RepMaxineWaters	BETNews
RepMaxineWaters	RemedyPodcast
RepMaxineWaters	11thHour
RepMaxineWaters	MaddowBlog
RepMaxineWaters	NHMC
RepMaxineWaters	mmfa
pedropierluisi	Metro_PR
RepBrianHiggins	WhipHoyer
RepBrianHiggins	HouseDemocrats
RepBrianHiggins	SenMarkey
RepBrianHiggins	MachinistsUnion
RepBrianHiggins	HouseBudgetDems
RepBrianHiggins	AFLCIO
RepBrianHiggins	CSCCancerPolicy
RepBrianHiggins	AGSchneiderman
RepBrianHiggins	bekind2themind
RepBrianHiggins	WBFO
RepBrianHiggins	news4buffalo
RepBrianHiggins	UnitedWay
RepBrianHiggins	WKBW
RepBrianHiggins	ErieCanalHarbor
RepBrianHiggins	BfloBizTDrury
RepBrianHiggins	CancerCare4All
RepBrianHiggins	squeakybuffalo
RepBrianHiggins	IMFadvocacy
RepBrianHiggins	SPECNewsBuffalo
RepBrianHiggins	ConstructionExc
RepBrianHiggins	NiagaraUniv
RepBrianHiggins	ErieCoDEP
RepBrianHiggins	BfloBizJimFink
RepBrianHiggins	BishopTimonHigh
RepBrianHiggins	NewsRadio930
RepBrianHiggins	DredgingToday
RepBrianHiggins	AnneNeville1
RepBrianHiggins	Meg__Rossman
RepBrianHiggins	USACE_Buffalo
RepBrianHiggins	SAvery131
RepBrianHiggins	TJPignataro
RepBrianHiggins	WNYTransit
RepBrianHiggins	DannySpewakWGRZ
RepBrianHiggins	TheBuffaloNews
RepBrianHiggins	jdepstein
RepBrianHiggins	BuffaloNiagara
RepBrianHiggins	MandT_Bank
RepBrianHiggins	JRCHCBuffaloNY
RepBrianHiggins	BNWaterkeeper
RepBrianHiggins	BufLawJournal
RepBrianHiggins	Max_Kalnitz
RepBrianHiggins	ErieCountyNY
RepBrianHiggins	markpoloncarz
RepBrianHiggins	weareSFA
RepBrianHiggins	OfTonawanda
RepBrianHiggins	NYSThruway
RepBrianHiggins	eileenwbfo
RepBrianHiggins	TheKingCenter
RepBrianHiggins	BfloBizFirst
RepBrianHiggins	YA_WNY
RepBrianHiggins	CheektowagaInfo
RepBrianHiggins	VVMF
RepBrianHiggins	AlbrightKnox
RepBrianHiggins	broadwaymkt
RepBrianHiggins	buffaloclc
RepBrianHiggins	ChrisCaya
RepBrianHiggins	MrozWBFO
RepBrianHiggins	JerryZremski
RepJoseSerrano	RepEspaillat
RepJoseSerrano	RepCummings
RepJoseSerrano	NydiaVelazquez
RepJoseSerrano	repjoecrowley
RepJoseSerrano	ricardorossello
RepJoseSerrano	HouseDemocrats
RepJoseSerrano	Carmelorios
RepJoseSerrano	RepJenniffer
RepJoseSerrano	Jenniffer2012
RepJoseSerrano	thebeatdc
RepJoseSerrano	ProPublica
RepJoseSerrano	mayitaalcaldesa
RepJoseSerrano	AFTunion
RepJoseSerrano	freepress
RepJoseSerrano	nalac_arts
RepJoseSerrano	SenatorSerrano
RepJoseSerrano	mmcauliff
RepJoseSerrano	fochilloNHMC
RepJoseSerrano	LSCtweets
RepJoseSerrano	JoinJoyner
RepJoseSerrano	Welcome2theBX
RepJoseSerrano	mediajustice
RepJoseSerrano	SquarePegDem
RepJoseSerrano	Salamancajr80
RepJoseSerrano	MarcosCrespo85
RepJoseSerrano	julito77
FrankPallone	RepMcEachin
FrankPallone	DonaldNorcross
FrankPallone	RepDanKildee
FrankPallone	RepCummings
FrankPallone	EnergyCommerce
FrankPallone	RepLloydDoggett
FrankPallone	nowthisnews
FrankPallone	GovMurphy
FrankPallone	TheBeatWithAri
FrankPallone	wcbs880
FrankPallone	OTLonESPN
FrankPallone	ANCA_DC
FrankPallone	cilentom
FrankPallone	AARPNJ
FrankPallone	NJ_NonProfits
FrankPallone	streetbanker
FrankPallone	mayorbusch
FrankPallone	FlanaganNJTV
FrankPallone	DougOMalleyENJ
jahimes	RepJoeCourtney
jahimes	RepAdamSchiff
jahimes	repjohnlewis
jahimes	HouseNewDems
jahimes	CSGV
jahimes	justinamash
jahimes	jaketapper
jahimes	ChrisMurphyCT
jahimes	mitchellreports
jahimes	JohnBrennan
jahimes	SenJohnMcCain
jahimes	JamesMartinSJ
jahimes	FCNL
jahimes	MichaelSkolnik
jahimes	FoxNews
jahimes	jimsciutto
jahimes	POLITICOLive
jahimes	NormEisen
jahimes	crampell
jahimes	MarkWarner
jahimes	March4LivesNYC
jahimes	EdPageCourant
jahimes	sashaknows
jahimes	Team_Mitch
jahimes	Henkel
jahimes	johnfkirby63
jahimes	DavidGusitsch
jahimes	OARichardEngel
jahimes	FairfieldCares
jahimes	swin24
jahimes	didacticdude
jahimes	colinwilhelm
jahimes	madeleine
jahimes	CTMirrorPaz
jahimes	FairfieldCTDems
jahimes	MelliBitch
jahimes	gooberkn
jahimes	ZekeJMiller
jahimes	FightExtremism
jahimes	jonathanchait
jahimes	USIP
jahimes	Susan_Hennessey
jahimes	econjared
jahimes	GerardAraud
jahimes	stamfordmayor
jahimes	nikkihaley
jahimes	AquinasLearning
jahimes	indivisiblect4
jahimes	JustinWolfers
jahimes	senatorduff
jahimes	JasonBordoff
jahimes	BeschlossDC
jahimes	Comey
jahimes	VoteNewDems
jahimes	StandUpRepublic
jahimes	jmclaughlinSAIS
jahimes	hartfordcourant
jahimes	pourmecoffee
jahimes	nfergus
jahimes	celiebugpro
jahimes	UConn
BradSherman	RosLehtinen
BradSherman	SenMarkey
BradSherman	cspanwj
BradSherman	CountyofLA
BradSherman	lapublichealth
BradSherman	indefchristians
BradSherman	nalandau18
BradSherman	FoxNewsSunday
BradSherman	cecilemichaelis
BradSherman	JennDrudgeCaAAM
BradSherman	PolitiFact
BradSherman	LAPDHQ
BradSherman	ReadyLA
BradSherman	LAFDtalk
BradSherman	MayorOfLA
BradSherman	VCAPetHealth
BradSherman	CaltransDist7
BradSherman	LACity
BradSherman	LASchools
BradSherman	LAFD
RepAdamSchiff	BarackObama
RepAdamSchiff	MSNBC
RepAdamSchiff	ABC
RepAdamSchiff	MaddowBlog
RepAdamSchiff	CFR_org
repjohnlewis	RosLehtinen
repjohnlewis	HouseDemocrats
repjohnlewis	govtrack
repjohnlewis	AndrewGoodmanF
repjohnlewis	WaysMeansCmte
repjohnlewis	votevets
repjohnlewis	cspan
repjohnlewis	foe_us
repjohnlewis	ACLU
repjohnlewis	CongressionalAC
repjohnlewis	wabenews
repjohnlewis	ObamaFoundation
repjohnlewis	ClimateReality
repjohnlewis	NFLPA
repjohnlewis	SIGTARP
repjohnlewis	Yale
repjohnlewis	AndreDCSD
repjohnlewis	Columbia
repjohnlewis	JeremyLRedmon
repjohnlewis	MarissaMFOX5
RepRaulGrijalva	RepBarbaraLee
RepRaulGrijalva	NRDems
RepRaulGrijalva	Think100Show
RepRaulGrijalva	USProgressives
RepRaulGrijalva	IRSnews
RepRaulGrijalva	taxmarch
RepDianaDeGette	RepTimWalz
RepDianaDeGette	RepDanKildee
RepDianaDeGette	RepCummings
RepDianaDeGette	WhipHoyer
RepDianaDeGette	HispanicCaucus
RepDianaDeGette	HouseDemocrats
RepDianaDeGette	EnergyCommerce
RepDianaDeGette	WHO
RepDianaDeGette	MomsRising
RepDianaDeGette	SallyQYates
RepDianaDeGette	HouseDemWomen
RepDianaDeGette	ProChoiceCaucus
RepDianaDeGette	Interior
RepDianaDeGette	FightExtremism
RepDianaDeGette	sofiewhitney
RepDianaDeGette	karaswisher
RepDianaDeGette	UniteWomenNJ
RepDianaDeGette	ConservationCO
repsandylevin	RepJayapal
repsandylevin	RepTimWalz
repsandylevin	RepDanKildee
repsandylevin	RepCummings
repsandylevin	RepJohnYarmuth
repsandylevin	rosadelauro
repsandylevin	RepJohnLarson
repsandylevin	DorisMatsui
repsandylevin	WhipHoyer
repsandylevin	NancyPelosi
repsandylevin	RepDaveJoyce
repsandylevin	RepLloydDoggett
repsandylevin	HouseBudgetDems
repsandylevin	thehill
repsandylevin	nytimes
repsandylevin	WaysMeansCmte
repsandylevin	cspan
repsandylevin	RepAdams
repsandylevin	CQnow
repsandylevin	GetUSCovered
repsandylevin	UnbreakableAgs
repsandylevin	SarahRahal_
repsandylevin	JenGranholm
repsandylevin	AdamEKaplan
RepSpeier	RepDonBeyer
RepSpeier	RepHuffman
RepSpeier	LeoShane
RepSpeier	dberrygannett
RepSpeier	jbendery
RepSpeier	ProChoiceCaucus
RepSpeier	AC360
RepSpeier	ARAMAC_DC
RepSpeier	ProtectRDfnders
RepSpeier	PeninsulaMuseum
RepSpeier	loisbeckett
RepSpeier	mchooyah
RepSpeier	JonMays
RepHankJohnson	RepTedLieu
RepHankJohnson	RepDonBeyer
RepHankJohnson	USRepKCastor
RepHankJohnson	RepTimWalz
RepHankJohnson	repmarkpocan
RepHankJohnson	RepLoisFrankel
RepHankJohnson	RepEsty
RepHankJohnson	RepDanKildee
RepHankJohnson	RepSwalwell
RepHankJohnson	RepCummings
RepHankJohnson	RepJeffries
RepHankJohnson	RepCicilline
RepHankJohnson	RepRichardNeal
RepHankJohnson	RepJohnYarmuth
RepHankJohnson	RepBarbaraLee
RepHankJohnson	RepMcGovern
RepHankJohnson	JoaquinCastrotx
RepHankJohnson	BennieGThompson
RepHankJohnson	RepJerryNadler
RepHankJohnson	RepGwenMoore
RepHankJohnson	WhipHoyer
RepHankJohnson	HispanicCaucus
RepHankJohnson	HouseDemocrats
RepHankJohnson	CaucusOnClimate
RepHankJohnson	OfficialCBC
RepHankJohnson	RepLloydDoggett
RepHankJohnson	townhallproject
RepHankJohnson	VetAffairsDems
RepHankJohnson	ILRF
RepHankJohnson	HouseJudDems
RepHankJohnson	nytimes
RepHankJohnson	staceyabrams
RepHankJohnson	ACLU
RepHankJohnson	SenBlumenthal
RepHankJohnson	namigeorgia
RepHankJohnson	millerinstga
RepHankJohnson	CAU
RepHankJohnson	UFCW
RepHankJohnson	future_of_music
RepHankJohnson	meredadjohnson
RepHankJohnson	AtlantaMarch
RepHankJohnson	MelsLien
RepHankJohnson	DPEaflcio
RepHankJohnson	CRSA_Georgia
RepHankJohnson	PortiaFOX5
RepHankJohnson	MichelleObama
RepHankJohnson	musicFIRST
RepHankJohnson	DeKalbNewsNow
RepHankJohnson	MARTA_Planning
janschakowsky	RepMcEachin
janschakowsky	RepRaskin
janschakowsky	RepDonBeyer
janschakowsky	USRepKCastor
janschakowsky	RepRobinKelly
janschakowsky	RepTimWalz
janschakowsky	RepBillFoster
janschakowsky	RepDanKildee
janschakowsky	RepRoybalAllard
janschakowsky	RepJohnYarmuth
janschakowsky	RepDavidEPrice
janschakowsky	FrankPallone
janschakowsky	RepAdamSchiff
janschakowsky	NancyPelosi
janschakowsky	HispanicCaucus
janschakowsky	HouseDemocrats
janschakowsky	EnergyCommerce
janschakowsky	RepLloydDoggett
janschakowsky	USProgressives
janschakowsky	NARAL
janschakowsky	nowthisnews
janschakowsky	SenatorMenendez
janschakowsky	BlueCollarDems
janschakowsky	HouseDemWomen
janschakowsky	unitehere
janschakowsky	SenatorDurbin
janschakowsky	KristinDavis
janschakowsky	RamblersMBB
janschakowsky	CNBC
janschakowsky	RightCareNow
janschakowsky	Maine_South
janschakowsky	jstreetu
janschakowsky	cnnbrk
janschakowsky	ilyseh
janschakowsky	UniteHerelocal1
EleanorNorton	repmarkpocan
EleanorNorton	RepHuffman
EleanorNorton	RepTedDeutch
EleanorNorton	HispanicCaucus
EleanorNorton	HouseDemocrats
EleanorNorton	Fla_Pol
EleanorNorton	OfficialCBC
EleanorNorton	thebeatdc
EleanorNorton	USProgressives
EleanorNorton	CSGV
EleanorNorton	thehill
EleanorNorton	TheBeatWithAri
EleanorNorton	SenSchumer
EleanorNorton	cspan
EleanorNorton	rollcall
EleanorNorton	GeorgetownLaw
EleanorNorton	ChadPergram
EleanorNorton	ToTheContrary
EleanorNorton	MayorBowser
EleanorNorton	axios
EleanorNorton	DC_Vote
EleanorNorton	UNANCA
EleanorNorton	TheDCArts
EleanorNorton	MonteFrankCT
EleanorNorton	Capitals
EleanorNorton	AveryWGardiner
EleanorNorton	MarkCGlaze
EleanorNorton	DeathwDignity
EleanorNorton	ChmnMendelson
EleanorNorton	DCMJ2014
EleanorNorton	protectneighbor
EleanorNorton	ACLU_DC
EleanorNorton	jodienbc4
EleanorNorton	Nationals
EleanorNorton	EJDionne
EleanorNorton	greatdaywash
EleanorNorton	DaniellaMicaela
EleanorNorton	TalamanteDC
EleanorNorton	DCATA2014
EleanorNorton	vaMScan
EleanorNorton	WashInformer
RepGregoryMeeks	RepDonBeyer
RepGregoryMeeks	RepEsty
RepGregoryMeeks	RepSwalwell
RepGregoryMeeks	RepJeffries
RepGregoryMeeks	GKButterfield
RepGregoryMeeks	RepBarbaraLee
RepGregoryMeeks	RepYvetteClarke
RepGregoryMeeks	RepWilson
RepGregoryMeeks	JoaquinCastrotx
RepGregoryMeeks	repjoecrowley
RepGregoryMeeks	RepAdamSchiff
RepGregoryMeeks	repjohnlewis
RepGregoryMeeks	WhipHoyer
RepGregoryMeeks	NancyPelosi
RepGregoryMeeks	HispanicCaucus
RepGregoryMeeks	HouseDemocrats
RepGregoryMeeks	OfficialCBC
RepGregoryMeeks	theNYHC
RepGregoryMeeks	HouseNewDems
RepGregoryMeeks	thebeatdc
RepGregoryMeeks	cspanwj
RepGregoryMeeks	nothingbutnets
RepGregoryMeeks	MSNBC
RepGregoryMeeks	SenSchumer
RepGregoryMeeks	CBSNews
RepGregoryMeeks	JohnBrennan
RepGregoryMeeks	gmfus
RepGregoryMeeks	RepAdams
RepGregoryMeeks	AMarch4OurLives
RepGregoryMeeks	QueensTrib
RepGregoryMeeks	rubenharris
RepGregoryMeeks	tim_cook
RepGregoryMeeks	AlliedProgress
RepGregoryMeeks	CNNSotu
RepGregoryMeeks	MarkWarner
RepGregoryMeeks	matthewjdowd
RepGregoryMeeks	NYCComptroller
RepGregoryMeeks	secupp
RepGregoryMeeks	johnlegend
RepGregoryMeeks	IndiainNewYork
RepGregoryMeeks	MalariaNoMore
RepGregoryMeeks	EximBankUS
RepGregoryMeeks	RESPANews
RepGregoryMeeks	H_Lev
RepGregoryMeeks	QueensChronicle
RepGregoryMeeks	thenyic
RepGregoryMeeks	LeoredhookBKLYN
RepGregoryMeeks	NLintheUSA
RepGregoryMeeks	NestorMendezOAS
RepGregoryMeeks	OAS_official
RepGregoryMeeks	silverrj99
RepGregoryMeeks	Idealist_Amanda
RepGregoryMeeks	USAmbNATO
RepGregoryMeeks	Kxrees
RepGregoryMeeks	Aaron_Glantz
RepGregoryMeeks	NYCPA
RepGwenMoore	RepDebDingell
RepGwenMoore	RepRobinKelly
RepGwenMoore	RepBillFoster
RepGwenMoore	RepEsty
RepGwenMoore	RepDanKildee
RepGwenMoore	NancyPelosi
RepGwenMoore	HispanicCaucus
RepGwenMoore	HouseDemocrats
RepGwenMoore	OfficialCBC
RepGwenMoore	BarackObama
RepGwenMoore	nowthisnews
RepGwenMoore	JoyAnnReid
RepGwenMoore	JohnJHarwood
RepGwenMoore	jbendery
RepGwenMoore	cmclymer
RepGwenMoore	car_nove
RepGwenMoore	HealthCareVoter
RepGwenMoore	jessicagolds
repjimcooper	RepStephMurphy
repjimcooper	repjohnlewis
repjimcooper	LegalAidNYC
repjimcooper	BarackObama
repjimcooper	HouseBlueDogs
repjimcooper	thehill
repjimcooper	DanRather
repjimcooper	voxdotcom
repjimcooper	ABC
repjimcooper	usatodayopinion
repjimcooper	srl
repjimcooper	hansilowang
repjimcooper	GetUSCovered
repjimcooper	MarkWarner
repjimcooper	DavidBrin
repjimcooper	JRClemmons
repjimcooper	MayorBriley
repjimcooper	ma_anastasi
repjimcooper	fairvote
repjimcooper	stephenmfee
repjimcooper	davidplazas
repjimcooper	learothawms
repjimcooper	TNJusticeCenter
repjimcooper	TransitForNash
repjimcooper	VerifiedVoting
repjimcooper	NHL
repjimcooper	Tennessean
repjimcooper	TheAtlantic
repjimcooper	GoldGooseAward
repjimcooper	jengilligancole
repjimcooper	yarbro
repjimcooper	KeelHunt
repjimcooper	ZcohenCNN
repjimcooper	ThinkTN
repjimcooper	asmithfield
repjimcooper	CharlaneO
repjimcooper	nprpolitics
repjimcooper	BUcommunity
repjimcooper	DickersonforS20
repjimcooper	LoveforHouse58
repjimcooper	sheriweiner
repjimcooper	NewYorker
repjimcooper	Dave_Boucher1
repjimcooper	NPRHealth
repjimcooper	Atul_Gawande
repjimcooper	MetroNashville
repjimcooper	pewresearch
repjimcooper	PredsNHL
repjimcooper	scicoalition
repjimcooper	ameliaknisely
repjimcooper	Gnash00
repjimcooper	JasonIsbell
repjimcooper	WSMV
repjimcooper	ASCAP
repjimcooper	ezraklein
repjimcooper	FiveThirtyEight
repjimcooper	LauraLitvan
WhipHoyer	RepMcEachin
WhipHoyer	RepTedLieu
WhipHoyer	RepKClark
WhipHoyer	RepTimWalz
WhipHoyer	RepBillFoster
WhipHoyer	RepDanKildee
WhipHoyer	RepCummings
WhipHoyer	RepCicilline
WhipHoyer	RepRichardNeal
WhipHoyer	RepJohnLarson
WhipHoyer	OfficialCBC
WhipHoyer	HouseNewDems
WhipHoyer	RepLloydDoggett
WhipHoyer	WaysMeansCmte
WhipHoyer	HouseDPCC
cbrangel	RepLawrence
cbrangel	RepKClark
cbrangel	RepBeatty
cbrangel	RepGraceMeng
cbrangel	RepTerriSewell
cbrangel	RepRichmond
cbrangel	BobbyScott
cbrangel	RepJoseSerrano
cbrangel	NancyPelosi
cbrangel	chelliepingree
cbrangel	keithellison
cbrangel	HeardontheHill
cbrangel	emv52
cbrangel	mrmicahali
cbrangel	BarackObama
cbrangel	HRC
cbrangel	ACLU
cbrangel	CongressionalAC
cbrangel	FoxNews
cbrangel	greggiroux
cbrangel	AlexGangitano
cbrangel	MadisonSiriusXM
cbrangel	FoxBusiness
cbrangel	Azi
cbrangel	NY1noticias
cbrangel	PSSCares
cbrangel	RangelProgram
cbrangel	palanteharlem
cbrangel	GregoryMeeks
cbrangel	avon_14
cbrangel	cirseiu
cbrangel	andiezd
cbrangel	APO_source
cbrangel	GeoffreyPhilp
cbrangel	FedNet
cbrangel	EstherNMNLim
cbrangel	NY1
cbrangel	NYjusticeleague
cbrangel	InsideCityHall
cbrangel	BuddMishkinNY1
cbrangel	triadas
cbrangel	RachelS23
cbrangel	NYGovCuomo
cbrangel	whitakergroup
cbrangel	106th
cbrangel	WillBredderman
cbrangel	rleehim
cbrangel	KCDaveSmith
cbrangel	MarkLevineNYC
cbrangel	TinaDupuy
cbrangel	GersonBorrero
cbrangel	SuccessCharters
cbrangel	Limeylizzie
cbrangel	CRISPontheHill
cbrangel	LynetteGM
cbrangel	KarenBassTweets
cbrangel	runclaytonrun
cbrangel	nedra_robinson
cbrangel	RepBecerra
cbrangel	nyc311
cbrangel	VotingInfo
RepPerlmutter	RepTimWalz
RepPerlmutter	RepBillFoster
RepPerlmutter	RepDennyHeck
RepPerlmutter	RepJoeKennedy
RepPerlmutter	RepSwalwell
RepPerlmutter	HouseDemocrats
RepPerlmutter	HouseNewDems
RepPerlmutter	IRSnews
RepPerlmutter	AmericanLegion
RepPerlmutter	NatlParkService
RepPerlmutter	NASA
RepPerlmutter	colo_politics
RepPerlmutter	MetroDenverEDC
RepPerlmutter	LakewoodColo
RepPerlmutter	StopFraudCo
RepSchrader	RepOHalleran
RepSchrader	PeterWelch
RepSchrader	RepScottPeters
RepSchrader	RepJohnYarmuth
RepSchrader	HouseAgNews
RepSchrader	HouseCommerce
RepSchrader	EnergyCommerce
RepSchrader	edworkforcedems
RepSchrader	VetAffairsDems
RepSchrader	HouseBlueDogs
RepSchrader	NoLabelsOrg
RepSchrader	nature_oregon
RepSchrader	Oregonian
RepSchrader	ORfirefighters
RepSchrader	ORDeptEd
RepSchrader	RManning47
RepSchrader	AVMAvets
RepSchrader	TillamookCheese
RepSchrader	EileenParkTV
RepSchrader	jtierney6
RepSteveIsrael	RepAdamSchiff
RepSteveIsrael	JohnBrennan
RepSteveIsrael	PoliticsProse
RepSteveIsrael	realDonaldTrump
RepSteveIsrael	1a
RepSteveIsrael	SteveScottNEWS
RepSteveIsrael	StandUpRepublic
RepSteveIsrael	LIBN
RepSteveIsrael	Salon
RepSteveIsrael	BNuppereast
RepSteveIsrael	FolcsNYU
RepSteveIsrael	TomBeerBooks
RepSteveIsrael	LILitFest
RepSteveIsrael	DeepakChopra
RepSteveIsrael	cunningham61
RepSteveIsrael	craignewmark
RepSteveIsrael	MyJewishBooks
RepSteveIsrael	barrylaffs
RepSteveIsrael	ktullymcmanus
RepSteveIsrael	DeadlineWH
RepSteveIsrael	SimonBooks
repbenraylujan	LCVoters
repbenraylujan	EnergyCommerce
repbenraylujan	ALALibrary
repbenraylujan	brianschatz
repbenraylujan	meowwolf
repbenraylujan	SCActionNetwork
repbenraylujan	First_Focus
JimLangevin	RepCummings
JimLangevin	edworkforcedems
JimLangevin	ericgeller
JimLangevin	cheddar
JimLangevin	signalmag
JimLangevin	MENTORnational
RepSires	RepDonaldPayne
RepMikeHonda	RepBillFoster
RepMikeHonda	RepDanKildee
RepMikeHonda	RepSwalwell
RepMikeHonda	RepSarbanes
RepMikeHonda	RepLoisCapps
RepMikeHonda	repdinatitus
RepMikeHonda	repjohnlewis
RepMikeHonda	NancyPelosi
RepMikeHonda	LCVoters
RepMikeHonda	SenMarkey
RepMikeHonda	AWIOnline
RepMikeHonda	PCGTW
RepMikeHonda	HRC
RepMikeHonda	SSWorks
RepMikeHonda	RepAdams
RepMikeHonda	TIME
RepMikeHonda	SecretService
RepMikeHonda	MarkLevineNYC
RepMikeHonda	EvillPunki
RepMikeHonda	NDIcitizens
RepMikeHonda	MeghanStabler
RepMikeHonda	MariamSVK
RepMikeHonda	CBSSF
RepMikeHonda	KBCWtv
RepMikeHonda	NewRepublic
RepMikeHonda	nmclernon
RepMikeHonda	mombian
RepMikeHonda	n_warren
RepMikeHonda	SCCOE
RepMikeHonda	remembranceDK
RepMikeHonda	OIF
RepMikeHonda	WithoutViolence
RepMikeHonda	LGBTTech
RepMikeHonda	fkwang
RepMikeHonda	FlySJC
RepMikeHonda	ClimateCost
RepMikeHonda	globalkids
RepMikeHonda	APAICS
RepMikeHonda	MaricarmenMSM
RepMikeHonda	pcorpsconnect
RepMikeHonda	lgbtqnation
RepMikeHonda	Michael_Shank
RepMikeHonda	legaciesofwar
RepMikeHonda	AIAspeaks
RepMikeHonda	SarahFunes
RepMikeHonda	VTA
RepMikeHonda	bartsv
RepMikeHonda	eastbaycitizen
repblumenauer	RepTedDeutch
repblumenauer	ChrisMurphyCT
repblumenauer	tomcolicchio
repblumenauer	ethannadelmann
NancyPelosi	RepBRochester
NancyPelosi	RepMcEachin
NancyPelosi	CongressmanRaja
NancyPelosi	RepJimmyPanetta
NancyPelosi	RepTedLieu
NancyPelosi	RepDebDingell
NancyPelosi	RepDonBeyer
NancyPelosi	RepKClark
NancyPelosi	RepBeatty
NancyPelosi	RepTimWalz
NancyPelosi	RepCardenas
NancyPelosi	RepBillFoster
NancyPelosi	RepLoisFrankel
NancyPelosi	RepVeasey
NancyPelosi	RepSchneider
NancyPelosi	RepDanKildee
NancyPelosi	RepCummings
NancyPelosi	RepCicilline
NancyPelosi	RepRichardNeal
NancyPelosi	RepMcGovern
NancyPelosi	RepYvetteClarke
NancyPelosi	RepJudyChu
NancyPelosi	RepDavidEPrice
NancyPelosi	RepJohnLarson
NancyPelosi	RepRaulGrijalva
NancyPelosi	RepDianaDeGette
NancyPelosi	RepGwenMoore
NancyPelosi	RepPerlmutter
NancyPelosi	RepSires
NancyPelosi	HispanicCaucus
NancyPelosi	HouseDemocrats
NancyPelosi	RepAnthonyBrown
NancyPelosi	RulesDemocrats
NancyPelosi	EnergyCommerce
NancyPelosi	RepLloydDoggett
NancyPelosi	HomelandDems
NancyPelosi	IRSnews
NancyPelosi	HRC
NancyPelosi	JohnJHarwood
NancyPelosi	HouseAgDems
NancyPelosi	RepAdams
NancyPelosi	SkillsCoalition
chelliepingree	RepDonBeyer
chelliepingree	RepPaulTonko
chelliepingree	RepDavidYoung
chelliepingree	RepTipton
chelliepingree	CleanAirMoms
chelliepingree	VetAffairsDems
chelliepingree	BlueCollarDems
chelliepingree	AlexCKaufman
chelliepingree	FurtherWithFood
chelliepingree	beardfoundation
chelliepingree	CivilEats
chelliepingree	saragideon
chelliepingree	NOAAFish_NEFSC
keithellison	RepRoKhanna
keithellison	RepJayapal
keithellison	RepTimWalz
keithellison	RepDanKildee
keithellison	RepJerryNadler
keithellison	HouseDemocrats
keithellison	OfficialCBC
keithellison	SenSanders
keithellison	NationalNurses
keithellison	USProgressives
keithellison	SenWarren
keithellison	SenKamalaHarris
keithellison	TheDemocrats
keithellison	tedlieu
keithellison	LeoShane
keithellison	FSCDems
keithellison	AC360
keithellison	JesseLehrich
keithellison	pdamerica
keithellison	funder
keithellison	Jacob_Frey
keithellison	Emolclause
keithellison	mkink
keithellison	keikoveasey
keithellison	SherrodBrown
keithellison	HannahAllam
keithellison	LuptonSusan
keithellison	afcmn
keithellison	peggyflanagan
keithellison	Khaaliss2
keithellison	MinnesotaDFL
keithellison	Jake_Hanrahan
keithellison	AndyBCampbell
keithellison	frontlinepbs
keithellison	Teamsters
keithellison	TWill876
keithellison	stlouispark
keithellison	ACLUMN
keithellison	trevor_radio
keithellison	inthesetimesmag
keithellison	ABetterMN
keithellison	aaronsojourner
keithellison	OurRevolution
keithellison	RBReich
keithellison	CharlotteOnder1
RepTimRyan	RepRoKhanna
RepTimRyan	RepAnnieKuster
RepTimRyan	CGAGroup
RepTimRyan	MachinistsUnion
RepTimRyan	jaketapper
RepTimRyan	HRC
RepTimRyan	EricLiptonNYT
RepTimRyan	JohnBrennan
RepTimRyan	KamalaHarris
RepTimRyan	Pontifex
RepTimRyan	SenDuckworth
RepTimRyan	onlyorganic
RepTimRyan	AppropsDems
RepTimRyan	businessinsider
RepTimRyan	RonaldKlain
RepTimRyan	ilyseh
RepTimRyan	TheBizJournal
RepTimRyan	UKCoachStoops
RepTimRyan	CoryBooker
RepTimRyan	DougJones
RepTimRyan	kevinlove
RepTimRyan	RobJKearns
RepTimRyan	GennaLab
RepRalphNorman	CongressmanRaja
RepRalphNorman	HouseSmallBiz
RepRalphNorman	RepJoeWilson
RepRalphNorman	RepJeffDuncan
RepRalphNorman	govtrack
RepRalphNorman	ACIBC
RepRalphNorman	VP
RepRalphNorman	FoxNews
RepRalphNorman	jslovegrove
RepRalphNorman	dcexaminer
RepRalphNorman	TegaCayPD
RepRalphNorman	HouseGOP
RepRalphNorman	AmChemMatters
RepRalphNorman	demarest_colin
RepRalphNorman	thejakegrant
RepRalphNorman	HeritageOTH
RepRalphNorman	EcoDevLancaster
RepRalphNorman	WRHI
RepRalphNorman	ycrchamber
RepRalphNorman	JiranRick
RepRalphNorman	scchamber
RepRalphNorman	RHHerald
RepRalphNorman	FreedomWorks
RepRalphNorman	RepTedBudd
RepRalphNorman	jennybethm
RepRalphNorman	AshleighHNews
RepRalphNorman	BristowatHome
RepRalphNorman	MTEC_SC
RepRalphNorman	SBAList
RepRalphNorman	DecisionNews
RepRalphNorman	WatersAdvocacy
RepRalphNorman	TheCCUL
RepRalphNorman	carolinas_trade
RepTomGarrett	govtrack
RepTomGarrett	USGLC
RepTomGarrett	akszymanski
RepTomGarrett	TheSwampSeries
RepTomGarrett	NBC29
RepTomGarrett	CBS19News
RepTomGarrett	8NEWS
RepTomGarrett	wcve
RepTomGarrett	virginianpilot
RepTomGarrett	MJBizDaily
RepTomGarrett	DailySignal
RepTomGarrett	joethomaswchv
RepTomGarrett	CRTV
RepTomGarrett	4FreedominIran
RepArrington	housebudgetGOP
RepArrington	SteveScalise
RepArrington	HouseAgNews
RepArrington	matteroffacttv
RepArrington	FoxBusiness
RepArrington	HouseGOP
RepArrington	OSTXshow
RepArrington	ChadHastyRadio
RepArrington	AnnaEWiernicki
RepArrington	TerriFurmanKLBK
RepArrington	KTABTV
RepArrington	fox34
RepArrington	cass_carlson
RepJimBanks	SpeakerRyan
RepJimBanks	ZEROTOTHREE
RepJimBanks	HouseGOP
RepJimBanks	WYRZ989
RepJimBanks	IsraelinChicago
RepJimBanks	AttyAbdul
RepJimBanks	93wibc
RepJimBanks	the_USO
RepJimBanks	WOWOFORTWAYNE
RepJimBanks	IchooselifeFW
RepJimBanks	tonykatz
RepJimBanks	OutnumberedOT
RepJimBanks	LRacheldG
RepJimBanks	US_Stratcom
RepJimBanks	FWMoA
RepJimBanks	WOWOpatmiller
RepJimBanks	admasphaltdrum
RepJimBanks	IMakeAmerica
RepJimBanks	MFLAction
RepJimBanks	ColumbiaCityHS
RepJimBanks	friendsofwccs
RepJimBanks	IWF
RepJimBanks	BHMSD_Supt
RepJimBanks	BrookeWelchTV
RepJasonLewis	cspanwj
RepJasonLewis	justiceforyouth
RepJasonLewis	CongressionalAC
RepJasonLewis	RandPaul
RepJasonLewis	sparkaction
RepJasonLewis	MZAandCo
RepJasonLewis	CJDLobbyist
RepJasonLewis	BruceLesley
RepJasonLewis	RepAndyBiggsAZ
RepJasonLewis	InnerSelfCorp
RepJasonLewis	stribrooks
RepGallagher	HouseHomeland
RepGallagher	HouseAgNews
RepGallagher	HASCRepublicans
RepGallagher	SpeakerRyan
RepGallagher	govtrack
RepGallagher	USGLC
RepGallagher	ACLINews
RepGallagher	FoxNews
RepGallagher	healthylakes
RepGallagher	CNNSotu
RepGallagher	MZanona
RepGallagher	EarlBrooker
RepGallagher	TonetteWalker
RepGallagher	CavasShips
RepGallagher	AARPLisa608
RepGallagher	GLARDucks
RepGallagher	AmericaNewsroom
RepGallagher	packers
RepGallagher	WI_DSPS
RepGallagher	fox11news
RepGallagher	NFLPlayerEngage
RepGallagher	WPR
RepGallagher	WisAlumni
RepGallagher	WisVets
RepGallagher	LaurenAshburn
RepGallagher	amphibwarships
RepGallagher	TXNatSecReview
RepGallagher	hughhewitt
DrNealDunnFL2	RepRichHudson
DrNealDunnFL2	HouseVetAffairs
DrNealDunnFL2	HouseAgNews
DrNealDunnFL2	realDonaldTrump
DrNealDunnFL2	CNBC
DrNealDunnFL2	TDOnline
DrNealDunnFL2	StephanieWJHG
DrNealDunnFL2	KellyGros_WMBB
DrNealDunnFL2	PCNHErynDion
DrNealDunnFL2	FLGovScott
DrNealDunnFL2	baychamberfl
DrNealDunnFL2	BayDistSchools
DrNealDunnFL2	WJHG_TV
DrNealDunnFL2	JinksPrincipal
DrNealDunnFL2	AirSign
DrNealDunnFL2	The_News_Herald
RepJohnFaso	HouseAgNews
RepJohnFaso	SpeakerRyan
RepJohnFaso	cspanwj
RepJohnFaso	OrganicTrade
RepJohnFaso	FoxNews
RepJohnFaso	usdaRD
RepJohnFaso	nmpf
RepJackBergman	housebudgetGOP
RepJackBergman	RepMikeBishop
RepJackBergman	RepMoolenaar
RepJackBergman	SteveScalise
RepJackBergman	HouseCommerce
RepJackBergman	NatResources
RepJackBergman	RepKevinBrady
RepJackBergman	GOPLeader
RepJackBergman	SpeakerRyan
RepJackBergman	cathymcmorris
RepJackBergman	USMC_LegAffairs
RepJackBergman	SteeleAndUngar
RepJackBergman	VP
RepJackBergman	healthylakes
RepJackBergman	HouseGOP
RepJackBergman	AaronParseghian
RepJackBergman	S4Hubbard
RepJackBergman	RichardBurr_DN
RepJackBergman	RD_Michigan
RepJackBergman	SenateGOP
RepJackBergman	PressSec
RepJackBergman	Ninio45
RepJackBergman	gary_kelly
RepJackBergman	andrewlacombe
RepJackBergman	AvivEzra
RepJackBergman	DerekUtleyCEO
RepJackBergman	David10Graham
RepJackBergman	AEI
RepJackBergman	rickungar
RepJackBergman	USMC
RepJackBergman	MSFT_Military
RepJackBergman	LampreyControl
RepJackBergman	lcaships
RepBrianMast	TulsiPress
RepBrianMast	RepKinzinger
RepBrianMast	Transport
RepBrianMast	SSNAlerts
RepBrianMast	ALSFlorida
RepBrianMast	FaceTheNation
RepBrianMast	kristina_wong
RepBrianMast	TomPorterDC
RepBrianMast	iava
RepBrianMast	ALZIMPACT
RepBrianMast	FoxNews
RepBrianMast	LedgeKing
RepBrianMast	FedNewsRadio
RepBrianMast	VAWestPalmBeach
RepBrianMast	PeterSchorschFL
RepBrianMast	PaleyInstitute
RepBrianMast	WBDMSPrincipal
RepBrianMast	FLOceanographic
RepBrianMast	IRSCTheRiver
RepBrianMast	wwp
RepBrianMast	_thurlow
RepBrianMast	theaward
RepBrianMast	debbie_mayfield
RepBrianMast	TCPalm
RepBrianMast	WPTV
RepBrianMast	TCPalmHasert
RepBrianMast	RoseGerberCOA
RepBrianMast	PalmBeacherMag
RepBrianMast	ThePineSchool
RepBrianMast	1stLadyOfWater
RepBrianMast	JonShainman
RepBrianMast	WhiteCoatWaste
RepTrey	RepDougCollins
RepTrey	HouseAgNews
RepTrey	VP
RepTrey	ACSCANIN
RepTrey	HouseGOP
RepTrey	93wibc
RepTrey	waterfurnace
RepTrey	ScottsburgMC
RepTrey	ScottsburgCasey
RepTrey	MaggieSheely
RepTrey	PRonkkkk
RepTrey	SES_RBBCSC
RepTrey	IFDA
RepTrey	WWarriorBB
RepTrey	poe_jenna
RepTrey	lifespringinc
RepTrey	AARPIndiana
RepTrey	MCCSC_EDU
RepTrey	CFJacksonCounty
RepTrey	IndianaHOSA
RepTrey	IADHoosiers
RepTrey	IndyLegion
RepTrey	Hoosier_IIPAC
RepTrey	INHouseGOP
RepTrey	IBAHome
RepTrey	FLEXProgram
RepTrey	CGHS_Principal
RepTrey	freudenbergferg
RepTrey	IN_Corn
RepTrey	IAmBiotech
RepTrey	IHIF1
RepTrey	emmalieberth
RepTrey	DrSteveGriffin1
RepTrey	ASTAAgents
RepTrey	kthompson0
RepTrey	JOHNLEVIMILLER
RepTrey	GenDaveGoldfein
RepPaulMitchell	RepByrne
RepPaulMitchell	SteveScalise
RepPaulMitchell	TXRandy14
RepPaulMitchell	RepRichHudson
RepPaulMitchell	Transport
RepPaulMitchell	GOPLeader
RepPaulMitchell	SpeakerRyan
RepPaulMitchell	cathymcmorris
RepPaulMitchell	WaysandMeansGOP
RepPaulMitchell	govtrack
RepPaulMitchell	SBGC2C
RepPaulMitchell	reporterjoe
RepPaulMitchell	Franchising411
RepPaulMitchell	FoxNews
RepPaulMitchell	healthylakes
RepPaulMitchell	HouseGOP
RepPaulMitchell	wjrradio
RepPaulMitchell	EnergyAgNews
RepPaulMitchell	GaryAmosSFS
RepPaulMitchell	SiemensII
RepPaulMitchell	ABCMichigan
RepPaulMitchell	migov
RepDrewFerguson	RepBonamici
RepDrewFerguson	RepBuddyCarter
RepDrewFerguson	NatResources
RepDrewFerguson	Transport
RepDrewFerguson	RepKevinBrady
RepDrewFerguson	EdWorkforce
RepDrewFerguson	WaysandMeansGOP
RepDrewFerguson	DeptofDefense
RepDrewFerguson	SenatorIsakson
RepDrewFerguson	WorkforceGA
RepDrewFerguson	uscapitol
RepDrewFerguson	HouseGOP
RepDrewFerguson	ShopFloorNAM
RepDrewFerguson	sendavidperdue
RepDrewFerguson	InsiderAdv
RepDrewFerguson	gdecd
RepDrewFerguson	StewSays
housebudgetGOP	RepArrington
housebudgetGOP	HouseSmallBiz
housebudgetGOP	RepJasonSmith
housebudgetGOP	SteveScalise
housebudgetGOP	RepJimRenacci
housebudgetGOP	rep_stevewomack
housebudgetGOP	RepDianeBlack
housebudgetGOP	RepSmucker
housebudgetGOP	MarioDB
housebudgetGOP	TomColeOK04
housebudgetGOP	RepKevinBrady
housebudgetGOP	SpeakerRyan
housebudgetGOP	WaysandMeansGOP
housebudgetGOP	CraigCaplan
housebudgetGOP	BPC_Bipartisan
housebudgetGOP	cspan
housebudgetGOP	conginst
housebudgetGOP	FoxNews
housebudgetGOP	realDonaldTrump
housebudgetGOP	WhiteHouse
housebudgetGOP	HouseGOP
housebudgetGOP	business
housebudgetGOP	nwademgaz
housebudgetGOP	USCBO
housebudgetGOP	tperkins
amashoffice	RepTedLieu
amashoffice	RepBarbaraLee
amashoffice	JudgeTedPoe
amashoffice	Jim_Jordan
amashoffice	govtrack
amashoffice	justinamash
amashoffice	realdanstoller
amashoffice	ACLU
amashoffice	RonWyden
amashoffice	USArmy
amashoffice	Reduce_Spending
amashoffice	thedailybeast
amashoffice	RandPaul
amashoffice	dcexaminer
amashoffice	uscapitol
amashoffice	FreedomWorks
amashoffice	RepAndyBiggsAZ
amashoffice	libertycaucus
amashoffice	ExperienceGR
amashoffice	TheIHS
amashoffice	michigannews
amashoffice	CityGrandRapids
amashoffice	mercatus
amashoffice	scottlincicome
amashoffice	IJ
amashoffice	freedomcaucus
amashoffice	WashTimes
amashoffice	Mark_J_Perry
amashoffice	SoCalOpinion
amashoffice	rareliberty
amashoffice	GRPress
amashoffice	CatoInstitute
amashoffice	reason
amashoffice	YALiberty
amashoffice	martinmatishak
amashoffice	Heritage
amashoffice	wzzm13
amashoffice	dnvolz
amashoffice	nannburke
amashoffice	Harvard
amashoffice	MLive
amashoffice	defpriorities
amashoffice	townhallcom
amashoffice	Kzoo_Gazette
amashoffice	amconmag
amashoffice	LibertyCliff
WarrenDavidson	RepThomasMassie
WarrenDavidson	RepKevinBrady
WarrenDavidson	SpeakerRyan
WarrenDavidson	WaysandMeansGOP
WarrenDavidson	cspanwj
WarrenDavidson	justinamash
WarrenDavidson	WhiteHouse
WarrenDavidson	SecretarySonny
WarrenDavidson	RandPaul
WarrenDavidson	clarkstatepres
WarrenDavidson	FoxBusiness
WarrenDavidson	MorningEdition
WarrenDavidson	MZanona
WarrenDavidson	nikkihaley
WarrenDavidson	HouseGOP
WarrenDavidson	FreedomWorks
WarrenDavidson	freedomcaucus
WarrenDavidson	GOP
WarrenDavidson	IngrahamAngle
WarrenDavidson	butlersheriff
WarrenDavidson	NotreDame
WarrenDavidson	SecPompeo
WarrenDavidson	cobrown
WarrenDavidson	Linedata
WarrenDavidson	LT_TheBiblegeek
WarrenDavidson	EPaynePapa6
WarrenDavidson	PeteGWC
WarrenDavidson	MiddletownOH
WarrenDavidson	WhyOhio
WarrenDavidson	Hoag8
WarrenDavidson	JeffSmithOIA
WarrenDavidson	ButlerTech
WarrenDavidson	G2Gconsulting
WarrenDavidson	FNC_Ladies_Rule
WarrenDavidson	charliekirk11
WarrenDavidson	conservmillen
WarrenDavidson	SenMikeLee
WarrenDavidson	journalnews
WarrenDavidson	impactapp2018
WarrenDavidson	wallingphoto
WarrenDavidson	ButlerCountyESC
WarrenDavidson	BakerJournal
WarrenDavidson	AAF
WarrenDavidson	TomCottonAR
WarrenDavidson	Mr_Wilhelm_HHS
WarrenDavidson	xan_desanctis
WarrenDavidson	TroyOhioChamber
WarrenDavidson	wittenberg
WarrenDavidson	Milken
WarrenDavidson	AEylon
WarrenDavidson	pye
WarrenDavidson	benshapiro
WarrenDavidson	senrobportman
WarrenDavidson	ulalaunch
WarrenDavidson	miamiuniversity
RepLaHood	cathymcmorris
RepLaHood	WaysandMeansGOP
RepLaHood	SBGC2C
RepLaHood	RepDonBacon
RepLaHood	scottwongDC
RepLaHood	HouseForeign
RepLaHood	VP
RepLaHood	ABC
RepLaHood	ILFarmBureau
RepLaHood	FarmWeekNow
RepLaHood	CNBC
RepLaHood	dcexaminer
RepLaHood	HouseGOP
RepLaHood	KHQA
RepLaHood	CACSoccer
RepLaHood	1470WMBD
RepLaHood	YPGreaterPeoria
RepLaHood	wldsnews
RepLaHood	KHQADavid
RepLaHood	pg_beigh
RepLaHood	bschoenburg
RepLaHood	MotherRd66
RepLaHood	BizRoundtable
RepLaHood	Illinois200
HouseSmallBiz	RepRalphNorman
HouseSmallBiz	RepTomGarrett
HouseSmallBiz	RepJimBanks
HouseSmallBiz	RepTrey
HouseSmallBiz	housebudgetGOP
HouseSmallBiz	RepMiaLove
HouseSmallBiz	RepBuddyCarter
HouseSmallBiz	RepRodBlum
HouseSmallBiz	RepRickAllen
HouseSmallBiz	HurdOnTheHill
HouseSmallBiz	RepStefanik
HouseSmallBiz	RepComstock
HouseSmallBiz	RepBrianBabin
HouseSmallBiz	RepLoudermilk
HouseSmallBiz	repdavetrott
HouseSmallBiz	RepWesterman
HouseSmallBiz	RepBlainePress
HouseSmallBiz	USRepLong
HouseSmallBiz	SteveScalise
HouseSmallBiz	RepDavidValadao
HouseSmallBiz	RepLaMalfa
HouseSmallBiz	RepDaveJoyce
HouseSmallBiz	RepDavidYoung
HouseSmallBiz	RepKevinYoder
HouseSmallBiz	RepTipton
HouseSmallBiz	RepGosar
HouseSmallBiz	RepHultgren
HouseSmallBiz	RepHartzler
HouseSmallBiz	RepMoBrooks
HouseSmallBiz	rep_stevewomack
HouseSmallBiz	RepDianeBlack
HouseSmallBiz	DrPhilRoe
HouseSmallBiz	NatResources
HouseSmallBiz	RepGoodlatte
HouseSmallBiz	CongCulberson
HouseSmallBiz	RepPeteOlson
HouseSmallBiz	RepLynnJenkins
HouseSmallBiz	RepMikeCoffman
HouseSmallBiz	SpeakerRyan
HouseSmallBiz	JeffFortenberry
HouseSmallBiz	RepErikPaulsen
HouseSmallBiz	virginiafoxx
HouseSmallBiz	RepJenniffer
HouseSmallBiz	HouseSBCDems
HouseSmallBiz	NULpolicy
HouseSmallBiz	RepDonBacon
HouseSmallBiz	EngineOrg
HouseSmallBiz	autismvotes
HouseSmallBiz	SBAgov
HouseSmallBiz	NDSS
HouseSmallBiz	VP
HouseSmallBiz	NTCAconnect
HouseSmallBiz	realDonaldTrump
HouseSmallBiz	JohnHendel
HouseSmallBiz	WhiteHouse
HouseSmallBiz	FoxBusiness
HouseSmallBiz	HouseGOP
HouseSmallBiz	PressSec
HouseSmallBiz	ShopFloorNAM
HouseSmallBiz	WashTimes
HouseSmallBiz	globalIPcenter
HouseSmallBiz	CodeNinjasHQ
HouseSmallBiz	RepSteveChabot
HouseSmallBiz	CTATech
HouseSmallBiz	SecretaryAcosta
HouseSmallBiz	SBECouncil
HouseSmallBiz	AutonomyWorks
HouseSmallBiz	PayPal_Policy
HouseSmallBiz	JohnsCrazySocks
HouseSmallBiz	JenniferDunnWF
HouseSmallBiz	jamiewellsmd
HouseSmallBiz	sarahartweir
HouseSmallBiz	TravelTech
HouseSmallBiz	AAHOA
HouseSmallBiz	JessOIArec
HouseSmallBiz	SteveKnight25
HouseSmallBiz	RepJohnCurtis
HouseSmallBiz	SmallBizCmte
HouseSmallBiz	JuddPDeere45
HouseSmallBiz	RogerMarshallMD
HouseSmallBiz	CongPalazzo
HouseSmallBiz	IvankaTrump
HouseSmallBiz	RepGrothman
HouseSmallBiz	RepDaveBrat
HouseSmallBiz	USCC_TaxTeam
HouseSmallBiz	HUBZoneChamber
HouseSmallBiz	haferre45
HouseSmallBiz	ASCEGovRel
HouseSmallBiz	NSSGA
HouseSmallBiz	necanet
HouseSmallBiz	ASCETweets
HouseSmallBiz	DES_Electronic
HouseSmallBiz	gregoryahale
HouseSmallBiz	NFIB
HouseSmallBiz	senorrinhatch
HouseSmallBiz	AWBC_USA
RepMiaLove	UTAHSHOAVOICE
RepMiaLove	SaltLakeCC
RepMiaLove	utahsenate
RepMiaLove	LibertymomA
CongressmanHice	RepLeeZeldin
CongressmanHice	GOPoversight
CongressmanHice	govtrack
CongressmanHice	LWCFCOALITION
CongressmanHice	SBGC2C
CongressmanHice	AlzGA
CongressmanHice	NewtonCoSchools
CongressmanHice	covnews
CongressmanHice	PACSWolverines
CongressmanHice	EHS_Eagles
CongressmanHice	TimBryantRadio
CongressmanHice	EByerNACD
CongressmanHice	tricountyemcga
CongressmanHice	My_JPA
CongressmanHice	RestaurantsAct
CongressmanHice	GRAToday
CongressmanHice	merionwest
CongressmanHice	AUG_Cyber
CongressmanHice	PresKeel
CongressmanHice	CSRAPeace
CongressmanHice	Sherri_JPA
CongressmanHice	rahulbali
CongressmanHice	PRcomNonProfit
CongressmanHice	civilwartrust
CongressmanHice	emilie_ikeda
CongressmanHice	GASenatePress
CongressmanHice	mikegriffinsr
CongressmanHice	FRCAction
CongressmanHice	ABPPNPS
CongressmanHice	WaltonOptions
RepBuddyCarter	HouseCommerce
RepBuddyCarter	RepDianeBlack
RepBuddyCarter	SpeakerRyan
RepBuddyCarter	cspanwj
RepBuddyCarter	RxSummit
RepBuddyCarter	FoxBusiness
RepBuddyCarter	HouseGOP
RepBuddyCarter	OpioidPreventBC
RepBuddyCarter	SurgeonsVoice
RepBuddyCarter	sam_granville
RepBuddyCarter	GeorgiaSouthern
RepBuddyCarter	ACUFoundation
RepBuddyCarter	FLETC
RepBuddyCarter	Pres_Hebert
RepBuddyCarter	HerschelWalker
RepJohnKatko	RepTomSuozzi
RepJohnKatko	RepEsty
RepJohnKatko	RepCummings
RepJohnKatko	RepJudyChu
RepJohnKatko	GerryConnolly
RepJohnKatko	RepChrisCollins
RepJohnKatko	RepTomReed
RepJohnKatko	HouseHomeland
RepJohnKatko	HouseCommerce
RepJohnKatko	Transport
RepJohnKatko	RepMcCaul
RepJohnKatko	SpeakerRyan
RepJohnKatko	RobertHarding
RepJohnKatko	The_Citizen
RepJohnKatko	CNYcentral
RepJohnKatko	MarkWeinerDC
RepJohnKatko	marykielarCNY
RepJohnKatko	lizdoranLD
RepJohnKatko	joesalzone
RepJohnKatko	CenterStateCEO
RepJohnKatko	_cityofauburn
RepJohnKatko	WRVOnews
RepJohnKatko	JohnLiddy
RepJohnKatko	SenRubioPress
RepJohnKatko	Anna_Giaritelli
RepRussell	RepStefanik
RepRussell	FinancialCmte
RepRussell	SpeakerRyan
RepRussell	CraigCaplan
RepRussell	DoveScience
RepRussell	mitchelltalks
RepMarkWalker	RepJimBanks
RepMarkWalker	USRepGaryPalmer
RepMarkWalker	HouseAgNews
RepMarkWalker	RepublicanStudy
RepMarkWalker	RepKevinBrady
RepMarkWalker	GOPLeader
RepMarkWalker	WaysandMeansGOP
RepMarkWalker	MilitaryOfficer
RepMarkWalker	ala_wo
RepMarkWalker	maggieNYT
RepMarkWalker	RepAdams
RepMarkWalker	VP
RepMarkWalker	CongressionalAC
RepMarkWalker	FCNLJustice
RepMarkWalker	PiedmontEMC
RepMarkWalker	nchousingbuilds
RepMarkWalker	dcexaminer
RepMarkWalker	nikkihaley
RepMarkWalker	HouseGOP
RepMarkWalker	FreedomWorks
RepMarkWalker	ShopFloorNAM
RepMarkWalker	GOP
RepMarkWalker	IvankaTrump
RepMarkWalker	RyderCupUSA
RepMarkWalker	WFMY
RepMarkWalker	WongSportsLaw
RepMarkWalker	Bachscore
RepMarkWalker	JonHardister
RepMarkWalker	JayBilas
RepMarkWalker	WSJopinion
RepMarkWalker	BrandonNTU
RepMarkWalker	jasoninthehouse
RepMarkWalker	Wu_Tang_Finance
RepMarkWalker	NatlPrayer
RepMarkWalker	AbigailCBN
RepMarkWalker	BCBSNC
RepMarkWalker	julie_luck
RepMarkWalker	NCFarmBureau
RepMarkWalker	ReggieBush
RepMarkWalker	YourVoiceAtIRS
RepMarkWalker	baseballhall
RepMarkWalker	SDJFNC
RepMarkWalker	VaughanNancy
RepMarkWalker	LopezOnSports
RepMarkWalker	dcrews12
RepMarkWalker	MPFOX8
RepMarkWalker	bhallwfmy
RepMarkWalker	WXII
RepMarkWalker	jackngraham
RepMarkWalker	miriam_aikens
RepMarkWalker	michael_steel
RepMarkWalker	KandaceReddTV
RepMarkWalker	BrigidMaryMcD
RepMarkWalker	JSmithacecnc
RepMarkWalker	AleksBushNews
RepMarkWalker	NealDenton
RepMarkWalker	ACUFforJustice
RepMarkWalker	scontrerasGCS
RepMarkWalker	DBattagliaNR
RepMarkWalker	ronniefloyd
RepMarkWalker	HPEpaul
RepMarkWalker	tmsimmons
RepMarkWalker	jrridinger
RepMarkWalker	GovWaste
RepMarkWalker	RayTrappDist8
RepMarkWalker	cjallday_7
RepMarkWalker	siobahncday
RepMarkWalker	NCYMCAAlliance
RepMarkWalker	laura_brache
RepMarkWalker	cvpayne
RepRodBlum	HouseSmallBiz
RepRodBlum	GOPLeader
RepRodBlum	SpeakerRyan
RepRodBlum	CongressionalAC
RepRodBlum	ESOPAssociation
RepRodBlum	ShopFloorNAM
RepRodBlum	cvpayne
RepRodBlum	WessmanJoel
RepRodBlum	CRKennedyHigh
RepRodBlum	iowafuel
RepRodBlum	rickklein
RepRodBlum	Joel_Kurtinitis
RepRodBlum	HouseTermLimits
RepRodBlum	marklevinshow
RepRodBlum	peopleswloo
RepRodBlum	Crescent_CHC
RepRodBlum	AMVETSHQ
RepRodBlum	USTermLimits
RepRodBlum	AAN
RepRodBlum	AlexClearfield
RepRodBlum	IowaBio
RepRodBlum	ScottPresler
RepRodBlum	GrassleyPress
RepRickAllen	HouseAgNews
RepRickAllen	EdWorkforce
RepRickAllen	FoxBusiness
RepRickAllen	HouseGOP
RepRickAllen	PresKeel
HurdOnTheHill	NatResources
HurdOnTheHill	TomColeOK04
HurdOnTheHill	RepRatcliffe
HurdOnTheHill	SBGC2C
HurdOnTheHill	HACUNews
HurdOnTheHill	FWD_us
HurdOnTheHill	TheHillEvents
HurdOnTheHill	FoxNews
HurdOnTheHill	NPCA
HurdOnTheHill	TexasTribune
HurdOnTheHill	TheCHLI
HurdOnTheHill	USHCC
HurdOnTheHill	FoxBusiness
HurdOnTheHill	MariaBartiromo
HurdOnTheHill	FCWnow
HurdOnTheHill	PortSanAntonio
HurdOnTheHill	PattyKingsway
HurdOnTheHill	tatumguinn
HurdOnTheHill	Diana_Marrero
HurdOnTheHill	FSIntermediate
HurdOnTheHill	TexasWheat
HurdOnTheHill	IntelPolicy
RepTomMacArthur	RepAnnieKuster
RepTomMacArthur	ALALibrary
RepTomMacArthur	AmericanLegion
RepTomMacArthur	CNBC
RepTomMacArthur	IUBAC
RepTomMacArthur	IUOE825
RepTomMacArthur	Jeff_Borghoff
RepTomMacArthur	driaballochlaw
RepTomMacArthur	UpsidownDaughtr
RepTomMacArthur	NovaMBB
RepTomMacArthur	RepBrianFitz
RepTomMacArthur	Al_Leiter22
RepAbraham	RepStefanik
RepAbraham	SteveScalise
RepAbraham	MarkAmodeiNV2
RepAbraham	HouseAgNews
RepAbraham	HouseScience
RepAbraham	realDonaldTrump
RepAbraham	WhiteHouse
RepAbraham	HouseGOP
RepAbraham	SBAList
RepAbraham	westerncaucus
RepAbraham	LouisianaBar
RepAbraham	SecretaryPerry
RepAbraham	woodcouncil
RepAbraham	GregHilburn1
RepAbraham	LPCA1
RepAbraham	ILivedOnParker
RepAbraham	usaricenews
RepAbraham	PQHH
RepStefanik	HHSGov
RepStefanik	jpgarvey
RepStefanik	LeeAnneMyNBC5
RepStefanik	MountainLakePBS
RepStefanik	poststar
RepStefanik	timesunion
RepStefanik	pmdemola
RepFrenchHill	FinancialCmte
RepFrenchHill	SpeakerRyan
RepFrenchHill	DeptofDefense
RepFrenchHill	dcexaminer
RepFrenchHill	homelandprep
RepFrenchHill	kevcirilli
RepFrenchHill	HouseGOP
RepFrenchHill	ArkBroadcast
RepFrenchHill	josephlawler
RepFrenchHill	littlerockluke
RepFrenchHill	SusanneBrunner
RepFrenchHill	JessiTurnure
RepFrenchHill	KATVAlyson
RepFrenchHill	AGRutledge
RepFrenchHill	DaveElswickShow
RepFrenchHill	newsradio1029
RepFrenchHill	1510wlac
RepFrenchHill	WinnieWrightTV
RepFrenchHill	AustinKellerman
RepRyanCostello	RepBarragan
RepRyanCostello	RepStephMurphy
RepRyanCostello	RepScottPeters
RepRyanCostello	daveloebsack
RepRyanCostello	RepAndreCarson
RepRyanCostello	RepSpeier
RepRyanCostello	RepTomEmmer
RepRyanCostello	HouseCommerce
RepRyanCostello	RosLehtinen
RepRyanCostello	HeardontheHill
RepRyanCostello	LWCFCOALITION
RepRyanCostello	scottwongDC
RepRyanCostello	Eagles
RepRyanCostello	KasieDC
RepRyanCostello	CrohnsColitisFn
RepRyanCostello	AGUSciPolicy
RepRyanCostello	benyc
RepRyanCostello	CongBoyle
RepRyanCostello	AFTunion
RepRyanCostello	MarkWarner
RepRyanCostello	CHOPadvocacy
RepRyanCostello	MorningEdition
RepRyanCostello	NovaMBB
RepRyanCostello	MySMFM
RepRyanCostello	P21Learning
RepRyanCostello	alzdelval
RepRyanCostello	YoungFarmers
RepRyanCostello	SenatorCollins
RepRyanCostello	AASAHQ
RepRyanCostello	emrwilkins
RepRyanCostello	AEEnet
RepRyanCostello	jeremymlong
RepRyanCostello	ChildrensPhila
RepRyanCostello	ReadingEagle
RepRyanCostello	DAVHQ
RepRyanCostello	wcdailylocal
RepRyanCostello	ChescoChamber
RepRyanCostello	MercuryX
RepRyanCostello	RiponAdvance
RepRyanCostello	PKDFoundation
RepRyanCostello	NCEW17
RepRyanCostello	BCSECleanEnergy
RepRyanCostello	CleanEnergyBiz
RepRyanCostello	ewirzba
RepRyanCostello	CCA_ASA
RepRyanCostello	MissionFirstHG
RepRyanCostello	NEDAstaff
RepRyanCostello	NFP_nursefamily
RepRyanCostello	AccessLexInst
RepRyanCostello	JackKorpela
RepRyanCostello	pjminterconnect
RepRyanCostello	69NewsBusiness
RepRyanCostello	HigherEdNotDebt
RepRyanCostello	PACHC1
RepRyanCostello	VUNursing
RepRyanCostello	MITAtoday
RepRyanCostello	PAWWFH
RepRyanZinke	HurdOnTheHill
RepRyanZinke	SteveScalise
RepRyanZinke	RepKevinCramer
RepRyanZinke	reppittenger
RepRyanZinke	NatResources
RepRyanZinke	HASCRepublicans
RepRyanZinke	LWCFCOALITION
RepRyanZinke	thehill
RepRyanZinke	OutFrontCNN
RepRyanZinke	LymphedemaACT1
RepRyanZinke	NewDay
RepRyanZinke	USNavy
RepRyanZinke	dcexaminer
RepRyanZinke	hughhewitt
RepRyanZinke	FNC_Ladies_Rule
RepRyanZinke	SenatorTester
RepRyanZinke	hollykmichels
RepRyanZinke	helenaironline
RepRyanZinke	LouDobbs
RepRyanZinke	kilmeade
RepRyanZinke	billingsgazette
RepRyanZinke	TheIJR
RepRyanZinke	FlatheadBeacon
RepRyanZinke	jfranz88
RepRyanZinke	ErinBurnett
RepRyanZinke	FoxNews2017
RepRyanZinke	IrrigLeaderMag
RepRyanZinke	JoePerticone
RepRyanZinke	MTkerilyne
RepRyanZinke	lambmaryann
RepRyanZinke	vincebrown63
RepRyanZinke	GFTrib_KPuckett
RepRyanZinke	mtstandard
RepRyanZinke	SteveDaines
RepRyanZinke	NAHBhome
RepRyanZinke	aaronflint
RepRyanZinke	963theblazefm
RepRyanZinke	IrelandSanFran
RepRyanZinke	DailyInterLake
RepRyanZinke	MarshallMDFrd
RepRyanZinke	AlexRossHDN
RepRyanZinke	DanKimzeyMT
RepRyanZinke	VVAmerica
RepRyanZinke	openlandmt
RepRyanZinke	TomLutey
RepRyanZinke	ABCFOXMT
RepRyanZinke	NBCMontana
RepRyanZinke	LoloKathym
RepRyanZinke	gerardtbaker
RepRyanZinke	usfs_rmrs
RepRyanZinke	CowlesMontana
RepRyanZinke	KRTV
RepRyanZinke	PartnershipNTS
RepRyanZinke	montanamalt
RepRyanZinke	TonyBynum
RepRyanZinke	LaurieBarron
RepRyanZinke	MontanaChamber
RepRyanZinke	OIA
RepRyanZinke	TheTRCP
RepRyanZinke	TroutUnlimited
RepRyanZinke	Fairfield_MT
RepRyanZinke	AARPMontana
RepRyanZinke	ConservationFnd
RepRyanZinke	GFTrib_JRowell
RepRyanZinke	NavySEALMuseum
RepRyanZinke	SenatorEnzi
RepRyanZinke	defconhill
RepRyanZinke	wtimesnation
RepRyanZinke	YouthConx
RepRyanZinke	SOFXNetwork
RepRyanZinke	jbrandt71
RepRyanZinke	djtabish
RepRyanZinke	MTFarmBureau
RepRyanZinke	CNNImpact
RepGarretGraves	NatResources
RepGarretGraves	Transport
RepGarretGraves	CongressionalAC
RepGarretGraves	RepCloakroom
RepGarretGraves	LouisianaHBA
RepGarretGraves	LaurenWestbrook
RepGarretGraves	TommyFaucheux
RepGarretGraves	talk1073
RepGarretGraves	WalkerPolice
RepGarretGraves	RedStickReady
RepGarretGraves	SteveWAFB
RepGarretGraves	WBRZweather
RepGarretGraves	BillProfita
RepGarretGraves	RestoreDelta
RepGarretGraves	RestoreRetreat
RepGarretGraves	LPNews1898
RepGarretGraves	lpborg
RepGarretGraves	LafourcheSO
RepGarretGraves	wgmbfox44
RepGarretGraves	DOE_SC_NSB
RepGarretGraves	SenJohnKennedy
RepGarretGraves	stcharlesgov
RepGarretGraves	ArtsCouncilGBR
RepGarretGraves	theadvocatebr
RepGarretGraves	ExxonMobilBRA
RepGarretGraves	Talk1073Traffic
RepGarretGraves	WAFB
RepGarretGraves	dupont_john
RepGarretGraves	tjonesreporter
RepGarretGraves	La_DOTD
RepGarretGraves	Stjohnsupe
RepGarretGraves	LAStatePolice
RepGarretGraves	WBRZtraffic
RepGarretGraves	APSB_official
RepGarretGraves	FourchonPort
RepGarretGraves	BR_Traffic
RepGarretGraves	lsureveille
RepGarretGraves	WesWatts1
RepGarretGraves	sthelenasupe
RepGarretGraves	elizabethcrisp
RepGarretGraves	BayoubuzzSteve
RepGarretGraves	CRCL1988
RepGarretGraves	NobelPrize
RepGarretGraves	ScottieWAFB
RepGarretGraves	MayorBroome
RepGarretGraves	lizkohWAFB
RepComstock	smallUAVs
RepComstock	akszymanski
RepComstock	ABC7Alex
RepComstock	fairfaxcounty
RepComstock	gigamon
RepComstock	NoVaTechCouncil
RepComstock	DEAWASHINGTONDC
RepComstock	ara_bagdasarian
RepComstock	intFLC
RepComstock	OrbitalATK
RepComstock	MeghanMcCain
RepComstock	IAFFPrezF253
RepComstock	ABC7GMW
RepComstock	USDOT
RepPoliquin	RepAnnieKuster
RepPoliquin	RepBarbaraLee
RepPoliquin	NatResources
RepPoliquin	TomPorterDC
RepPoliquin	RepGonzalez
RepPoliquin	jeff15bennett
RepPoliquin	WABI_TV5
RepPoliquin	sunjournal
RepPoliquin	BillToomey8
RepPoliquin	KellanAdventure
RepPoliquin	jacksonlab
RepPoliquin	KristieLake
RepPoliquin	RedSox
RepPoliquin	bangordailynews
RepPoliquin	Mainebiz
RepPoliquin	MainePublic
RepPoliquin	Emily_Tadlock
RepPoliquin	newscentermaine
RepNewhouse	RepDennyHeck
RepNewhouse	RepJimCosta
RepNewhouse	RepWesterman
RepNewhouse	HouseAppropsGOP
RepNewhouse	RepJimRenacci
RepNewhouse	RulesReps
RepNewhouse	NatResources
RepNewhouse	SpeakerRyan
RepNewhouse	cathymcmorris
RepNewhouse	davereichert
RepNewhouse	RosLehtinen
RepNewhouse	WaysandMeansGOP
RepNewhouse	HouseRadioTV
RepNewhouse	FWD_us
RepNewhouse	cspanwj
RepNewhouse	washingtonpost
RepNewhouse	ABCPolitics
RepNewhouse	CBSNews
RepNewhouse	DeptofDefense
RepNewhouse	realDonaldTrump
RepNewhouse	WSU_Cougar_Pres
RepNewhouse	CNBC
RepNewhouse	WhiteHouse
RepNewhouse	leedsgarcia
RepNewhouse	latinomuseum
RepNewhouse	nikkihaley
RepNewhouse	PressSec
RepNewhouse	Anna_Giaritelli
RepNewhouse	westerncaucus
RepNewhouse	WSMA_update
RepNewhouse	TriCityHerald
RepNewhouse	iFiberOneNews
RepNewhouse	TheLensNews
RepNewhouse	Timothy_Cama
RepNewhouse	GlyndaBecker
RepNewhouse	blondefarmer_wa
RepNewhouse	MethowHeadwater
RepNewhouse	protectmyMA
RepNewhouse	foodtank
RepNewhouse	WhitneyPipkin
RepNewhouse	DaniNierenberg
RepNewhouse	ChukarCherries
RepNewhouse	WAWheat23
RepNewhouse	UPSPolicy
RepNewhouse	WaYouthAcademy
RepNewhouse	JoelMorenoKOMO
RepNewhouse	Yakima_Herald
RepNewhouse	keprtv
RepNewhouse	wastatepatrol
RepNewhouse	AP_Politics
RepNewhouse	Amtrak
RepNewhouse	NewAmericanEcon
RepNewhouse	KrisJohnson_IOM
RepNewhouse	Gonzaga_Prez
RepNewhouse	amcauce
RepNewhouse	LeoAPerales
RepNewhouse	kimatv
RepNewhouse	David_J_Bier
RepNewhouse	elizacollins1
RepNewhouse	anoorani
RepNewhouse	alextdaugherty
RepNewhouse	awbolympia
RepBrianBabin	SteveScalise
RepBrianBabin	HouseScience
RepBrianBabin	RepKevinBrady
RepBrianBabin	thehill
RepBrianBabin	VP
RepBrianBabin	NASA
RepBrianBabin	dcexaminer
RepBrianBabin	FoxBusiness
RepBrianBabin	HouseGOP
RepBrianBabin	sendavidperdue
RepBrianBabin	SecNielsen
RepBrianBabin	Astro_Ellen
RepBrianBabin	kfdmnews
RepBrianBabin	HOUBizJournal
RepBrianBabin	TexasGameWarden
RepBrianBabin	CNBCnow
RepBrianBabin	MyClevelandNews
RepMikeBishop	RepJimmyPanetta
RepMikeBishop	RepPaulMitchell
RepMikeBishop	SteveScalise
RepMikeBishop	RepAnnWagner
RepMikeBishop	RepHuizenga
RepMikeBishop	RepFredUpton
RepMikeBishop	RepKevinBrady
RepMikeBishop	GOPLeader
RepMikeBishop	SpeakerRyan
RepMikeBishop	cathymcmorris
RepMikeBishop	WaysandMeansGOP
RepMikeBishop	SBAgov
RepMikeBishop	AmericanLegion
RepMikeBishop	UMInjuryCenter
RepMikeBishop	DeptofDefense
RepMikeBishop	VP
RepMikeBishop	freep
RepMikeBishop	healthylakes
RepMikeBishop	Interior
RepMikeBishop	SecretService
RepMikeBishop	HouseGOP
RepMikeBishop	USMC
RepMikeBishop	LivCoGov
RepMikeBishop	AHSHighlanders
RepMikeBishop	DailyCaller
RepMikeBishop	ScottTaylorTV
RepMikeBishop	detroitnews
RepMikeBishop	GLCommission
RepMikeBishop	Local4News
RepMikeBishop	AlexandriaVAFD
RepMikeBishop	mspmetrodet
RepMikeBishop	MichWorksAssn
RepMikeBishop	MenBAction
RepMikeBishop	WHMI
RepMikeBishop	OakGov
RepMikeBishop	LansingChamber
RepMikeBishop	NBCSN
RepMikeBishop	Proudtomfrinmi
RepMikeBishop	InghamHSEM
RepMikeBishop	NatSweetSisters
RepMikeBishop	Wolverine_CDR
RepMikeBishop	MSU_Basketball
RepMikeBishop	OCCollege
RepMikeBishop	michfoundations
RepMikeBishop	GaryShapiro
RepMikeBishop	SciPolAPS
RepMikeBishop	MISupremeCourt
RepMikeBishop	michiganymca
RepMikeBishop	NOAA_GLERL
RepMikeBishop	michbio
RepMikeBishop	wilxTV
RepMikeBishop	andyschor
RepMikeBishop	LSJNews
RepMikeBishop	sjharkins
RepMikeBishop	CityofEL
RepTomEmmer	HouseAgNews
RepTomEmmer	RepSeanDuffy
RepTomEmmer	FinancialCmte
RepTomEmmer	NatResources
RepTomEmmer	GOPLeader
RepTomEmmer	SpeakerRyan
RepTomEmmer	cspan
RepTomEmmer	NFUDC
RepTomEmmer	BRNAgNews_Mark
RepTomEmmer	westerncaucus
RepTomEmmer	_TAPP_
RepTomEmmer	AndrewLeeTCNT
RepTomEmmer	HighPlainsJrnl
RepTomEmmer	MHTA
RepTomEmmer	StarTribune
RepTomEmmer	femalefarmers
RepTomEmmer	AnnaReady
RepTomEmmer	osssociety
RepTomEmmer	ChamberDigital
RepTomEmmer	Students7United
RepTomEmmer	NASAedu
RepTomEmmer	jim_crumley
RepLoudermilk	RepublicanStudy
RepLoudermilk	SpeakerRyan
RepLoudermilk	RepHensarling
RepLoudermilk	kyledcheney
RepLoudermilk	RSI
RepLoudermilk	WhiteHouse
RepLoudermilk	HouseGOP
RepLoudermilk	FreedomWorks
RepLoudermilk	USMC
RepLoudermilk	FRCAction
RepLoudermilk	AbigailCBN
RepLoudermilk	AmericaFirstPol
RepLoudermilk	RossCavitt
RepLoudermilk	GovernorDeal
RepLoudermilk	tcs_na
RepLoudermilk	CPAC
RepLoudermilk	SenateMajLdr
repdavetrott	RepDebDingell
repdavetrott	FrankPallone
repdavetrott	RepMikeBishop
repdavetrott	SteveScalise
repdavetrott	RepKristiNoem
repdavetrott	RepHuizenga
repdavetrott	FinancialCmte
repdavetrott	NatResources
repdavetrott	SpeakerRyan
repdavetrott	davidcicilline
repdavetrott	DeptofDefense
repdavetrott	AP
repdavetrott	ToyotaPolicy
repdavetrott	freep
repdavetrott	USNavy
repdavetrott	healthylakes
repdavetrott	MSactivist
repdavetrott	ANCA_DC
repdavetrott	HouseGOP
repdavetrott	USMC
repdavetrott	migov
repdavetrott	detroitnews
repdavetrott	mspmetrodet
repdavetrott	DCCAcademicTeam
repdavetrott	rachelnash21
repdavetrott	CF_Foundation
repdavetrott	Cleminshaw91
repdavetrott	NolanFinleyDN
repdavetrott	ArmenianWeekly
repdavetrott	thehillbaseball
repdavetrott	DrHarris1911
repdavetrott	DearbornPatch
RepKenBuck	HouseJudiciary
RepKenBuck	RepGosar
RepKenBuck	RulesReps
RepKenBuck	SpeakerRyan
RepKenBuck	IssueOneReform
RepKenBuck	CongressionalAC
RepKenBuck	colo_politics
RepKenBuck	RepAndyBiggsAZ
RepKenBuck	SenMikeLee
RepKenBuck	JoeStGeorge
RepKenBuck	SharylAttkisson
RepKenBuck	JACOBCURTIS
RepKenBuck	denverpost
USRepGaryPalmer	RepMarkWalker
USRepGaryPalmer	GOPoversight
USRepGaryPalmer	WhiteHouse
USRepGaryPalmer	HouseGOP
USRepGaryPalmer	AlabamaFTBL
USRepGaryPalmer	JimByardJr
USRepGaryPalmer	ValerieVining
USRepGaryPalmer	NWSBirmingham
USRepGaryPalmer	realtalk995
USRepGaryPalmer	TheFGA
USRepGaryPalmer	AlabamaEMA
USRepGaryPalmer	1055WERC
USRepGaryPalmer	yhnradio
USRepGaryPalmer	AlabamaToday
RepCurbelo	RepPeteAguilar
RepCurbelo	RepDonBeyer
RepCurbelo	RepDannyDavis
RepCurbelo	sethmoulton
RepCurbelo	MarioDB
RepCurbelo	SpeakerRyan
RepCurbelo	WaysandMeansGOP
RepCurbelo	Fla_Pol
RepCurbelo	SSNAlerts
RepCurbelo	thebeatdc
RepCurbelo	DefendOurFuture
RepCurbelo	RepMattGaetz
RepCurbelo	KasieDC
RepCurbelo	NewDay
RepCurbelo	MiamiDadePD
RepCurbelo	Milken
RepCurbelo	SenRubioPress
RepCurbelo	RiponAdvance
RepCurbelo	joannamrod
RepCurbelo	WalkingOneStop
RepCurbelo	UnitedWayMiami
RepCurbelo	ThomasWenski
RepCurbelo	FIUdc
RepCurbelo	NBB_Elementary
RepCurbelo	MemFoundation
RepCurbelo	ijdh
RepCurbelo	MActionProject
RepCurbelo	FIU
RepWesterman	rep_stevewomack
RepWesterman	NatResources
RepWesterman	westerncaucus
RepWesterman	AGRutledge
RepWesterman	WinnieWrightTV
RepWesterman	AustinKellerman
RepWesterman	ArkHospAssoc
RepWesterman	JohnBoozman
RepWesterman	_MattSewell
RepWesterman	THV11
RepWesterman	ARStateChamber
RepWesterman	ArkCattlemen
RepWesterman	BrianIndyJ
RepWesterman	DctrNO
RepWesterman	alderdice
RepWesterman	bigmamalsu47
RepWesterman	ARMathSciArts
RepWesterman	artourism
RepWesterman	forestproud
RepWesterman	ARForestryComm
RepWesterman	KARK4News
RepWesterman	jd_lowery
RepWesterman	NateSmith
RepWesterman	BeckyWKeogh
RepWesterman	SIFMAFoundation
RepWesterman	ARDeptofAgricul
RepWesterman	RiceArkansas
RepWesterman	StevenERice
RepWesterman	EconARmarsha
RepWesterman	LHSD_WOLVES
RepWesterman	DeltaCompanies
RepWesterman	AAPA_AR
RepWesterman	SouthArkCC
RepWesterman	InfraUSA
RepWesterman	mnevens10
RepWesterman	_AEDCE
RepWesterman	camden_sanford
RepWesterman	APMcKibben
RepLeeZeldin	ShannonBream
RepLeeZeldin	JakeSherman
RepLeeZeldin	FoxNews
RepLeeZeldin	foxandfriends
RepLeeZeldin	TeamCavuto
RepLeeZeldin	FoxBusiness
RepLeeZeldin	MariaBartiromo
RepLeeZeldin	AmericaNewsroom
RepLeeZeldin	kilmeade
RepLeeZeldin	News12LI
RepLeeZeldin	FoxNewsInsider
RepLeeZeldin	AmbJohnBolton
RepLeeZeldin	SBUPoliSci
RepLeeZeldin	NumbersUSA
RepLeeZeldin	JudgeJeanine
RepMoolenaar	RepDebDingell
RepMoolenaar	RepMarcyKaptur
RepMoolenaar	NormaJTorres
RepMoolenaar	RepJackBergman
RepMoolenaar	RepMikeBishop
RepMoolenaar	HouseAppropsGOP
RepMoolenaar	CongressionalAC
RepMoolenaar	RichardBurr_DN
RepMoolenaar	theaward
RepMoolenaar	nannburke
RepMoolenaar	AMVETSHQ
RepMoolenaar	RiponAdvance
RepMoolenaar	TroutUnlimited
RepMoolenaar	greenvilledn
RepMoolenaar	betsy_klein
RepMoolenaar	ferrisathletics
RepMoolenaar	NCAADII
RepMoolenaar	GLIACsports
RepMoolenaar	ShiaNPCB
RepMoolenaar	DanJenDig
RepMoolenaar	MICommAction
RepMoolenaar	CMUniversity
RepMoolenaar	AHAMidwest
RepMoolenaar	elisabethwaldon
RepMoolenaar	MPMorningSun
RepMoolenaar	CopsDoughnuts
RepMoolenaar	graham_sturgeon
RepMoolenaar	CMUCoachBono
RepMoolenaar	midland_high
RepMoolenaar	FaithNPolitics
RepMoolenaar	mibigshow
RepMoolenaar	GDSFoundation
RepMoolenaar	MIVeteran
RepMoolenaar	9and10News
RepMoolenaar	Tom4tnc
RepMoolenaar	CAP_COG
RepMoolenaar	TaylorTV910
RepMoolenaar	MichFarmBureau
RepByrne	SteveScalise
RepByrne	MacTXPress
RepByrne	NatResources
RepByrne	RepMikeRogersAL
RepByrne	HASCRepublicans
RepByrne	EdWorkforce
RepByrne	VP
RepByrne	FoxNews
RepByrne	realDonaldTrump
RepByrne	USNavy
RepByrne	USArmy
RepByrne	NASA
RepByrne	WhiteHouse
RepByrne	nikkihaley
RepByrne	axios
RepByrne	HouseGOP
RepByrne	IvankaTrump
RepByrne	AlabamaToday
RepByrne	IndianEmbassyUS
RepByrne	WKRG
RepByrne	yhn
RepByrne	TheJusticeDept
RepByrne	NWSMobile
RepByrne	SenShelby
RepByrne	Bob_Grip
RepByrne	ALDOTMobileArea
RepByrne	IsraeliPM
RepByrne	GovernorKayIvey
RepByrne	Austal_USA
RepByrne	DonDaileyAPT
RepByrne	aldotcom
RepByrne	ALhospitals
RepByrne	MikeDubberlyGDA
RepByrne	City_of_Mobile
RepByrne	SecretaryZinke
RepByrne	BaldwinCountyED
RepByrne	gemcclure
RepByrne	EWTNNewsNightly
RepGuthrie	RepPeteAguilar
RepGuthrie	SteveScalise
RepGuthrie	RepAndyBarr
RepGuthrie	RepFredUpton
RepGuthrie	HouseCommerce
RepGuthrie	RepSmucker
RepGuthrie	GreggHarper
RepGuthrie	EdWorkforce
RepGuthrie	INCOMPAS
RepGuthrie	DOE_SC_NSB
RepGuthrie	ACEC_KY
RepGuthrie	TylerCampbellKY
RepGuthrie	KyElectricCoops
RepGuthrie	KpaAdvocacy
RepGuthrie	caboni
RepGuthrie	KBT4AllModes
RepGuthrie	ACUConservative
RepGuthrie	KYFuneral
RepGuthrie	tuffcowgirl83
RepGuthrie	KentuckyBev
RepGuthrie	CISredhounds
RepGuthrie	BAFOUND
RepGuthrie	EdSectionAPTA
RepGuthrie	AAOHNSGovtAffrs
RepGuthrie	bgoulet726
RepGuthrie	IAFF345
RepGuthrie	GinnyHill
RepGuthrie	CharlieCox66
RepGuthrie	KentuckyCoal
RepGuthrie	aikcu
RepGuthrie	NashvilleBN
RepGuthrie	AEA
RepGuthrie	RJCormanRR
RepBlainePress	HouseSmallBiz
RepBlainePress	FinancialCmte
RepBlainePress	NatResources
RepBlainePress	SpeakerRyan
RepBlainePress	SBGC2C
RepBlainePress	USDA
RepBlainePress	realDonaldTrump
RepBlainePress	CNBC
RepBlainePress	MissouriChamber
RepBlainePress	MorningsMaria
RepBlainePress	HouseGOP
RepBlainePress	mobankers
RepBlainePress	RepSamGraves
RepBlainePress	jcjays_baseball
RepSanfordSC	Clyburn
RepSanfordSC	Transport
RepSanfordSC	townhallproject
RepSanfordSC	KasieDC
RepSanfordSC	EnvAm
RepSanfordSC	citizensclimate
RepSanfordSC	MeetThePress
RepSanfordSC	FreedomWorks
RepSanfordSC	jennybethm
RepSanfordSC	GovWaste
RepSanfordSC	AAR_FreightRail
RepSanfordSC	nature_wonks
RepSanfordSC	PursuitHQ
RepSanfordSC	CAIadvocacy
RepSanfordSC	FOX24Charleston
RepSanfordSC	FutureofFreedom
RepSanfordSC	TPPatriots
RepSanfordSC	ABCNews4
RepSanfordSC	EDFHealth
RepSanfordSC	Live5News
RepSanfordSC	open_the_books
RepSanfordSC	carolinaarts
RepSanfordSC	thestate
RepSanfordSC	ericawerner
RepSanfordSC	selc_org
RepSanfordSC	WJCL22Tori
RepSanfordSC	NWSCharlestonSC
RepSanfordSC	NPRWeekend
RepSanfordSC	lauren_boals
RepSanfordSC	scccl
USRepLong	HouseAgNews
USRepLong	HouseCommerce
USRepLong	SpeakerRyan
USRepLong	cathymcmorris
USRepLong	BuzzFeedNews
USRepLong	DeptofDefense
USRepLong	ToyotaPolicy
USRepLong	tictoc
USRepLong	FoxNews
USRepLong	realDonaldTrump
USRepLong	DeptVetAffairs
USRepLong	MissouriChamber
USRepLong	foxandfriends
USRepLong	HouseGOP
USRepLong	RestaurantsAct
USRepLong	JoplinGlobe
USRepLong	springfieldNL
USRepLong	auctnr1
USRepLong	sbjnet
USRepLong	officialSPS
USRepLong	kytv
USRepLong	MonettTimes
USRepLong	CassvilleSchool
USRepLong	MoAgriculture
USRepLong	GOCAPSmonett
USRepRodney	HouseAppropsGOP
USRepRodney	MarioDB
USRepRodney	SpeakerRyan
USRepRodney	MadisonEagleNJ
Rep_Hunter	RepDianeBlack
Rep_Hunter	NatResources
Rep_Hunter	Transport
Rep_Hunter	GOPLeader
Rep_Hunter	SpeakerRyan
Rep_Hunter	EdWorkforce
Rep_Hunter	sdutIdeas
Rep_Hunter	KUSINews
Rep_Hunter	FoxNews
Rep_Hunter	foxandfriends
Rep_Hunter	OutnumberedOT
Rep_Hunter	AmericaNewsroom
Rep_Hunter	IFDA
Rep_Hunter	RyanAFournier
Rep_Hunter	DriscollBoats
RepChrisSmith	SteveScalise
RepChrisSmith	IRSnews
RepChrisSmith	USNationalGuard
RepChrisSmith	bread4theworld
RepChrisSmith	toendhunger
RepChrisSmith	DelRivCoalition
RepChrisSmith	JDSalant
RepChrisSmith	GreeceinNewYork
RepChrisSmith	JonathanWashko
RepChrisSmith	AbramsKL
RepChrisSmith	EnviroPassion
RepChrisSmith	Justice4Vets
RepChrisSmith	mmarkarian
RepChrisSmith	USAASC
RepChrisSmith	MattieMiracleCF
RepChrisSmith	AsburyParkPress
RepChrisSmith	HelsinkiComm
RepChrisSmith	congressdotgov
RepChrisSmith	ALZReadiness
RepChrisSmith	AutismNJ
RepChrisSmith	NationalAutism
SteveScalise	RepArrington
SteveScalise	RepJimBanks
SteveScalise	RepJohnFaso
SteveScalise	RepTrey
SteveScalise	HouseSmallBiz
SteveScalise	RepComstock
SteveScalise	repdavetrott
SteveScalise	KeithRothfus
SteveScalise	RepDavidValadao
SteveScalise	RepRichHudson
SteveScalise	RepBradWenstrup
SteveScalise	RepHartzler
SteveScalise	HouseAgNews
SteveScalise	RepKinzinger
SteveScalise	HouseCommerce
SteveScalise	NatResources
SteveScalise	RepGoodlatte
SteveScalise	MarioDB
SteveScalise	RepKevinBrady
SteveScalise	SpeakerRyan
SteveScalise	WaysandMeansGOP
SteveScalise	NULpolicy
SteveScalise	CNN
SteveScalise	FoxNews
SteveScalise	realDonaldTrump
SteveScalise	WhiteHouse
SteveScalise	NWSNewOrleans
SteveScalise	HHSGov
SteveScalise	SBAList
SteveScalise	ShopFloorNAM
SteveScalise	SteveKnight25
SteveScalise	SecNielsen
SteveScalise	dailybriefing
SteveScalise	VAChair
SteveScalise	Franklin_Graham
SteveScalise	BillyNungesser
SteveScalise	AjitPaiFCC
SteveScalise	DEAHQ
SteveScalise	RepClayHiggins
SteveScalise	EnergyDepSec
SteveScalise	CaitlinBerni
KeithRothfus	SteveScalise
KeithRothfus	RepDianeBlack
KeithRothfus	RepGoodlatte
KeithRothfus	CongressmanGT
KeithRothfus	SpeakerRyan
KeithRothfus	cathymcmorris
KeithRothfus	WaysandMeansGOP
KeithRothfus	FoxBusiness
KeithRothfus	FightExtremism
KeithRothfus	HouseGOP
KeithRothfus	Dave_Sutor
KeithRothfus	jdprose
KeithRothfus	thedillonjames
KeithRothfus	north_hills
KeithRothfus	ccappatt
HouseJudiciary	RepJerryNadler
HouseJudiciary	RepKenBuck
HouseJudiciary	SteveScalise
HouseJudiciary	RepDougCollins
HouseJudiciary	RepDeSantis
HouseJudiciary	HouseHomeland
HouseJudiciary	JudgeTedPoe
HouseJudiciary	RepGoodlatte
HouseJudiciary	SpeakerRyan
HouseJudiciary	cathymcmorris
HouseJudiciary	LamarSmithTX21
HouseJudiciary	FoxNews
HouseJudiciary	MariaBartiromo
HouseJudiciary	HouseGOP
HouseJudiciary	dmccabe
HouseJudiciary	bmi
HouseJudiciary	RIAA
HouseJudiciary	horaciog
HouseJudiciary	RepMikeJohnson
HouseJudiciary	uspto
RepDavidValadao	RepJimmyPanetta
RepDavidValadao	RepRoybalAllard
RepDavidValadao	HouseAppropsGOP
RepDavidValadao	RepSeanDuffy
RepDavidValadao	NatResources
RepDavidValadao	KenCalvert
RepDavidValadao	GOPLeader
RepDavidValadao	FWD_us
RepDavidValadao	SecretarySonny
RepDavidValadao	RestaurantsAct
RepDavidValadao	westerncaucus
RepDavidValadao	SJCOG
RepDavidValadao	CHPCnews
RepDavidValadao	CaliforniaRD
RepDavidValadao	JosephICastro
RepDavidValadao	Fresno_State
RepDavidValadao	bakersfieldnow
RepDavidValadao	Fresno_Chamber
RepDavidValadao	HALO_NK
RepDavidValadao	darthsupt
RepDavidValadao	CAHepatitisC
RepDavidValadao	NACDS
RepDavidValadao	UnitedWaysCA
RepDavidValadao	CA_SummerMeals
RepJBridenstine	RepBrianBabin
RepJBridenstine	TXRandy14
RepJBridenstine	RepThomasMassie
RepJBridenstine	reppittenger
RepJBridenstine	RepDLamborn
RepJBridenstine	RepWebster
RepJBridenstine	RepJeffDuncan
RepJBridenstine	HouseScience
RepJBridenstine	LamarSmithTX21
RepJBridenstine	justinamash
RepJBridenstine	GuardMagazine
RepJBridenstine	FreedomWorks
RepJBridenstine	SBAList
RepJBridenstine	capitalweather
RepJBridenstine	ParisBurris
RepJBridenstine	JaySekulow
RepJBridenstine	club4growth
RepJBridenstine	CongHuelskamp
RepJBridenstine	OklahomaAFP
RepJBridenstine	4geeman
RepJBridenstine	SenatorLankford
RepJBridenstine	rtmradio
RepJBridenstine	ConservReview
RepJBridenstine	repjustinamash
RepJBridenstine	RepCurtClawson
RepAndyBarr	HouseSmallBiz
RepAndyBarr	SteveScalise
RepAndyBarr	RepHalRogers
RepAndyBarr	RepDianeBlack
RepAndyBarr	FinancialCmte
RepAndyBarr	NatResources
RepAndyBarr	SpeakerRyan
RepAndyBarr	WaysandMeansGOP
RepAndyBarr	SecretaryCarson
RepAndyBarr	VP
RepAndyBarr	ToyotaPolicy
RepAndyBarr	FoxNews
RepAndyBarr	WhiteHouse
RepAndyBarr	SecretarySonny
RepAndyBarr	MorningsMaria
RepAndyBarr	MariaBartiromo
RepAndyBarr	SCActionNetwork
RepAndyBarr	HouseGOP
RepAndyBarr	AAN
RepAndyBarr	AmericaFirstPol
RepAndyBarr	TVG
RepAndyBarr	KPTAKy
RepAndyBarr	GovMattBevin
RepAndyBarr	RichmondRnews
RepAndyBarr	wuky
RepAndyBarr	SpecNewsKY
RepAndyBarr	larrygloverlive
RepAndyBarr	HopeCenterLex
RepRWilliams	SteveScalise
RepRWilliams	FinancialCmte
RepRWilliams	SpeakerRyan
RepRWilliams	VP
RepRWilliams	WashTimesOpEd
RepRWilliams	FoxBusiness
RepRWilliams	MorningsMaria
RepRWilliams	MariaBartiromo
RepRWilliams	HouseGOP
RepRWilliams	GovAbbott
RepRWilliams	TimRunsHisMouth
RepRWilliams	BudKennedy
RepRWilliams	NBCDFW
RepRWilliams	usarmycentral
RepRWilliams	JackKingston
RepRWilliams	KWKTFOX44
RepRWilliams	2ABCT1AD
RepRWilliams	IIICorps_CG
RepRWilliams	fox7austin
RepRWilliams	ltisdschools
RepRWilliams	alana_austin
RepRWilliams	georgepbush
RepRWilliams	mschlapp
RepRWilliams	TexasMSD
RepRWilliams	UTAustinPolice
RepRWilliams	TexasRetailers
RepRWilliams	TexasSports
RepRWilliams	Austin_Police
RepRWilliams	kdhnews
RepRWilliams	BurlesonISD
RepRWilliams	Ron_Nirenberg
RepPaulCook	RepEdRoyce
RepPaulCook	GOPLeader
RepPaulCook	SpeakerRyan
RepPaulCook	cathymcmorris
RepPaulCook	USMC_LegAffairs
RepPaulCook	SBCOUNTYFIRE
RepPaulCook	DeptofDefense
RepPaulCook	sbcountysheriff
RepPaulCook	theCaGuard
RepPaulCook	OpenFairSkies
RepPaulCook	visitthecapitol
RepPaulCook	SoCalOpinion
RepPaulCook	SBPDChief
RepPaulCook	KarenGray92365
RepPaulCook	sbsun
RepPaulCook	Caltrans8
RepPaulCook	WeAreALPA
RepPaulCook	J_Bird30
RepPaulCook	VVDailyPress
RepPaulCook	KingoftheHammer
RepPaulCook	driving_line
RepPaulCook	MammothMountain
RepPaulCook	Israel
RepPaulCook	R5_Fire_News
RepPaulCook	DP_Shea
RepPaulCook	aircraftcarrier
RepPaulCook	MainStreetGOP
RepPaulCook	CountyWire
RepPaulCook	HesperiaPolice
RepPaulCook	CaltransHQ
RepPaulCook	29PalmsChamber
SusanWBrooks	RepTedDeutch
SusanWBrooks	HouseSmallBiz
SusanWBrooks	HouseCommerce
SusanWBrooks	RepMcCaul
SusanWBrooks	GOPLeader
SusanWBrooks	SpeakerRyan
SusanWBrooks	WaysandMeansGOP
SusanWBrooks	usedgov
SusanWBrooks	BrendanCarrFCC
SusanWBrooks	NBCNews
SusanWBrooks	JessicaASmith8
SusanWBrooks	WhiteHouse
SusanWBrooks	mikeofcc
SusanWBrooks	ACSCANIN
SusanWBrooks	GovHolcomb
SusanWBrooks	CTIA
SusanWBrooks	HouseGOP
SusanWBrooks	93wibc
SusanWBrooks	CTATech
SusanWBrooks	DEAHQ
SusanWBrooks	NLEOMF
SusanWBrooks	RickFOP86
SusanWBrooks	JHSPH_CHS
SusanWBrooks	HenrySchein
SusanWBrooks	aiindianapolis
SusanWBrooks	Exodus_Refugee
SusanWBrooks	NoblesvilleCOC
SusanWBrooks	MayorCook
SusanWBrooks	CityofWestfield
SusanWBrooks	IndianaOCRA
SusanWBrooks	indylibrary
SusanWBrooks	WCPI_Cheryl
SusanWBrooks	LugarSeries
SusanWBrooks	WCPI_Cindy
SusanWBrooks	INRedCross
SusanWBrooks	IMS
SusanWBrooks	ZionsvilleIN
SusanWBrooks	uwci
SusanWBrooks	ACTwireless
SusanWBrooks	IndianaRLA
RepChrisStewart	RepSeanDuffy
RepChrisStewart	CNNnewsroom
RepChrisStewart	OutFrontCNN
RepChrisStewart	FoxNews
RepChrisStewart	FoxBusiness
RepChrisStewart	SecretaryZinke
RepChrisStewart	GlenBeebyNews
RepChrisStewart	DrZuhdiJasser
RepChrisStewart	sltrib
RepChrisStewart	GlenMillsABC4
RepChrisStewart	1059KNRS
RepTedYoho	RepAdamSmith
RepTedYoho	RepTomGarrett
RepTedYoho	HouseAgNews
RepTedYoho	SpeakerRyan
RepTedYoho	WSJ
RepTedYoho	HouseForeign
RepTedYoho	DeptofDefense
RepTedYoho	fema
RepTedYoho	GlobalHealthOrg
RepTedYoho	HouseGOP
RepTedYoho	KaitlynnOlczak
RepTedYoho	bme_olivia
RepTedYoho	soflinfo
RepTedYoho	Mwashington3J
RepTedYoho	AdvaSal
RepTedYoho	ModernizeAid
RepLaMalfa	RepWesterman
RepLaMalfa	RepByrne
RepLaMalfa	SteveScalise
RepLaMalfa	HouseJudiciary
RepLaMalfa	RepDavidValadao
RepLaMalfa	reppittenger
RepLaMalfa	RepJeffDenham
RepLaMalfa	RepHartzler
RepLaMalfa	HouseAgNews
RepLaMalfa	NatResources
RepLaMalfa	GOPLeader
RepLaMalfa	SpeakerRyan
RepLaMalfa	RepJenniffer
RepLaMalfa	HouseForeign
RepLaMalfa	cspan
RepLaMalfa	FoxNews
RepLaMalfa	CNBC
RepLaMalfa	ShlomiKofman
RepLaMalfa	ncaied
RepLaMalfa	dcexaminer
RepLaMalfa	HouseGOP
RepLaMalfa	BizRoundtable
RepLaMalfa	FRCAction
RepLaMalfa	westerncaucus
RepLaMalfa	CAStateParks
RepLaMalfa	BeltwayBeef
RepLaMalfa	calcattlemen
RepLaMalfa	laurenmakaleev
RepLaMalfa	farmwater
RepLaMalfa	cdgermano
RepLaMalfa	CAFarmBureau
RepLaMalfa	ActionNewsNow
RepLaMalfa	FMCorg
RepLaMalfa	J_GallagherAD3
RepLaMalfa	KRCR7
RepLaMalfa	TSchultz1961
RepLaMalfa	PlacerSheriff
RepLaMalfa	CASenatorJim
RepLaMalfa	SitesProject
RepLaMalfa	ZippyDuvall
RepLaMalfa	DucksUnlimited
RepLaMalfa	ButteSheriff
RepLaMalfa	CA_DWR
RepLaMalfa	CoachBrown_FHS
RepLaMalfa	CCHSRA
RepLaMalfa	SacValleyCA
RepWalorski	CongressmanRuiz
RepWalorski	WaysandMeansGOP
RepWalorski	AARPadvocates
RepWalorski	PolishEmbassyUS
RepWalorski	CNBC
RepWalorski	WhiteHouse
RepWalorski	IBAHome
RepWalorski	ShopFloorNAM
RepWalorski	globalIPcenter
RepWalorski	FRCAction
RepWalorski	RiponAdvance
RepWalorski	INRedCross
RepWalorski	IndianaRLA
RepWalorski	WIMSRADIO
RepWalorski	WinamacWarriors
RepWalorski	IDHS
RepWalorski	TaylorPopielarz
RepWalorski	MEMADC
RepWalorski	IndianaEC
RepWalorski	INDental
RepWalorski	ndwbb
RepWalorski	WSBT
RepWalorski	Heartland_Ctr
RepWalorski	EMChargers
RepWalorski	ntcic
RepWalorski	LeadingAgeIN
RepWalorski	indystar
RepWalorski	PurdueTAP
RepWalorski	RVPROMagazine
RepWalorski	IN_gov
RepWalorski	abbyjlutz
RepWalorski	femaregion5
RepWalorski	DJManouWSBT
RepWalorski	PHMschools
RepWalorski	RV_Industry
RepWalorski	DouglasGeorgeCG
RepWalorski	INSkills2C
RepDougCollins	RepJudyChu
RepDougCollins	holly_harris
RepDougCollins	FoxNews
RepDougCollins	JusticeReform
RepDougCollins	FoxBusiness
RepDougCollins	kbwingfield
RepDougCollins	RiskRewardFBN
RepMullin	SteveScalise
RepMullin	HouseCommerce
RepMullin	ARSAWorks
RepMullin	realDonaldTrump
RepMullin	HouseGOP
RepMullin	westerncaucus
RepMullin	NetsmartTech
RepMullin	okruralhealth
RepMullin	FTGTigersTV
RepMullin	NOSORH
RepMullin	ClrmoreProgress
RepMullin	gitzelpuenteTV
RepMullin	JimInhofe
RepMullin	NATEWIN_Network
RepMullin	okfarmbureau
RepMullin	nelitajo
RepMullin	KarenLarsenKJRH
RepMullin	PBG19
RepMullin	KTULNews
RepMullin	InhofePress
RepMullin	FoxNewsOpinion
RepMullin	BlairGChilds
RepMullin	NewsOn6
RepMullin	TahlequahTDP
RepDeSantis	RepRodBlum
RepDeSantis	HouseJudiciary
RepDeSantis	RepMarkMeadows
RepDeSantis	MarshaBlackburn
RepDeSantis	GOPoversight
RepDeSantis	ToddRokita
RepDeSantis	boblatta
RepDeSantis	RosLehtinen
RepDeSantis	RepJenniffer
RepDeSantis	RepDonBacon
RepDeSantis	FoxNews
RepDeSantis	foxandfriends
RepDeSantis	FoxBusiness
RepDeSantis	DailySignal
RepDeSantis	CRTV
RepDeSantis	Heritage
RepDeSantis	SenMikeLee
RepDeSantis	GovWaste
RepDeSantis	kilmeade
RepDeSantis	AmbJohnBolton
RepDeSantis	JudgeJeanine
RepDeSantis	netanyahu
RepDeSantis	Circa
RepDeSantis	FreeBeacon
RepDeSantis	trish_regan
RepDeSantis	RepRooney
RepDeSantis	SenTedCruz
RepDeSantis	BAPS_PubAffairs
RepDeSantis	SecShulkin
RepHolding	PeterRoskam
RepHolding	RepKevinBrady
RepHolding	SpeakerRyan
RepHolding	WaysandMeansGOP
RepHolding	NWS
RepHolding	Franchising411
RepHolding	WSJ
RepHolding	USArmy
RepHolding	ShopFloorNAM
RepHolding	NCEmergency
RepHolding	KASiomkos
RepHolding	UKinUSA
RepHolding	InsourceJobsUSA
RepHolding	cari226
RepTomRice	SpeakerRyan
RepTomRice	WaysandMeansGOP
RepTomRice	cspanwj
RepTomRice	Interior
RepTomRice	FoxBusiness
RepTomRice	HouseGOP
RepTomRice	business
RepTomRice	SBECouncil
RepTomRice	Tax_Experts
RepTomRice	SydneyWPDE
RepTomRice	CVSHealth
RepTomRice	audreybiesk
RepTomRice	DavidLobb1
RepTomRice	SCcommerce
RepTomRice	VoiceOfPeeDee
RepTomRice	francismarionu
RepTomRice	wpdeabc15
RepTomRice	SummerDashe
RepTomRice	Emma_Dumain
RepTomRice	TaggartHouck
RepTomRice	SCDOTPress
RepTomRice	MainSt4Growth
RepChrisCollins	RepBrianHiggins
RepChrisCollins	HouseAgNews
RepChrisCollins	RepFredUpton
RepChrisCollins	HouseCommerce
RepChrisCollins	WaysandMeansGOP
RepChrisCollins	HeardontheHill
RepChrisCollins	healthylakes
RepChrisCollins	WhiteHouse
RepChrisCollins	mikeofcc
RepChrisCollins	FoxBusiness
RepChrisCollins	MariaBartiromo
RepChrisCollins	NewsRadio930
RepChrisCollins	EximBankUS
RepChrisCollins	OutnumberedOT
RepChrisCollins	Arkema_Inc
RepChrisCollins	RepTenney
RepChrisCollins	CalMum_Raiders
RepChrisCollins	perrysicecream
RepChrisCollins	SugarReform
RepChrisCollins	CapitalTonight
RepChrisCollins	DaveGreber4
TXRandy14	SteveScalise
TXRandy14	HouseScience
TXRandy14	RepHensarling
TXRandy14	AP
TXRandy14	realDonaldTrump
TXRandy14	USArmy
TXRandy14	NASA
TXRandy14	WhiteHouse
TXRandy14	FEMARegion6
TXRandy14	HouseGOP
TXRandy14	BrazoriaCounty
TXRandy14	ENERGY
TXRandy14	TCEQNews
TXRandy14	MyAquaAmerica
TXRandy14	12NewsNow
TXRandy14	GalvCoTX
TXRandy14	NWSHouston
TXRandy14	NHC_Atlantic
TXRandy14	galvcountyoem
RepAnnWagner	RepBeatty
RepAnnWagner	RepComstock
RepAnnWagner	RepBlainePress
RepAnnWagner	SteveScalise
RepAnnWagner	KeithRothfus
RepAnnWagner	RepTipton
RepAnnWagner	RepMarthaRoby
RepAnnWagner	RepMimiWalters
RepAnnWagner	FinancialCmte
RepAnnWagner	RepGoodlatte
RepAnnWagner	PatrickMcHenry
RepAnnWagner	GOPLeader
RepAnnWagner	SpeakerRyan
RepAnnWagner	cathymcmorris
RepAnnWagner	thehill
RepAnnWagner	HouseForeign
RepAnnWagner	SharedHope
RepAnnWagner	WhiteHouse
RepAnnWagner	USATODAY
RepAnnWagner	dcexaminer
RepAnnWagner	kevcirilli
RepAnnWagner	GLFOP
RepAnnWagner	MissingKids
RepAnnWagner	HouseGOP
RepAnnWagner	PressSec
RepAnnWagner	USMC
RepAnnWagner	senrobportman
RepAnnWagner	IvankaTrump
RepAnnWagner	TheJusticeDept
RepAnnWagner	stlcountypd
RepAnnWagner	BobOnderMO
RepAnnWagner	RoyBlunt
RepAnnWagner	COMTREA73
RepAnnWagner	StLouisBosnians
RepAnnWagner	SBALinda
RepAnnWagner	971FMTalk
RepAnnWagner	STLFireDept
RepAnnWagner	AndreaBitely
RepAnnWagner	Marcshort45
RepAnnWagner	statedeptspox
RepAnnWagner	MOEnterprise
RepAnnWagner	ChesterfieldPD
RepAnnWagner	FaithandFreedom
RepAnnWagner	IAmJaneDoeFilm
RepAnnWagner	craasch
RepAnnWagner	ChristopherAve
RepAnnWagner	SenatorWicker
RepAnnWagner	Mizzou
RepAnnWagner	ManhattanDA
RepAnnWagner	STLonAir
RepAnnWagner	ECUConn
RepAnnWagner	marymazzio
RepAnnWagner	ERLC
RepAnnWagner	sethmeyers
RepAnnWagner	NJ_Coalition
RepAnnWagner	ECPATUSACarol
RepAnnWagner	CityofBallwinMO
RepAnnWagner	NWSStLouis
RepKevinCramer	HouseCommerce
RepKevinCramer	GOPLeader
RepKevinCramer	SpeakerRyan
RepKevinCramer	cathymcmorris
RepKevinCramer	NTCAconnect
RepKevinCramer	WhiteHouse
RepKevinCramer	SecretarySonny
RepKevinCramer	HouseGOP
RepKevinCramer	westerncaucus
RepKevinCramer	AjitPaiFCC
RepKevinCramer	NDHospitalAssn
RepKevinCramer	POVnow
RepKevinCramer	courtneykoebele
RepKevinCramer	robport
RepKevinCramer	cj_wentz
RepKevinCramer	SenJohnHoeven
RepKevinCramer	RickJensenND
RepLukeMesser	RepMarkMeadows
RepLukeMesser	thehill
RepLukeMesser	ABCPolitics
RepLukeMesser	JessicaASmith8
RepLukeMesser	VP
RepLukeMesser	ABC
RepLukeMesser	FoxNews
RepLukeMesser	realDonaldTrump
RepLukeMesser	dcexaminer
RepLukeMesser	foxandfriends
RepLukeMesser	FoxBusiness
RepLukeMesser	93wibc
RepLukeMesser	tonykatz
RepLukeMesser	INHouseGOP
RepLukeMesser	MikeEmanuelFox
RepLukeMesser	BrendanKKirby
RepLukeMesser	Hubbard_WJ
RepLukeMesser	MarcMullins1
RepLukeMesser	LeahBarkoukis
RepLukeMesser	Indiana_Soy
RepLukeMesser	SouthsideElem
RepLukeMesser	mattsmith_news
RepLukeMesser	schoolchoicewk
RodneyDavis	RepBRochester
RodneyDavis	RepLaHood
RodneyDavis	SteveScalise
RodneyDavis	RepHartzler
RodneyDavis	HouseAgNews
RodneyDavis	cathymcmorris
RodneyDavis	RepShimkus
RodneyDavis	HeardontheHill
RodneyDavis	BPC_Bipartisan
RodneyDavis	SBGC2C
RodneyDavis	FightCRC
RodneyDavis	uofigovrelation
RodneyDavis	OrganicTrade
RodneyDavis	APTA_Transit
RodneyDavis	ILFarmBureau
RodneyDavis	AlzILAdvocacy
RodneyDavis	FarmPolicy
RodneyDavis	dcexaminer
RodneyDavis	ChadPergram
RodneyDavis	GLFOP
RodneyDavis	HouseGOP
RodneyDavis	usdaRD
RodneyDavis	RestaurantsAct
RodneyDavis	CVSHealth
RodneyDavis	GrowthEnergy
RodneyDavis	SteveGarvey6
RodneyDavis	americanmothers
RodneyDavis	TheAAMFT
RodneyDavis	AgNewsDaily
RodneyDavis	agritalk
RodneyDavis	heraldandreview
RodneyDavis	MC_EndAlz
RodneyDavis	RVVoyles
RodneyDavis	DuPontBiobased
RodneyDavis	AKRsrq
RodneyDavis	UCSJC
RodneyDavis	ILFERTCHEM
RodneyDavis	MikeMiletichBN
RodneyDavis	Ryan_ILFB
RodneyDavis	Ron4VA
RodneyDavis	RachelLMillard
RodneyDavis	AAAEDelivers
RodneyDavis	CUMTD
RodneyDavis	andrew5047
RodneyDavis	APTA_info
RodneyDavis	cpowers2009
RodneyDavis	UIFedRelations
RodneyDavis	WJBC
RepDaveJoyce	HouseSmallBiz
RepDaveJoyce	TheHillEvents
RepDaveJoyce	HouseGOP
RepDaveJoyce	SenateGOP
RepDaveJoyce	ReporterBetsy
RepDaveJoyce	ChesterTwpPD
RepDaveJoyce	treebaa
RepDaveJoyce	jlatchana
RepDaveJoyce	CaronTreatment
RepDaveJoyce	KimStrassel
RepThomasMassie	RepDeSantis
RepThomasMassie	RepMarkMeadows
RepThomasMassie	justinamash
RepThomasMassie	dcexaminer
RepThomasMassie	FreedomWorks
RepThomasMassie	CRTV
RepThomasMassie	pye
RepThomasMassie	KennedyNation
RepThomasMassie	CassandraRules
RepThomasMassie	leoweekly
RepThomasMassie	ColumbiaBugle
RepThomasMassie	Wingo_Starr1
RepThomasMassie	vincecoakley
RepThomasMassie	WalshFreedom
RepMarkMeadows	JoaquinCastrotx
RepMarkMeadows	RepArrington
RepMarkMeadows	RepLeeZeldin
RepMarkMeadows	RepDeSantis
RepMarkMeadows	RepMcCaul
RepMarkMeadows	Jim_Jordan
RepMarkMeadows	FoxNews
RepMarkMeadows	dcexaminer
RepMarkMeadows	foxandfriends
RepMarkMeadows	TeamCavuto
RepMarkMeadows	AmericaNewsroom
RepMarkMeadows	freedomcaucus
RepMarkMeadows	SecPompeo
RepMarkMeadows	SenMikeLee
RepMarkMeadows	JudgeJeanine
RepMarkMeadows	FoxNewsOpinion
RepMarkMeadows	SenTedCruz
RepMarkMeadows	KimStrassel
RepMarkMeadows	MZHemingway
RepMarkMeadows	ByronYork
RepMarkMeadows	RiponSociety
RepMarkMeadows	nasahqphoto
RepMarkMeadows	ceidotorg
RepMarkMeadows	dbongino
RepMarkMeadows	EWErickson
RepMarkMeadows	RobertBluey
RepMarkMeadows	SheriffCSM
RepMarkMeadows	SmithsUSGovRel
RepMarkMeadows	ncLEAFchief
RepMarkMeadows	DestinHall
RepMarkMeadows	JimDeMint
RepMarkMeadows	CommEdney
RepMarkMeadows	EricMGarcia
RepMarkMeadows	_WilliamsonBen
RepAndyHarrisMD	SteveScalise
RepAndyHarrisMD	RepDLamborn
RepAndyHarrisMD	HouseAppropsGOP
RepAndyHarrisMD	GOPLeader
RepAndyHarrisMD	SpeakerRyan
RepAndyHarrisMD	RosLehtinen
RepAndyHarrisMD	realDonaldTrump
RepAndyHarrisMD	cspanradio
RepAndyHarrisMD	wbalradio
RepAndyHarrisMD	HouseGOP
RepAndyHarrisMD	freedomcaucus
RepAndyHarrisMD	SecPompeo
RepAndyHarrisMD	SecretaryAcosta
RepAndyHarrisMD	DEAWASHINGTONDC
RepAndyHarrisMD	ASAGrassroots
RepAndyHarrisMD	WMALDC
RepAndyHarrisMD	afterschool4all
RepAndyHarrisMD	SecAzar
RepAndyHarrisMD	C4Show
RepAndyHarrisMD	AviAbelow
RepAndyHarrisMD	UpperBayCouns
RepAndyHarrisMD	MeganWBAL
reppittenger	SteveScalise
reppittenger	RepStevePearce
reppittenger	RepDianeBlack
reppittenger	GOPLeader
reppittenger	SpeakerRyan
reppittenger	SecretaryCarson
reppittenger	VP
reppittenger	SXMPolitics
reppittenger	FoxNews
reppittenger	realDonaldTrump
reppittenger	MurphinDC
reppittenger	dcexaminer
reppittenger	FoxBusiness
reppittenger	HouseGOP
reppittenger	SenateGOP
reppittenger	PressSec
reppittenger	senorrinhatch
reppittenger	AbigailCBN
reppittenger	cvpayne
reppittenger	trish_regan
reppittenger	FAIRImmigration
reppittenger	jparkABC
reppittenger	AndySpecht
reppittenger	Brewer660
reppittenger	wbtradio
reppittenger	tregp
reppittenger	SONC_BeAFan
reppittenger	KDorr45
reppittenger	RileyTopping
reppittenger	ahmetsyayla
reppittenger	NextRevFNC
reppittenger	stevenmnuchin1
reppittenger	Panthers
reppittenger	RepPittenger
reppittenger	CatSzeltner
reppittenger	DiputadosAR
reppittenger	KleptocracyIntv
MikeKellyPA	SpeakerRyan
MikeKellyPA	WaysandMeansGOP
MikeKellyPA	CNN
MikeKellyPA	AP
MikeKellyPA	FoxNews
MikeKellyPA	realDonaldTrump
MikeKellyPA	Reuters
MikeKellyPA	healthylakes
MikeKellyPA	cspanradio
MikeKellyPA	WhiteHouse
MikeKellyPA	foxandfriends
MikeKellyPA	HouseGOP
MikeKellyPA	DailySignal
MikeKellyPA	PressSec
MikeKellyPA	ShopFloorNAM
MikeKellyPA	NFIB
MikeKellyPA	RiponAdvance
MikeKellyPA	PACHC1
MikeKellyPA	AmericaFirstPol
MikeKellyPA	FoxNewsInsider
MikeKellyPA	FRCdc
MikeKellyPA	taxreformer
MikeKellyPA	JET24FOX66
MikeKellyPA	NewCastleNews
MikeKellyPA	davidwebbshow
MikeKellyPA	GoErie
MikeKellyPA	mbausa
MikeKellyPA	PHNHealth
MikeKellyPA	SavingPlaces
MikeKellyPA	JordanSekulow
RepRichHudson	HouseCommerce
RepRichHudson	NatResources
RepRichHudson	cathymcmorris
RepRichHudson	VP
RepRichHudson	FoxNews
RepRichHudson	USArmy
RepRichHudson	WhiteHouse
RepRichHudson	MurphinDC
RepRichHudson	FoxBusiness
RepRichHudson	HouseGOP
RepRichHudson	RepTedBudd
RepRichHudson	Franklin_Graham
RepRichHudson	goffrugbyreport
RepRichHudson	NASCAR
RepRichHudson	PopularPups
RepRichHudson	KariLynnTravis
RepRichHudson	AmandaDFO
RepRichHudson	AWRHawkins
RepRichHudson	NRA
RepRichHudson	DrewBrooks
RepRichHudson	rowancountync
RepRichHudson	sarah_verardo
RepRichHudson	DavidWhisenant
RepRichHudson	82ndABNDiv
RepRichHudson	NinerBaseball
RepRichHudson	sambassartist
RepRichHudson	KarsynElledge3
RepRichHudson	DaleJr
RepRichHudson	USOofNC
RepRichHudson	WestoverHS
RepRichHudson	Charlotte49erFB
RepRichHudson	SenatorBurr
RepRichHudson	ArmyChiefStaff
RepRichHudson	ncsoybeans
RepRichHudson	Lkatzenberg
RepRichHudson	NASCARONFOX
RepRichHudson	NCRLA
RepRichHudson	cgmstech
RepRichHudson	rolliesampson
RepRichHudson	carrietulbert
RepRichHudson	NCNationalGuard
RepRichHudson	MikeSolarte
RepRichHudson	SLDomurat
RepRichHudson	GreenBeretFound
RepRichHudson	DeltaChildren
RepRichHudson	FirstHealth
RepRichHudson	MorganABC11
RepRichHudson	andie_foley
PatTiberi	RepSteveStivers
PatTiberi	RepKevinBrady
PatTiberi	GOPLeader
PatTiberi	SpeakerRyan
PatTiberi	WaysandMeansGOP
PatTiberi	LVMPD
PatTiberi	DeptofDefense
PatTiberi	VP
PatTiberi	OSUPrezDrake
PatTiberi	DispatchAlerts
PatTiberi	SenJohnMcCain
PatTiberi	fema
PatTiberi	WhiteHouse
PatTiberi	HouseGOP
PatTiberi	senrobportman
PatTiberi	JECRepublicans
PatTiberi	OhioPoliticsNow
PatTiberi	WhirlpoolCorp
PatTiberi	LickingHealth
PatTiberi	wmfdtv
PatTiberi	HSSOtterbein
PatTiberi	nbc4i
PatTiberi	SpecSportsOH
JimPressOffice	PeterWelch
JimPressOffice	HouseJudiciary
JimPressOffice	SpeakerRyan
JimPressOffice	WaysandMeansGOP
JimPressOffice	townhallproject
JimPressOffice	HouseGOP
JimPressOffice	RepGrothman
JimPressOffice	FRCAction
JimPressOffice	CSGJC
JimPressOffice	WRTL
JimPressOffice	Brewers
JimPressOffice	RepSanfelippo
JimPressOffice	RepRobBrooks
JimPressOffice	AdamNeylonPress
JimPressOffice	stevennelson10
JimPressOffice	WMMCampaign
JimPressOffice	SenRonJohnson
JimPressOffice	620wtmj
JimPressOffice	newstalk1130
JimPressOffice	wispolitics
JimPressOffice	madeleinebehr
RepLanceNJ7	RepLoBiondo
RepLanceNJ7	michaelmelillo
RepDLamborn	RepBetoORourke
RepDLamborn	RepDianeBlack
RepDLamborn	NatResources
RepDLamborn	SpeakerRyan
RepDLamborn	VP
RepDLamborn	realDonaldTrump
RepDLamborn	WhiteHouse
RepDLamborn	HouseGOP
RepDLamborn	SBAList
RepDLamborn	westerncaucus
RepDLamborn	IsraeliPM
RepDLamborn	SecStudiesGrp
RepDLamborn	COWYRedCross
RepDLamborn	KOAA
RepDLamborn	ConcernedVets
RepDLamborn	toddstarnes
RepDLamborn	JGreenblattADL
RepDLamborn	FLOTUS
RepDLamborn	JackRCline
RepDLamborn	csgazette
RepHalRogers	RepKClark
RepHalRogers	HouseAppropsGOP
RepHalRogers	HouseCommerce
RepHalRogers	SpeakerRyan
RepHalRogers	HouseRadioTV
RepHalRogers	cspanwj
RepHalRogers	washingtonpost
RepHalRogers	IRSnews
RepHalRogers	GrayDCnews
RepHalRogers	RxSummit
RepHalRogers	sandyhook
RepHalRogers	POLITICOLive
RepHalRogers	WhiteHouse
RepHalRogers	Malala
RepHalRogers	HouseGOP
RepHalRogers	OutnumberedOT
RepHalRogers	SenateMajLdr
RepHalRogers	SecretaryZinke
RepHalRogers	uniteky
RepHalRogers	McConnellPress
RepHalRogers	KYSHPO
RepHalRogers	KYFB
RepHalRogers	LouKyCourtClerk
RepHalRogers	KYHumanities
RepHalRogers	ARCgov
RepHalRogers	stevewymt
RepHalRogers	neilwymt
RepHalRogers	WillWYMT
RepHalRogers	AppHarvest
RepHalRogers	SOAR_EKY
RepHalRogers	FreeFileTaxes
RepHalRogers	UK_HealthCare
RepHalRogers	WYMT
RepHalRogers	aaronellis01
RepHalRogers	philippinesusa
RepHalRogers	NHTSAgov
RepHalRogers	MonticelloKY
RepHalRogers	KoreaEconInst
RepHalRogers	MitchellWKYT
RepHalRogers	JoanneKenen
RepHalRogers	LISCMaurice
RepHalRogers	UKCPH
RepHalRogers	ARGinUSA
RepHalRogers	kyaerospace
RepHalRogers	TaylorWYMT
RepHalRogers	joeduceyreports
RepHalRogers	TheMoreheadNews
RepHalRogers	moreheadstate
RepHalRogers	News_MSU
RepHalRogers	KYGOP
RepBradWenstrup	JuliaBrownley26
RepBradWenstrup	SteveScalise
RepBradWenstrup	RepDLamborn
RepBradWenstrup	HouseVetAffairs
RepBradWenstrup	RepDianeBlack
RepBradWenstrup	HASCRepublicans
RepBradWenstrup	GOPLeader
RepBradWenstrup	SpeakerRyan
RepBradWenstrup	cathymcmorris
RepBradWenstrup	RepJenniffer
RepBradWenstrup	jaketapper
RepBradWenstrup	LeoShane
RepBradWenstrup	GrayDCnews
RepBradWenstrup	CrohnsColitisFn
RepBradWenstrup	AAPD
RepBradWenstrup	FoxNews
RepBradWenstrup	WhiteHouse
RepBradWenstrup	dcexaminer
RepBradWenstrup	foxandfriends
RepBradWenstrup	FoxBusiness
RepBradWenstrup	HouseGOP
RepBradWenstrup	OutnumberedOT
RepBradWenstrup	AmericaNewsroom
RepBradWenstrup	BizRoundtable
RepBradWenstrup	RiponAdvance
RepBradWenstrup	trish_regan
RepBradWenstrup	FRCdc
RepBradWenstrup	toddstarnes
RepBradWenstrup	patriciakime
RepBradWenstrup	Carter_PE
RepBradWenstrup	highlandcopress
RepBradWenstrup	Clancy_TVCA
RepBradWenstrup	DHADirector
RepBradWenstrup	ReaganDefense
RepBradWenstrup	U_U_A_S
MarkAmodeiNV2	SteveScalise
MarkAmodeiNV2	westerncaucus
MarkAmodeiNV2	khackbusch
MarkAmodeiNV2	marano_nick
MacTXPress	RepGallagher
MacTXPress	RepStefanik
MacTXPress	HouseHomeland
MacTXPress	RepHartzler
MacTXPress	RepChuck
MacTXPress	HASCRepublicans
MacTXPress	GOPLeader
MacTXPress	SpeakerRyan
MacTXPress	cathymcmorris
MacTXPress	RobWittman
MacTXPress	RepDonBacon
MacTXPress	FaceTheNation
MacTXPress	LeoShane
MacTXPress	cspan
MacTXPress	SenJohnMcCain
MacTXPress	farmcredit
MacTXPress	FedAmerHospital
MacTXPress	RepCloakroom
MacTXPress	jslovegrove
MacTXPress	MariaBartiromo
MacTXPress	FoxNewsSunday
MacTXPress	HouseGOP
MacTXPress	AmChemMatters
MacTXPress	AmericaNewsroom
MacTXPress	theaward
MacTXPress	RiponAdvance
MacTXPress	ANB
MacTXPress	inglejohn1973
MacTXPress	USEmbassySeoul
MacTXPress	ForeignPolicyI
MacTXPress	Abel_Romero_
MacTXPress	danielschwartz
MacTXPress	kareraas
MacTXPress	Riigikogu
MacTXPress	LucasFoxNews
MacTXPress	JessicaDomel
MacTXPress	edgarsrinkevics
MacTXPress	TxCattleFeeders
MacTXPress	katieleslienews
MacTXPress	WTIntern
MacTXPress	PPHM1933
MacTXPress	mollymotoole
MacTXPress	robhenneke
MacTXPress	jescanal
MacTXPress	RepJamesFrank
MacTXPress	DeBerryGroup
MacTXPress	sachamber
MacTXPress	fxnopinion
MacTXPress	AmarilloChamber
RepDavidYoung	nothingbutnets
RepDavidYoung	JessicaASmith8
RepDavidYoung	CongressionalAC
RepDavidYoung	AARPadvocates
RepDavidYoung	IowaPork
RepDavidYoung	MiSs_SuE22
RepDavidYoung	SecretarySonny
RepDavidYoung	cspanbus
RepDavidYoung	FarmPolicy
RepDavidYoung	Voices4Service
RepDavidYoung	iowafuel
RepDavidYoung	IowaBio
RepDavidYoung	CF_Foundation
RepDavidYoung	alsassociation
RepDavidYoung	AnnaHasDirt
RepDavidYoung	DSMpartnership
RepDavidYoung	KCCINews
RepDavidYoung	nfib_ia
RepDavidYoung	USRehab_VGM
RepDavidYoung	FordhamNYC
RepDavidYoung	ed2med
RepDavidYoung	IACommunityBank
RepDavidYoung	SHAZAMNetwork
RepDavidYoung	EpilepsyIowa
RepDavidYoung	rsidwell
RepDavidYoung	DMschools
RepDavidYoung	pologirl
RepDavidYoung	ALSAIOWA
RepDavidYoung	FulbrightAssoc
RepDavidYoung	SuccessfulFarm
RepDavidYoung	Mike4ABI
RepDavidYoung	IowaPTA
RepDavidYoung	IowaCAA
RepDavidYoung	AJansa
RepDavidYoung	iowa_megan
RepDavidYoung	NPPC
RepDavidYoung	NGFA
HouseAppropsGOP	RepDaveJoyce
HouseAppropsGOP	RepAndyHarrisMD
HouseAppropsGOP	MarkAmodeiNV2
HouseAppropsGOP	RepKevinYoder
HouseAppropsGOP	RepMarthaRoby
HouseAppropsGOP	RepTomGraves
HouseAppropsGOP	RepKayGranger
HouseAppropsGOP	Robert_Aderholt
HouseAppropsGOP	MarioDB
HouseAppropsGOP	CongCulberson
HouseAppropsGOP	TomRooney
HouseAppropsGOP	SpeakerRyan
HouseAppropsGOP	cspan
HouseAppropsGOP	HouseGOP
HouseAppropsGOP	JackKingston
RepAdrianSmith	davereichert
RepAdrianSmith	WaysandMeansGOP
RepAdrianSmith	RepDonBacon
RepAdrianSmith	AP
RepAdrianSmith	RepCloakroom
RepAdrianSmith	SecretarySonny
RepAdrianSmith	ZEROTOTHREE
RepAdrianSmith	IFDA
RepAdrianSmith	USChamber
RepAdrianSmith	NBCScottsbluff
RepAdrianSmith	pd_schools
RepAdrianSmith	scbpubschools
RepAdrianSmith	TravisMiller
RepAdrianSmith	Call9Medical
RepAdrianSmith	LaurenKummerNTV
RepAdrianSmith	Door_NYC
RepAdrianSmith	farmerbart
RepAdrianSmith	JaniceWolfinger
RepAdrianSmith	AGR_Nebraska
RepAdrianSmith	krvn
RepAdrianSmith	KearneyHub
RepAdrianSmith	AuroraHuskies
RepAdrianSmith	NEBankersCEO
RepAdrianSmith	bweinercrna
RepAdrianSmith	aanawebupdates
RepAdrianSmith	NebraskaChamber
RepAdrianSmith	AAPAorg
RepAdrianSmith	NRHA_Advocacy
RepAdrianSmith	nebraskanews
RepAdrianSmith	GovRicketts
RepAdrianSmith	NebraskaFCCLA
RepAdrianSmith	grownebraska
RepAdrianSmith	CFFNebraska
RepAdrianSmith	NEChildrensHome
RepAdrianSmith	BrianJBowden
RepAdrianSmith	apparelfootwear
RepAdrianSmith	UNKearney
RepAdrianSmith	SSCcardinalNews
RepAdrianSmith	NeCGA
RepAdrianSmith	aahomecare
RepAdrianSmith	reinke_farms
RepAdrianSmith	NTVNEWS
RepAdrianSmith	FarmersForTrade
RepAdrianSmith	cabc_co
RepAdrianSmith	NTVsSaraKirkley
RepAdrianSmith	KLINRadio
RepAdrianSmith	MortonOWH
ConawayTX11	RepRickAllen
ConawayTX11	HurdOnTheHill
ConawayTX11	SteveScalise
ConawayTX11	AustinScottGA08
ConawayTX11	HouseAgNews
ConawayTX11	RepKinzinger
ConawayTX11	RepMikeRogersAL
ConawayTX11	SpeakerRyan
ConawayTX11	RepHensarling
ConawayTX11	cathymcmorris
ConawayTX11	SBGC2C
ConawayTX11	ToyotaPolicy
ConawayTX11	_MealsOnWheels
ConawayTX11	TexasTribune
ConawayTX11	HouseGOP
ConawayTX11	aircraftcarrier
ConawayTX11	RachelLMillard
ConawayTX11	RepBost
ConawayTX11	ttrr_ramage
ConawayTX11	TravRuiz
ConawayTX11	CFTCquintenz
ConawayTX11	AMS_ScienceFair
ConawayTX11	SenateAgGOP
ConawayTX11	PCGNews
ConawayTX11	TrevorRWhite
ConawayTX11	marywmccourt
ConawayTX11	rileywpagett
ConawayTX11	JaciGlover
ConawayTX11	kevinbrinkley
ConawayTX11	WTXFB
ConawayTX11	gosanangelo
ConawayTX11	newswest9
ConawayTX11	OrsognaPaula
ConawayTX11	BillHemmer
ConawayTX11	hutson_19
ConawayTX11	ChamberOdessa
ConawayTX11	FPFNews
ConawayTX11	TXFBJustin
HouseVetAffairs	chelliepingree
HouseVetAffairs	RepArrington
HouseVetAffairs	RepJimBanks
HouseVetAffairs	DrNealDunnFL2
HouseVetAffairs	RepJackBergman
HouseVetAffairs	HouseSmallBiz
HouseVetAffairs	RepPoliquin
HouseVetAffairs	RepWesterman
HouseVetAffairs	SteveScalise
HouseVetAffairs	RepLukeMesser
HouseVetAffairs	RepRichHudson
HouseVetAffairs	RepBradWenstrup
HouseVetAffairs	HouseAppropsGOP
HouseVetAffairs	RepWebster
HouseVetAffairs	DrPhilRoe
HouseVetAffairs	RepGusBilirakis
HouseVetAffairs	VernBuchanan
HouseVetAffairs	GOPLeader
HouseVetAffairs	RepMikeCoffman
HouseVetAffairs	SpeakerRyan
HouseVetAffairs	JudgeCarter
HouseVetAffairs	cathymcmorris
HouseVetAffairs	RosLehtinen
HouseVetAffairs	RepJenniffer
HouseVetAffairs	AmericanLegion
HouseVetAffairs	studentvets
HouseVetAffairs	SenatorIsakson
HouseVetAffairs	DeptVetAffairs
HouseVetAffairs	DAVHQ
HouseVetAffairs	VAChair
HouseVetAffairs	RepClayHiggins
HouseVetAffairs	SecShulkin
HouseVetAffairs	RepBost
HouseVetAffairs	legionindc
HouseVetAffairs	VFWHQ
HouseVetAffairs	VAVetBenefits
HouseVetAffairs	RepRutherfordFL
RepWebster	RepLipinski
RepWebster	HouseSmallBiz
RepWebster	HouseAgNews
RepWebster	JudgeTedPoe
RepWebster	SteveKingIA
RepWebster	NatResources
RepWebster	HouseScience
RepWebster	scottwongDC
RepWebster	WSJ
RepWebster	fema
RepWebster	realDonaldTrump
RepWebster	WhiteHouse
RepWebster	HouseGOP
RepWebster	FLGovScott
RepWebster	business
RepWebster	CNBCnow
RepWebster	Villages_News
RepWebster	BeyondReasonR
RepWebster	LifeNewsHQ
RepWebster	BetsyDeVosED
RepWebster	Boeing
RepWebster	EvanMHoller
RepWebster	SCSOFL
RepWebster	lakeemergency
RepWebster	SheriffCitrus
RepWebster	CPC_FL
RepWebster	FLSERT
MarshaBlackburn	HouseCommerce
MarshaBlackburn	SecretaryAcosta
MarshaBlackburn	BurginJill
RepJoeWilson	JimLangevin
RepJoeWilson	HouseCommerce
RepJoeWilson	HASCRepublicans
RepJoeWilson	SpeakerRyan
RepJoeWilson	cathymcmorris
RepJoeWilson	EdWorkforce
RepJoeWilson	Cardiology
RepJoeWilson	CraigCaplan
RepJoeWilson	WSJ
RepJoeWilson	HouseForeign
RepJoeWilson	VP
RepJoeWilson	SharedHope
RepJoeWilson	FoxNews
RepJoeWilson	realDonaldTrump
RepJoeWilson	SBAsoutheast
RepJoeWilson	usairforce
RepJoeWilson	AFSAHQ
RepJoeWilson	nikkihaley
RepJoeWilson	HouseGOP
RepJoeWilson	demarest_colin
RepJoeWilson	scchamber
RepJoeWilson	SteveKnight25
RepJoeWilson	ACUFoundation
RepJoeWilson	Israel
RepJoeWilson	netanyahu
RepJoeWilson	SBALinda
RepJoeWilson	EndPolioNow
RepJoeWilson	Ready_Nation
RepJoeWilson	henrymcmaster
RepJoeWilson	PAFCAFnow
RepJoeWilson	_JenniferMiel
RepJoeWilson	SwissEmbassyUSA
RepJoeWilson	AmChamEU_SDA
RepJoeWilson	AARPSC
RepJoeWilson	cnsnews
RepJoeWilson	DougPologe
RepJoeWilson	PaulHuangReport
RepJoeWilson	ForeignPolicy
RepKevinYoder	JoaquinCastrotx
RepKevinYoder	repcleaver
RepKevinYoder	HouseAppropsGOP
RepKevinYoder	NatResources
RepKevinYoder	RepKevinBrady
RepKevinYoder	RepLynnJenkins
RepKevinYoder	SpeakerRyan
RepKevinYoder	cathymcmorris
RepKevinYoder	govtrack
RepKevinYoder	edatpost
RepKevinYoder	FoxNews
RepKevinYoder	RSI
RepKevinYoder	amazon_policy
RepKevinYoder	kcchamberGOV
RepKevinYoder	SCActionNetwork
RepKevinYoder	HouseGOP
RepKevinYoder	NFIB
RepKevinYoder	KCStar
RepKevinYoder	FrancoOrdonez
RepKevinYoder	bvnwnews
RepKevinYoder	lnanderson
RepKevinYoder	41actionnews
RepKevinYoder	UMR4NIH
RepKevinYoder	WyandotteDaily
RepKevinYoder	KCStarOpinion
RepKevinYoder	SenatorDole
RepKevinYoder	jedelmanUSHMM
RepKevinYoder	kkwhb
RepKevinYoder	kmbc
RepKevinYoder	NBCSports
RepKevinYoder	rustindodd
RepKevinYoder	Cadillac
RepKevinYoder	SBAgreatplains
RepKevinYoder	KUHoops
RepKevinYoder	marchmadness
RepKevinYoder	StevenDialTV
RepKevinYoder	ByronTau
RepKevinYoder	nataliewsj
RepKevinYoder	MattGlassman312
RepKevinYoder	TylerEvilsizer
RepKevinYoder	derekwillis
RepKevinYoder	andymarso
RepKevinYoder	KansasChamber
RepKevinYoder	gkcwpkline
RepKevinYoder	CFF_HOA
RepTomReed	RepJoshG
RepTomReed	RepDerekKilmer
RepTomReed	RepDianaDeGette
RepTomReed	WaysandMeansGOP
RepTomReed	MilitaryOfficer
RepTomReed	pgpfoundation
RepTomReed	_MealsOnWheels
RepTomReed	NIMHDirector
RepTomReed	FoxBusiness
RepTomReed	HouseGOP
RepTomReed	ShopFloorNAM
RepTomReed	RiponAdvance
RepTomReed	RiskRewardFBN
RepTomReed	MarcGoldwein
RepTomReed	delLagoResort
RepTomReed	JDRFAdvocacy
RepTomReed	UPMCpolicy
RepTomReed	CHCANYS
RepTomReed	GregLarsonWDOE
RepTomReed	SamanthaJoRoth
RepTomReed	UnfilteredSE
RepTomReed	AliABCNews
RepTomReed	FLPRISM
RepTomReed	damianpaletta
SamsPressShop	SteveScalise
SamsPressShop	RepPeteOlson
RepJeffDenham	RepDennyHeck
RepJeffDenham	HouseAgNews
RepJeffDenham	WaysandMeansGOP
RepJeffDenham	AnaCabrera
RepJeffDenham	sarahdwire
RepJeffDenham	MassTransitmag
RepJeffDenham	CBSEveningNews
RepJeffDenham	FoxBusiness
RepJeffDenham	hughhewitt
RepJeffDenham	westerncaucus
RepJeffDenham	JohnFeehery
RepJeffDenham	foxnewsradio
RepEdRoyce	RepBeatty
RepEdRoyce	RepMaloney
RepEdRoyce	RepLoudermilk
RepEdRoyce	SteveScalise
RepEdRoyce	RepMimiWalters
RepEdRoyce	FinancialCmte
RepEdRoyce	RepKevinBrady
RepEdRoyce	SpeakerRyan
RepEdRoyce	RosLehtinen
RepEdRoyce	WaysandMeansGOP
RepEdRoyce	USGLC
RepEdRoyce	latimes
RepEdRoyce	TitanAdvocates
RepEdRoyce	ocregister
RepEdRoyce	thehill
RepEdRoyce	HouseForeign
RepEdRoyce	VP
RepEdRoyce	CongressionalAC
RepEdRoyce	CNBC
RepEdRoyce	NetCaucusAC
RepEdRoyce	uscapitol
RepEdRoyce	ANCA_DC
RepEdRoyce	HouseGOP
RepEdRoyce	AmericaNewsroom
RepEdRoyce	TheIJR
RepEdRoyce	CNBCnow
RepEdRoyce	marchmadness
RepEdRoyce	ECAatState
RepEdRoyce	jason_howerton
RepEdRoyce	ExportSoCal
RepEdRoyce	TitanPrezVirjee
RepEdRoyce	RocketLab
RepEdRoyce	StateDept
RepEdRoyce	csufalumni
RepEdRoyce	CHOCDocs
RepEdRoyce	csuf
RepEdRoyce	markknoller
RepEdRoyce	thesafetychick
RepEdRoyce	AirportSupplier
RepEdRoyce	LPVROP
RepEdRoyce	UCI_STEMgineer
RepEdRoyce	UCIbrenICS
RepEdRoyce	SPMiddleSchool
RepEdRoyce	gillianrhayes
Raul_Labrador	FoxNews
Raul_Labrador	realDonaldTrump
Raul_Labrador	IngrahamAngle
Raul_Labrador	charliekirk11
Raul_Labrador	RepMcSally
HerreraBeutler	NatResources
HerreraBeutler	thecolumbian
HerreraBeutler	NTU
RepTipton	RepLoudermilk
RepTipton	RepWesterman
RepTipton	RepTomGraves
RepTipton	FinancialCmte
RepTipton	NatResources
RepTipton	SpeakerRyan
RepTipton	cathymcmorris
RepTipton	WaysandMeansGOP
RepTipton	AP
RepTipton	ABABankers
RepTipton	CUNA
RepTipton	uscapitol
RepTipton	HouseGOP
RepTipton	USMC
RepTipton	westerncaucus
RepTipton	SecretaryZinke
RepTipton	VailDaily
RepTipton	COEnterpriseFnd
RepTipton	ColoradoMesaU
RepTipton	COBankersAssn
RepTipton	COHospitalAssn
RepTipton	NSAA_org
RepTipton	ranoffic
RepTipton	WaltDisneyCo
RepFrankLucas	RepMullin
RepFrankLucas	HouseAgNews
RepFrankLucas	HouseScience
RepFrankLucas	farmcredit
RepFrankLucas	GoldGooseAward
RepFrankLucas	Ron_on_RON
RepFrankLucas	shanferrell
RepFrankLucas	EffieCraven
RepFrankLucas	okagpolicy
RepFrankLucas	NewstalkKCLI
RepFrankLucas	okstate
RepFrankLucas	Weatherford_OK
RepFrankLucas	CityofElkCity
RepFrankLucas	OSUCASNR
RepFrankLucas	TWOpinion
CongressmanDan	RepBradAshford
CongressmanDan	RepSinema
CongressmanDan	repjoecrowley
CongressmanDan	RepRyanCostello
CongressmanDan	HouseAgNews
CongressmanDan	thehill
CongressmanDan	rollcall
CongressmanDan	MorningBriefing
CongressmanDan	RepCloakroom
CongressmanDan	healthylakes
CongressmanDan	HouseGOP
CongressmanDan	nannburke
CongressmanDan	MichFarmBureau
CongressmanDan	ASAGrassroots
CongressmanDan	WJMN_Local3
CongressmanDan	myprepacademy
CongressmanDan	canshipowners
CongressmanDan	ACSCANMichigan
CongressmanDan	DSISDSuper
CongressmanDan	SpeakerBoehner
CongressmanDan	PeteHegseth
CongressmanDan	ChadLivengood
CongressmanDan	RepScottRigell
CongressmanDan	RepSinemaStaff
CongressmanDan	VeteransHealth
CongressmanDan	TommyForHealth
CongressmanDan	mihumanities
CongressmanDan	DoubleRVideo
CongressmanDan	ama_rights
CongressmanDan	yoopphoria
CongressmanDan	lauradianeappel
CongressmanDan	michpca
CongressmanDan	CareAdvocacy
CongressmanDan	EmilyRissman
CongressmanDan	GaylordMichigan
CongressmanDan	AllisonScottTV
CongressmanDan	WCMUMike
CongressmanDan	BeccahAT2015
CongressmanDan	PureMichigan
CongressmanDan	DuluthTradingCo
CongressmanDan	GoodwillCapHill
CongressmanDan	Goodwillnmi
RepCharlieDent	HouseAppropsGOP
RepCharlieDent	RepTomReed
RepCharlieDent	Eagles
RepCharlieDent	AlexGangitano
RepCharlieDent	MSactivist
RepCharlieDent	GenDaveGoldfein
RepCharlieDent	prlaorg_ga
RepCharlieDent	PSUDC
RepCharlieDent	SenatorBrowne
RepCharlieDent	RonSouthwick1
RepCharlieDent	PennStateFball
RepCharlieDent	15thSMA
RepCharlieDent	ACSCANPA
RepCharlieDent	GroceryMakers
RepCharlieDent	cscinc_org
RepCharlieDent	RepMackenzie
RepCharlieDent	GoPSUsports
RepCharlieDent	MarkWogenrich
RepCharlieDent	Morning_Joe
RepLoBiondo	Transport
RepLoBiondo	SpeakerRyan
RepLoBiondo	nytimes
RepLoBiondo	njdotcom
RepLoBiondo	AP
RepLoBiondo	NJAntiHunger
RepLoBiondo	SNJToday
RepLoBiondo	ACPressMollyB
RepLoBiondo	thedailyjournal
RepLoBiondo	nature_NJ
RepLoBiondo	ThePressofAC
RepLoBiondo	PhillyInquirer
RepLoBiondo	NJAudubon
RepLoBiondo	shorenewstoday
RepGosar	RepNewhouse
RepGosar	RepTomEmmer
RepGosar	NatResources
RepGosar	HouseScience
RepGosar	replouiegohmert
RepGosar	YestoNGS
RepGosar	thehill
RepGosar	FoxNews
RepGosar	SecretarySonny
RepGosar	dcexaminer
RepGosar	FoxBusiness
RepGosar	RepAndyBiggsAZ
RepGosar	PressSec
RepGosar	westerncaucus
RepGosar	SecretaryZinke
RepGosar	Fertilizer_Inst
RepGosar	SiriusXMPatriot
RepGosar	BenAlteneder
RepGosar	CEAorg
RepGosar	NationalMining
RepGosar	SparkleSoup45
RepGosar	SpoxDHS
RepGosar	faithcvv
RepGosar	tomforese
RepGosar	JeffOravits
RepGosar	WestCaucusFound
RepMcKinley	USRepMikeDoyle
RepMcKinley	USRepLong
RepMcKinley	HouseCommerce
RepMcKinley	repgregwalden
RepMcKinley	GOPLeader
RepMcKinley	SpeakerRyan
RepMcKinley	cathymcmorris
RepMcKinley	cspan
RepMcKinley	AARPadvocates
RepMcKinley	realDonaldTrump
RepMcKinley	HouseGOP
RepMcKinley	IUBAC
RepMcKinley	TheJusticeDept
RepMcKinley	MainStreetGOP
RepMcKinley	ENERGY
RepMcKinley	NRHA_Advocacy
RepMcKinley	RosenthalCenter
RepMcKinley	headachedoc
RepMcKinley	OurHospitals
RepMcKinley	SenCapito
RepMcKinley	AccessibleMeds
RepMcKinley	FairmontState
RepMcKinley	DrMikeMaroney
RepMcKinley	WVMetroNews
RepMcKinley	BuySafeRx
RepMcKinley	GavinBade
RepMcKinley	BDCofNP
RepMcKinley	davemistich
RepMcKinley	JeffJenkinsMN
RepJeffDuncan	RepJimBanks
RepJeffDuncan	HouseSmallBiz
RepJeffDuncan	RepMarkMeadows
RepJeffDuncan	RepKevinYoder
RepJeffDuncan	HouseHomeland
RepJeffDuncan	HouseCommerce
RepJeffDuncan	RepDianeBlack
RepJeffDuncan	SpeakerRyan
RepJeffDuncan	Cardiology
RepJeffDuncan	VP
RepJeffDuncan	FoxNews
RepJeffDuncan	realDonaldTrump
RepJeffDuncan	WhiteHouse
RepJeffDuncan	Interior
RepJeffDuncan	FoxBusiness
RepJeffDuncan	HouseGOP
RepJeffDuncan	demarest_colin
RepJeffDuncan	SBAList
RepJeffDuncan	TheCCUL
RepJeffDuncan	SenateGOP
RepJeffDuncan	SecPompeo
RepJeffDuncan	DEAHQ
RepJeffDuncan	club4growth
RepJeffDuncan	DavidLobb1
RepJeffDuncan	nasahqphoto
RepJeffDuncan	FLOTUS
RepJeffDuncan	StateDept
RepJeffDuncan	VanHipp
RepJeffDuncan	Amandainthenews
RepJeffDuncan	coxtl
RepJeffDuncan	davidwhitley
RepJeffDuncan	AARauctions
RepJeffDuncan	AndCityPD
RepJeffDuncan	GreenvilleTech
RepJeffDuncan	presbycollege
RepJeffDuncan	follow_lander
RepJeffDuncan	SCManufacturers
RepJeffDuncan	ABensonIJ
RepJeffDuncan	GerritD
RepJeffDuncan	ijindexjournal
RepJeffDuncan	nathanielcary
RepJeffDuncan	ladyluck_g
RepJeffDuncan	BryanStirling
RepJeffDuncan	darrenrovell
RepJeffDuncan	amyhcrockett
RepJeffDuncan	oceanindustries
RepJeffDuncan	jsteward8
RepJeffDuncan	GarryRSmith
RepJeffDuncan	ashley4schouse
RepJeffDuncan	BLopezStewart
RepJeffDuncan	DLoesch
RepJeffDuncan	SenecaRotary
RepJeffDuncan	CJSPILLER
RepJeffDuncan	KirkBrown_AIM
RepTomMarino	RepRickAllen
RepTomMarino	SteveScalise
RepTomMarino	HouseJudiciary
RepTomMarino	HouseHomeland
RepTomMarino	RepGoodlatte
RepTomMarino	PatrickMcHenry
RepTomMarino	thehill
RepTomMarino	CNN
RepTomMarino	cspan
RepTomMarino	AP
RepTomMarino	NPR
RepTomMarino	FoxNews
RepTomMarino	HouseGOP
RepTomMarino	WhiteCoatWaste
RepTomMarino	AAF
RepTomMarino	RiponAdvance
RepTomMarino	TODAYshow
RepTomMarino	ReutersUS
RepTomMarino	nfib_pa
RepTomMarino	LittleLeague
HouseHomeland	RepTomGarrett
HouseHomeland	RepGallagher
HouseHomeland	RepJohnKatko
HouseHomeland	HurdOnTheHill
HouseHomeland	SteveScalise
HouseHomeland	HouseJudiciary
HouseHomeland	RepMcCaul
HouseHomeland	SpeakerRyan
HouseHomeland	RepRatcliffe
HouseHomeland	RepDonBacon
HouseHomeland	CNNSitRoom
HouseHomeland	cspan
HouseHomeland	VP
HouseHomeland	FoxNews
HouseHomeland	realDonaldTrump
HouseHomeland	WhiteHouse
HouseHomeland	dcexaminer
HouseHomeland	SecretService
HouseHomeland	HouseGOP
HouseHomeland	AmericaNewsroom
HouseHomeland	SecNielsen
HouseHomeland	RepClayHiggins
HouseHomeland	SenRonJohnson
HouseHomeland	FLOTUS
HouseHomeland	RepMcSally
HouseHomeland	RepDanDonovan
HouseHomeland	RSAConference
HouseHomeland	TSA_Pekoske
HouseHomeland	FEMAspox
HouseHomeland	gwcchs
RepLouBarletta	SteveScalise
RepLouBarletta	RepJimRenacci
RepLouBarletta	Transport
RepLouBarletta	RepBillShuster
RepLouBarletta	cathymcmorris
RepLouBarletta	JFKLibrary
RepLouBarletta	AP
RepLouBarletta	VP
RepLouBarletta	ABC
RepLouBarletta	AAPD
RepLouBarletta	FoxNews
RepLouBarletta	realDonaldTrump
RepLouBarletta	WhiteHouse
RepLouBarletta	dcexaminer
RepLouBarletta	GovernorsOffice
RepLouBarletta	FLGovScott
RepLouBarletta	Jeff_Borghoff
RepLouBarletta	KimStrassel
RepLouBarletta	ACSCANPA
RepLouBarletta	PA_Turnpike
RepLouBarletta	TLBillOBoyle
RepLouBarletta	AndyMehalshick
RepLouBarletta	nscorp
RepLouBarletta	SeanMMcNally
RepLouBarletta	MalShelbourne
RepLouBarletta	nettiequette
RepLouBarletta	Scavino45
RepLouBarletta	tommyk416
RepLouBarletta	alz_pa
RepLouBarletta	SaraCarterDC
RepLouBarletta	lead1acom
RepLouBarletta	SenatorTimScott
RepLouBarletta	DonaldJTrumpJr
RepLouBarletta	VPPressSec
RepLouBarletta	SenToomey
RepWalberg	RepBRochester
RepWalberg	RepDebDingell
RepWalberg	RepPaulMitchell
RepWalberg	RepFredUpton
RepWalberg	HouseCommerce
RepWalberg	EdWorkforce
RepWalberg	Franchising411
RepWalberg	BrendanCarrFCC
RepWalberg	UM_DCOffice
RepWalberg	RSI
RepWalberg	healthylakes
RepWalberg	SecretarySonny
RepWalberg	MENTORnational
RepWalberg	HouseGOP
RepWalberg	GLARDucks
RepWalberg	MLive
RepWalberg	GaryShapiro
RepWalberg	michbio
RepWalberg	wilxTV
RepWalberg	MonroeMIradio
RepWalberg	IndyFund
RepWalberg	lenaweenews
RepWalberg	annarbornews
RepWalberg	WTOL11Toledo
RepWalberg	monroenews
RepWalberg	CherryHealthMI
RepWalberg	jdelezen
RepHultgren	Call_Me_Dutch
RepHultgren	repjohnlewis
RepHultgren	FinancialCmte
RepHultgren	TLHumanRights
RepHultgren	POLITICOLive
RepHultgren	JusticeReform
RepHultgren	lynnsweet
RepHultgren	PAndersonC12
RepHultgren	USIP
RepHultgren	cityofStCharles
RepHultgren	HMManufacturing
RepHultgren	Surgeon_General
RepHultgren	EastAPUS
RepHultgren	LantosSwettK
RepHultgren	aykan_erdemir
RepHultgren	nwherald
RepHultgren	bobzima
RepHultgren	illnewsnetwork
RepHultgren	markdtooley
RepHultgren	MatthewSoerens
RepHultgren	PSAonline
RepHultgren	AWISNational
RepHultgren	publicpowerorg
RepHultgren	NYinDC
RepHultgren	BPS101
RepHartzler	RepDLamborn
RepHartzler	HouseAgNews
RepHartzler	NCAADII
RepHartzler	RachelLMillard
RepHartzler	MoCattle
RepHartzler	CHSCards
RepHartzler	Tipton_Art
RepHartzler	CDTCivilWar
RepHartzler	SEMOChief
RepHartzler	KysKrusaders
TGowdySC	HouseJudiciary
TGowdySC	GOPoversight
TGowdySC	SpeakerRyan
TGowdySC	RepRatcliffe
TGowdySC	FaceTheNation
TGowdySC	cspan
TGowdySC	CBSThisMorning
TGowdySC	TheView
TGowdySC	FoxNews
TGowdySC	AC360
TGowdySC	CBSEveningNews
TGowdySC	dcexaminer
TGowdySC	FoxBusiness
TGowdySC	foxnewsvideo
TGowdySC	MariaBartiromo
TGowdySC	AmericaNewsroom
TGowdySC	SenatorTimScott
TGowdySC	NewLifeColorado
TGowdySC	marthamaccallum
TGowdySC	DanaPerino
TGowdySC	TuckerCarlson
TGowdySC	LindseyGrahamSC
RepBillFlores	SteveScalise
RepBillFlores	HouseCommerce
RepBillFlores	PeteSessions
RepBillFlores	SpeakerRyan
RepBillFlores	VP
RepBillFlores	Aggie_GR
RepBillFlores	FoxNews
RepBillFlores	realDonaldTrump
RepBillFlores	nikkihaley
RepBillFlores	HouseGOP
RepBillFlores	PressSec
RepBillFlores	SecPompeo
RepBillFlores	RepSteveChabot
RepBillFlores	Austin_Police
RepBillFlores	netanyahu
RepBillFlores	PeteHegseth
RepBillFlores	HollyKXXV
RepBillFlores	cheftai
RepBillFlores	AggieSoftball
RepBillFlores	USArmyOldGuard
RepBillFlores	congressbdaybot
RepBillFlores	KBTXNews
RepBillFlores	TAMU
RepBillFlores	BCSHfH
RepBillFlores	AggieVP
RepBillFlores	theeagle
RepBillFlores	Baylor
RepBillFlores	WacoISD
RepBillFlores	WacoFdn
RepBillFlores	HuntsmanAbby
RepBillFlores	gregfenves
RepBillFlores	carrie_byington
RepBillFlores	PoliticalShort
RepBillFlores	TAMUQ
RepBillFlores	AmbDermer
RepBillFlores	wacotrib
RepBillFlores	TAMU_UGR
RepBillFlores	KBTXKathleen
RepBillFlores	TheBattOnline
RepBillFlores	TexGrapeMan
RepBillFlores	AggieRingDay
RepBillFlores	JoshNinkeTV
RepBillFlores	Bird_AggieVB
RepBillFlores	DeCluitt
RepBillFlores	SmithCassie
RepBillFlores	SOTexas
RepBillFlores	AggieWBB
RepBillFlores	BryanISD
RepBillFlores	txplanning
RepBillFlores	jenn_tribble
RepBillFlores	BrazosChristian
RepBillFlores	BaylorWBB
RepBillFlores	SECcountry
RepMoBrooks	HouseScience
RepMoBrooks	librarycongress
RepMoBrooks	CNNPolitics
RepMoBrooks	DeptofDefense
RepMoBrooks	VP
RepMoBrooks	FoxNews
RepMoBrooks	realDonaldTrump
RepMoBrooks	NASA
RepMoBrooks	WhiteHouse
RepMoBrooks	USCapitolTree
RepMoBrooks	USATODAY
RepMoBrooks	TeamCavuto
RepMoBrooks	FoxBusiness
RepMoBrooks	HouseGOP
RepMoBrooks	FreedomWorks
RepMoBrooks	freedomcaucus
RepMoBrooks	yhn
RepMoBrooks	toddstarnes
RepMoBrooks	LifeZette
RepMoBrooks	PTENFoundation
RepMoBrooks	AlabamaRare
RepMoBrooks	AIAAHuntsville
RepMoBrooks	ALCreditUnions
RepMoBrooks	AFPhq
RepMoBrooks	NASA_SLS
RepMoBrooks	whnt
RepJimRenacci	SteveScalise
RepJimRenacci	WaysandMeansGOP
RepJimRenacci	govtrack
RepJimRenacci	MilitaryOfficer
RepJimRenacci	VP
RepJimRenacci	AARPOhio
RepJimRenacci	FoxNews
RepJimRenacci	realDonaldTrump
RepJimRenacci	healthylakes
RepJimRenacci	Ohiochc
RepJimRenacci	OhioState
RepJimRenacci	FoxBusiness
RepJimRenacci	HouseGOP
RepJimRenacci	SenateGOP
RepJimRenacci	PressSec
RepJimRenacci	IvankaTrump
RepJimRenacci	ACUFoundation
RepJimRenacci	AmericaFirstPol
RepJimRenacci	SBALinda
RepJimRenacci	IUPedu
RepJimRenacci	AfpOhio
RepJimRenacci	JessicaDitto45
RepJimRenacci	vanamorrone45
RepJimRenacci	SethARichardson
RepJimRenacci	USDOL
RepJimRenacci	OHElectricCoops
RepJimRenacci	Indians
RepJimRenacci	AdamWard43215
RepJimRenacci	ALZGEO
RepJimRenacci	kk2nite
RepJimRenacci	GrMedinaChamber
RepStevePearce	SteveScalise
RepStevePearce	FinancialCmte
RepStevePearce	HouseScience
RepStevePearce	USIP
RepKristiNoem	WaysandMeansGOP
RepKristiNoem	VP
RepKristiNoem	IvankaTrump
RepKristiNoem	FRCAction
RepKristiNoem	RiponAdvance
RepKristiNoem	SouthDakotaArts
RepKristiNoem	KSFYNathan
RepKristiNoem	FarmBureau
RepChuck	HouseSmallBiz
RepChuck	SteveScalise
RepChuck	HouseAppropsGOP
RepChuck	MarshaBlackburn
RepChuck	SpeakerRyan
RepChuck	realDonaldTrump
RepChuck	USNavy
RepChuck	TheNSWG
RepChuck	uscapitol
RepChuck	MariaBartiromo
RepChuck	HouseGOP
RepChuck	BizRoundtable
RepChuck	MNPDNashville
RepChuck	pastorofhbc
RepBobGibbs	HouseSmallBiz
RepBobGibbs	RepRickAllen
RepBobGibbs	SteveScalise
RepBobGibbs	RepJeffDenham
RepBobGibbs	RepMcKinley
RepBobGibbs	HouseAgNews
RepBobGibbs	RepTomGraves
RepBobGibbs	Transport
RepBobGibbs	PatrickMcHenry
RepBobGibbs	SpeakerRyan
RepBobGibbs	WaysandMeansGOP
RepBobGibbs	CNN
RepBobGibbs	KipEideberg
RepBobGibbs	healthylakes
RepBobGibbs	WhiteHouse
RepBobGibbs	OpenFairSkies
RepBobGibbs	dcexaminer
RepBobGibbs	axios
RepBobGibbs	HouseGOP
RepBobGibbs	WatersAdvocacy
RepBobGibbs	IMakeAmerica
RepBobGibbs	RepJohnCurtis
RepBobGibbs	GaryShapiro
RepBobGibbs	SavingPlaces
RepBobGibbs	wmfdtv
RepBobGibbs	NGFA
RepBobGibbs	OHElectricCoops
RepBobGibbs	Indians
RepBobGibbs	FarmBureau
RepBobGibbs	nfib_oh
RepBobGibbs	timesgazette
RepBobGibbs	RichlandSource
RepBobGibbs	lmorrisonTR
RepBobGibbs	AMWA_water
RepBobGibbs	PreservationAct
RepBobGibbs	OhioFarmBureau
RepBobGibbs	HeritageOhio
RepBobGibbs	ocj_ohioagnet
RepBobGibbs	farmanddairy
RepBobGibbs	10TV
RepBobGibbs	TC_CLE
RepBobGibbs	NACWA
RepBobGibbs	CantonMuseum
RepBobGibbs	OSUinDC
RepBobGibbs	mountvernonnews
RepBobGibbs	MansfieldNJ
RepBobGibbs	lwhitmir
RepBobGibbs	MedinaGazette
RepLarryBucshon	SpeakerRyan
RepLarryBucshon	AP
RepLarryBucshon	VP
RepLarryBucshon	HouseGOP
RepLarryBucshon	PressSec
RepLarryBucshon	IBAHome
RepLarryBucshon	IN_Corn
RepLarryBucshon	IHIF1
RepLarryBucshon	WSJopinion
RepLarryBucshon	Indiana_Soy
RepLarryBucshon	MHowardRN
RepLarryBucshon	HoosiersWFH
RepLarryBucshon	SeemaCMS
RepLarryBucshon	Jodysfrench
AustinScottGA08	HouseAgNews
AustinScottGA08	NatResources
AustinScottGA08	HASCRepublicans
AustinScottGA08	DeptofDefense
AustinScottGA08	farmcredit
AustinScottGA08	USNavy
AustinScottGA08	USArmy
AustinScottGA08	WhiteHouse
AustinScottGA08	usairforce
AustinScottGA08	HouseGOP
AustinScottGA08	USMC
AustinScottGA08	GenDaveGoldfein
AustinScottGA08	ArmyChiefStaff
AustinScottGA08	HoustonCountySS
AustinScottGA08	WGXAnews
AustinScottGA08	ArcheryTrade_
AustinScottGA08	USUNRome
AustinScottGA08	FootballUGA
AustinScottGA08	VAoftheArts
AustinScottGA08	NATA1950
AustinScottGA08	GaChildCare
HouseAgNews	RepArrington
HouseAgNews	DrNealDunnFL2
HouseAgNews	RepJohnFaso
HouseAgNews	RepRickAllen
HouseAgNews	RepAbraham
HouseAgNews	SteveScalise
HouseAgNews	RodneyDavis
HouseAgNews	ConawayTX11
HouseAgNews	RepHartzler
HouseAgNews	RepKristiNoem
HouseAgNews	AustinScottGA08
HouseAgNews	RepMarthaRoby
HouseAgNews	RepKinzinger
HouseAgNews	RulesReps
HouseAgNews	RepGoodlatte
HouseAgNews	RepMikeRogersAL
HouseAgNews	CongressmanGT
HouseAgNews	SpeakerRyan
HouseAgNews	cathymcmorris
HouseAgNews	RepDonBacon
HouseAgNews	ILFarmBureau
HouseAgNews	farmcredit
HouseAgNews	FoxNews
HouseAgNews	HouseGOP
HouseAgNews	RogerMarshallMD
HouseAgNews	ZippyDuvall
HouseAgNews	AgNewsDaily
HouseAgNews	agritalk
HouseAgNews	RepBost
HouseAgNews	WHOPradio
HouseAgNews	KASUradio
HouseAgNews	DesJarlaisTN04
HouseAgNews	UrbanCURE
HouseAgNews	JGunlock
HouseAgNews	KansasWheat
HouseAgNews	FDRLST
HouseAgNews	RepDavidRouzer
HouseAgNews	KSsorghum
HouseAgNews	RepTrentKelly
rep_stevewomack	housebudgetGOP
rep_stevewomack	HouseAppropsGOP
rep_stevewomack	SecAFOfficial
rep_stevewomack	cspan
rep_stevewomack	conginst
rep_stevewomack	uscapitol
rep_stevewomack	MariaBartiromo
rep_stevewomack	HouseGOP
rep_stevewomack	nwademgaz
rep_stevewomack	_AEDCE
rep_stevewomack	NWADemGazPhotos
rep_stevewomack	columbia_ncdp
rep_stevewomack	NIHDirector
rep_stevewomack	Walmart
rep_stevewomack	JLoveTimesRec
rep_stevewomack	188thWG
RepMGriffith	HouseCommerce
RepMGriffith	rachaelmbade
RepMGriffith	SenMikeLee
RepMGriffith	LeeCountyIDA
RepMGriffith	ForestandPaper
RepMGriffith	VaPubSchoolOpt
RepSeanDuffy	RepTomEmmer
RepSeanDuffy	SteveScalise
RepSeanDuffy	SusanWBrooks
RepSeanDuffy	RepKevinCramer
RepSeanDuffy	RepRichHudson
RepSeanDuffy	RepKevinYoder
RepSeanDuffy	RepTomReed
RepSeanDuffy	RepTomGraves
RepSeanDuffy	FinancialCmte
RepSeanDuffy	PatrickMcHenry
RepSeanDuffy	GOPLeader
RepSeanDuffy	SpeakerRyan
RepSeanDuffy	cathymcmorris
RepSeanDuffy	DaVita
RepSeanDuffy	FoxNews
RepSeanDuffy	dcexaminer
RepSeanDuffy	FoxBusiness
RepSeanDuffy	AmericaNewsroom
RepSeanDuffy	FreeBeacon
RepSeanDuffy	trish_regan
RepSeanDuffy	Brewers
RepSeanDuffy	newstalk1130
RepSeanDuffy	WIS_DFI
RepSeanDuffy	tomemmer
RepSeanDuffy	BriHollisNEWS
RepSeanDuffy	tmj4
RepSeanDuffy	WTMJSteve
RepSeanDuffy	SuperiorPolice
RepSeanDuffy	frates
RepSeanDuffy	MrsGanjeAHS
RepSeanDuffy	TCNewsTalk
RepSeanDuffy	usembassybeirut
RepSeanDuffy	dmwhitcraftMS
RepHuizenga	RepJackBergman
RepHuizenga	RepPaulMitchell
RepHuizenga	RepTomEmmer
RepHuizenga	SteveScalise
RepHuizenga	RepWalberg
RepHuizenga	RepDianeBlack
RepHuizenga	FinancialCmte
RepHuizenga	GOPLeader
RepHuizenga	SpeakerRyan
RepHuizenga	WaysandMeansGOP
RepHuizenga	CraigCaplan
RepHuizenga	thehill
RepHuizenga	VP
RepHuizenga	ABC
RepHuizenga	realDonaldTrump
RepHuizenga	NASA
RepHuizenga	FoxBusiness
RepHuizenga	NLintheUSA
RepHuizenga	HouseGOP
RepHuizenga	SBAList
RepHuizenga	PressSec
RepHuizenga	SenMikeLee
RepHuizenga	NFIB
RepHuizenga	cvpayne
RepHuizenga	josephlawler
RepHuizenga	RiponSociety
RepHuizenga	USChamber
RepHuizenga	WO_Art
RepHuizenga	OrioleSupt
RepHuizenga	HalOstrow
RepHuizenga	lynseymukomel
RepHuizenga	MichStatePolice
RepHuizenga	amhistorymuseum
RepHuizenga	PnPCBC
RepHuizenga	achamensd3
RepHuizenga	HopeAthletics
RepHuizenga	NBCOlympics
RepHuizenga	ChipBrown
RepHuizenga	mayorbliss
RepHuizenga	WalkForWarmth
RepDavid	USRepGaryPalmer
RepDavid	RepCurbelo
RepDavid	RepWalorski
RepDavid	PatTiberi
RepDavid	TGowdySC
RepDavid	RepKristiNoem
RepDavid	RepBillJohnson
RepDavid	RepDianeBlack
RepDavid	RulesReps
RepDavid	replouiegohmert
RepDavid	RepKevinBrady
RepDavid	RepLynnJenkins
RepDavid	cathymcmorris
RepDavid	WaysandMeansGOP
RepDavid	FloorCharts
RepDavid	cspanwj
RepDavid	FortuneMagazine
RepDavid	FoxNews
RepDavid	FoxBusiness
RepDavid	HouseGOP
RepDavid	FreedomWorks
RepDavid	freedomcaucus
RepDavid	SenMikeLee
RepDavid	stevenmnuchin1
RepDavid	JECRepublicans
RepDavid	FLOTUS
RepDavid	cnsnews
RepDavid	AZChamber
RepDavid	PerianneDC
RepDavid	GlennHamer
RepDavid	congressfdn
RepDavid	brentlsaunders
RepDavid	SenJoniErnst
RepDavid	GPatState
RepDavid	dannowicki
RepDavid	CatoCMFA
RepDavid	dmblackburn
RepDavid	drummondreed
RepDavid	SiliconANGLE
RepDavid	WSWAMedia
RepDavid	ScottElliotG
RepDavid	jacob_holzman
RepDavid	DodieLondenEIPS
RepDavid	KTAR923
RepDavid	mj_lee
RepDavid	RebekahLSanders
RepDavid	AFPonline
RepDavid	mikedebonis
HouseAdmnGOP	RepMarkWalker
HouseAdmnGOP	HurdOnTheHill
HouseAdmnGOP	RepByrne
HouseAdmnGOP	RepChrisSmith
HouseAdmnGOP	SteveScalise
HouseAdmnGOP	RodneyDavis
HouseAdmnGOP	GreggHarper
HouseAdmnGOP	GOPLeader
HouseAdmnGOP	SpeakerRyan
HouseAdmnGOP	cathymcmorris
HouseAdmnGOP	boblatta
HouseAdmnGOP	librarycongress
HouseAdmnGOP	USGPO
HouseAdmnGOP	MSNBC
HouseAdmnGOP	cspan
HouseAdmnGOP	rollcall
HouseAdmnGOP	USHouseHistory
HouseAdmnGOP	visitthecapitol
HouseAdmnGOP	uscapitol
HouseAdmnGOP	congressdotgov
HouseAdmnGOP	SpeakerBoehner
HouseAdmnGOP	amhistorymuseum
HouseAdmnGOP	LACaldwellDC
HouseAdmnGOP	LawLibCongress
HouseAdmnGOP	RepRonEstes
HouseAdmnGOP	airandspace
RepMarthaRoby	RepByrne
RepMarthaRoby	SteveScalise
RepMarthaRoby	RepAnnWagner
RepMarthaRoby	HouseAppropsGOP
RepMarthaRoby	Robert_Aderholt
RepMarthaRoby	SpeakerRyan
RepMarthaRoby	WhiteHouse
RepMarthaRoby	HouseGOP
RepMarthaRoby	AlabamaEMA
RepMarthaRoby	GovernorKayIvey
RepMarthaRoby	Ft_Rucker
RepMarthaRoby	GMS_Jaguars
RepMarthaRoby	Justin_WSFA
RepMarthaRoby	BCAToday
RepMarthaRoby	TrinityWildcats
RepMarthaRoby	wsfa12news
RepMarthaRoby	BrandonWTVM
RepKinzinger	RepYvetteClarke
RepKinzinger	SteveScalise
RepKinzinger	RodneyDavis
RepKinzinger	HouseAppropsGOP
RepKinzinger	HouseAgNews
RepKinzinger	HouseCommerce
RepKinzinger	SpeakerRyan
RepKinzinger	RepShimkus
RepKinzinger	SBAgov
RepKinzinger	CNNPolitics
RepKinzinger	ServeIllinois
RepKinzinger	FoxNews
RepKinzinger	NASA
RepKinzinger	CNBC
RepKinzinger	WhiteHouse
RepKinzinger	foxandfriends
RepKinzinger	HouseGOP
RepKinzinger	USMC
RepKinzinger	RiponAdvance
RepKinzinger	UnfilteredSE
RepKinzinger	sues711
RepKinzinger	FarmersGov
RepKinzinger	Maura_Gillespie
RepKinzinger	23WIFR
RepKinzinger	IDOT_Illinois
RepKinzinger	RockfordFire
RepKinzinger	GoAirGuard
RepKinzinger	ILNewsNetwork
RepKinzinger	rrstar
RepKinzinger	saukvalley
RepKinzinger	AmerenIllinois
RepKinzinger	13WREX
RepKinzinger	RetireOnUrTerms
RepKinzinger	SoccerMouaz
RepKinzinger	GovRauner
RepKinzinger	USAFCENT
RepKinzinger	USAIDFFP
RepKinzinger	eucopresident
RepKinzinger	SenatorRezin
RepKinzinger	usahockey
RepKinzinger	USUN
RepKinzinger	NEI
RepBillJohnson	SteveScalise
RepBillJohnson	HouseCommerce
RepBillJohnson	RepDianeBlack
RepBillJohnson	RepKevinBrady
RepBillJohnson	GOPLeader
RepBillJohnson	SpeakerRyan
RepBillJohnson	cathymcmorris
RepBillJohnson	VP
RepBillJohnson	FoxNews
RepBillJohnson	HouseGOP
RepBillJohnson	wtaptelevision
RepBillJohnson	WTOV9
RepBillJohnson	UstpacAdvocacy
RepBillJohnson	cyndyh84
RepBillJohnson	guycoviello
RepBillJohnson	MariettaTimes
RepBillJohnson	USEnergyAssn
RepSteveStivers	RepBeatty
RepSteveStivers	RepPaulMitchell
RepSteveStivers	DeptofDefense
RepSteveStivers	Bearsread
RepSteveStivers	COHHIO
RepSteveStivers	AARPOhio
RepSteveStivers	USNavy
RepSteveStivers	USArmy
RepSteveStivers	Ohiochc
RepSteveStivers	SCActionNetwork
RepSteveStivers	OSUinDC
RepSteveStivers	USArmyReserve
RepSteveStivers	wsyx6
RepSteveStivers	ALZCentralOhio
RepSteveStivers	BenWSYX6
RepSteveStivers	AAPCHOadvocates
RepTomGraves	HouseSmallBiz
RepTomGraves	SteveScalise
RepTomGraves	HouseAppropsGOP
RepTomGraves	FinancialCmte
RepTomGraves	GOPLeader
RepTomGraves	SpeakerRyan
RepTomGraves	cspan
RepTomGraves	CNBC
RepTomGraves	SenatorIsakson
RepTomGraves	jmillerWFED
RepTomGraves	HouseGOP
RepTomGraves	BizRoundtable
RepTomGraves	cwhitfi7
RepTomGraves	becky_btaylor
RepTomGraves	kvtbowen
RepTomGraves	GOPSenFinance
RepTomGraves	maustermuhle
RepTomGraves	CaseyCagle
RepKayGranger	RepTedDeutch
RepKayGranger	SteveScalise
RepKayGranger	HouseAppropsGOP
RepKayGranger	HouseAdmnGOP
RepKayGranger	RulesReps
RepKayGranger	GOPLeader
RepKayGranger	SpeakerRyan
RepKayGranger	SBAgov
RepKayGranger	USAID
RepKayGranger	FoxNews
RepKayGranger	USNavy
RepKayGranger	HouseGOP
RepKayGranger	GovAbbott
RepKayGranger	RepRutherfordFL
RepKayGranger	RepMcSally
RepKayGranger	VETS_DOL
RepKayGranger	PEPFAR
RepKayGranger	LockheedMartin
RepKayGranger	Embassy_of_AFG
RepKayGranger	USCG
RepFredUpton	SteveScalise
RepFredUpton	HouseCommerce
RepFredUpton	SpeakerRyan
RepFredUpton	michaelcburgess
RepFredUpton	BrendanCarrFCC
RepFredUpton	JessicaASmith8
RepFredUpton	healthylakes
RepFredUpton	LSCtweets
RepFredUpton	nikkihaley
RepFredUpton	MaggieSheely
RepFredUpton	mibigshow
RepFredUpton	GOPSenFinance
RepFredUpton	SWMich
RepFredUpton	DrJoeOdenwald
RepFredUpton	HomeDepotKzoo
RepFredUpton	JasonHatkowski
RepFredUpton	WSJM
RepFredUpton	WMedICKazoo
RepFredUpton	DetNewsOpinion
RepFredUpton	ChrisEMetcalf
RepFredUpton	KalPublicSafety
RepFredUpton	kinzytg
RepFredUpton	MichPeninsula
RepFredUpton	TonyWittkowski
RepFredUpton	AnnaGilesTV
RepFredUpton	LighthouseABA
RepFredUpton	KalamazooCity
RepFredUpton	HeatherWSBT
RepFredUpton	TRobinsonWNDU
RepFredUpton	WKZONews
RepFredUpton	DrewBordner
RepFredUpton	HBPW_News
RepFredUpton	HollandSentinel
RepFredUpton	WOODTV
RepFredUpton	983TheCoast
HouseCommerce	RepMGriffith
HouseCommerce	RepKinzinger
HouseCommerce	NEI
RepDianeBlack	housebudgetGOP
RepDianeBlack	MikeKellyPA
RepDianeBlack	MarshaBlackburn
RepDianeBlack	RepHartzler
RepDianeBlack	WaysandMeansGOP
RepDianeBlack	SBAgov
RepDianeBlack	POLITICOPro
RepDianeBlack	VP
RepDianeBlack	FoxNews
RepDianeBlack	WSMV
RepDianeBlack	HouseGOP
RepDianeBlack	SBAList
RepDianeBlack	MFLAction
RepDianeBlack	PressSec
RepDianeBlack	WashTimes
RepDianeBlack	townhallcom
RepDianeBlack	BizRoundtable
RepDianeBlack	FRCAction
RepDianeBlack	UPSPolicy
RepDianeBlack	EWTNNewsNightly
RepDianeBlack	FaithandFreedom
RepDianeBlack	FRCdc
RepDianeBlack	pastorofhbc
RepDianeBlack	ccantidrug
RepDianeBlack	TNPharmacists
RepDianeBlack	usgvc
RepDianeBlack	TNELECTRIC
RepDianeBlack	BGC_TN
RepDianeBlack	March_for_Life
RepDianeBlack	USCCB
RepDianeBlack	CBNNews
RepDianeBlack	usccbprolife
RepDianeBlack	JasonCalvi
RepDianeBlack	nrlc
RepDianeBlack	tnrighttolife
RepDianeBlack	TTUCR
RulesReps	RepNewhouse
RulesReps	RepByrne
RulesReps	HASCRepublicans
RulesReps	WaysandMeansGOP
RulesReps	cspan
RulesReps	HouseParl
Robert_Aderholt	RepByrne
Robert_Aderholt	SteveScalise
Robert_Aderholt	HouseAppropsGOP
Robert_Aderholt	RepHartzler
Robert_Aderholt	PatrickMcHenry
Robert_Aderholt	GOPLeader
Robert_Aderholt	SpeakerRyan
Robert_Aderholt	RepShimkus
Robert_Aderholt	cspanwj
Robert_Aderholt	scottwongDC
Robert_Aderholt	VP
Robert_Aderholt	realDonaldTrump
Robert_Aderholt	SecretarySonny
Robert_Aderholt	foxandfriends
Robert_Aderholt	DrewPetrimoulx
Robert_Aderholt	AlabamaFTBL
Robert_Aderholt	netanyahu
Robert_Aderholt	RocketContest
Robert_Aderholt	mviser
Robert_Aderholt	ChelseaBrentzel
Robert_Aderholt	WLKY
Robert_Aderholt	mirikramer
Robert_Aderholt	washuscott
CongMikeSimpson	RepSchrader
CongMikeSimpson	HouseAppropsGOP
CongMikeSimpson	NatResources
CongMikeSimpson	SpeakerRyan
CongMikeSimpson	cathymcmorris
CongMikeSimpson	WaysandMeansGOP
CongMikeSimpson	FacesOfEE
CongMikeSimpson	jaketapper
CongMikeSimpson	AmericanLegion
CongMikeSimpson	VP
CongMikeSimpson	RonWyden
CongMikeSimpson	cspanbus
CongMikeSimpson	DeptVetAffairs
CongMikeSimpson	SCActionNetwork
CongMikeSimpson	USMC
CongMikeSimpson	SecretaryZinke
CongMikeSimpson	nature_wonks
CongMikeSimpson	SpeakerBoehner
CongMikeSimpson	INL
CongMikeSimpson	Citiz4Solutions
CongMikeSimpson	MikeCrapo
CongMikeSimpson	foresters
CongMikeSimpson	AmyRobertsOIA
CongMikeSimpson	IdahoPubRadio
CongMikeSimpson	SenatorRisch
CongMikeSimpson	idahopower
CongMikeSimpson	IDNationalGuard
CongMikeSimpson	ACSCAN_Idaho
CongMikeSimpson	pewenvironment
CongMikeSimpson	SenAlexander
CongMikeSimpson	FFAWest
CongMikeSimpson	TiffanyKaszuba
CongMikeSimpson	tmjassociation
CongMikeSimpson	DentalResearch
CongMikeSimpson	Mark_Shriver
CongMikeSimpson	beckyelder22
CongMikeSimpson	AFGELocal1273
CongMikeSimpson	PRyan
CongMikeSimpson	forestservice
CongMikeSimpson	EnergyPressSec
CongMikeSimpson	HealthInFocus
JudgeTedPoe	NormaJTorres
JudgeTedPoe	RepBrianHiggins
JudgeTedPoe	HouseJudiciary
JudgeTedPoe	RepPeteOlson
JudgeTedPoe	cathymcmorris
JudgeTedPoe	realDonaldTrump
JudgeTedPoe	EFF
JudgeTedPoe	DKambUSA
JudgeTedPoe	astros
JudgeTedPoe	FoxBusiness
JudgeTedPoe	MorningsMaria
JudgeTedPoe	abc13houston
JudgeTedPoe	HouseGOP
JudgeTedPoe	DesJarlaisTN04
JudgeTedPoe	WaterAidAmerica
JudgeTedPoe	ArtAcevedo
JudgeTedPoe	TexasGOPVote
JudgeTedPoe	HoustonISDGov
JudgeTedPoe	Valonia_Walker
JudgeTedPoe	HumbleISD
JudgeTedPoe	HoustonISD
JudgeTedPoe	brentclanton
JudgeTedPoe	lindsayaellis
JudgeTedPoe	syrianetf
JudgeTedPoe	ajholda
JudgeTedPoe	chris__kaiser
JudgeTedPoe	RiceUNews
JudgeTedPoe	desi9ndevil
JudgeTedPoe	Pct4Constable
JudgeTedPoe	hcfcd
JudgeTedPoe	nfnlnews
JudgeTedPoe	aelizabethclark
JudgeTedPoe	jesirae
JudgeTedPoe	CancerAdvocacy
JudgeTedPoe	txcomptroller
JudgeTedPoe	EUAmbUS
JudgeTedPoe	JeffLindner1
JudgeTedPoe	FHWCoalition
JudgeTedPoe	GlblCtznImpact
DrPhilRoe	HouseSmallBiz
DrPhilRoe	HouseAppropsGOP
DrPhilRoe	HouseVetAffairs
DrPhilRoe	RepJimRenacci
DrPhilRoe	GOPLeader
DrPhilRoe	SpeakerRyan
DrPhilRoe	WaysandMeansGOP
DrPhilRoe	RepJenniffer
DrPhilRoe	AmericanLegion
DrPhilRoe	realDonaldTrump
DrPhilRoe	WhiteHouse
DrPhilRoe	HHSGov
DrPhilRoe	HouseGOP
DrPhilRoe	AAHOA
DrPhilRoe	ConcernedVets
DrPhilRoe	legionindc
DrPhilRoe	Surgeon_General
DrPhilRoe	SeemaCMS
DrPhilRoe	BillHaslam
RepMikeTurner	RepEsty
RepMikeTurner	RepAnnieKuster
RepMikeTurner	nikiinthehouse
RepMikeTurner	JoaquinCastrotx
RepMikeTurner	RepPaulTonko
RepMikeTurner	RepDaveJoyce
RepMikeTurner	AustinScottGA08
RepMikeTurner	HASCRepublicans
RepMikeTurner	SBGC2C
RepMikeTurner	AnaCabrera
RepMikeTurner	CNNOpinion
RepMikeTurner	cspan
RepMikeTurner	FoxNews
RepMikeTurner	USAmbNATO
RepMikeTurner	senrobportman
RepMikeTurner	BizRoundtable
RepMikeTurner	MainStreetGOP
RepMikeTurner	RiponSociety
RepMikeTurner	NYCOER
RepMikeTurner	ABC22FOX45
RepMikeTurner	GDRTA
RepMikeTurner	USNATO
RepMikeTurner	pdmcleod
RepMikeTurner	CentralState87
RepMikeTurner	WHIORadio
RepMikeTurner	JonScottFNC
RepMikeTurner	DoreyScheimer
RepMikeTurner	ACEducation
RepMcClintock	NatResources
RepMcClintock	CAL_FIRE
RepMcClintock	R5_Fire_News
RepMcClintock	SpeakerBoehner
RepMcClintock	mymotherlode
RepMcClintock	MaderaSheriff
RepMcClintock	Sierra_NF
RepMcClintock	YosemiteNPS
RepMcClintock	CALFIREMMU
RepMcClintock	lanewsguy
SteveKingIA	SenMikeLee
SteveKingIA	Franklin_Graham
SteveKingIA	USCCB
SteveKingIA	obianuju
SteveKingIA	antonia_okafor
SteveKingIA	MarkACollett
SteveKingIA	codycorbett10
SteveKingIA	V_of_Europe
SteveKingIA	AllenWest
SteveKingIA	LilaGraceRose
SteveKingIA	lukerosiak
SteveKingIA	Frank_G_of_PB
SteveKingIA	LiveAction
SteveKingIA	ACTBrigitte
SteveKingIA	Farberyanki
SteveKingIA	AMAZlNGNATURE
SteveKingIA	ToadonaWire
RepMimiWalters	HouseCommerce
RepMimiWalters	PatrickMcHenry
RepMimiWalters	SpeakerRyan
RepMimiWalters	WaysandMeansGOP
RepMimiWalters	HeardontheHill
RepMimiWalters	SBAgov
RepMimiWalters	JohnCornyn
RepMimiWalters	kevcirilli
RepMimiWalters	SecretaryAcosta
RepMimiWalters	IvankaTrump
RepMimiWalters	NFIB
RepMimiWalters	taxreformer
RepMimiWalters	JECRepublicans
RepMimiWalters	USChamber
RepMimiWalters	MonicaCrowley
RepMimiWalters	mariashriver
RepMimiWalters	UCLA
RepMimiWalters	sffny
FinancialCmte	RepTrey
FinancialCmte	WarrenDavidson
FinancialCmte	RepMiaLove
FinancialCmte	RepFrenchHill
FinancialCmte	RepPoliquin
FinancialCmte	RepTomEmmer
FinancialCmte	RepLoudermilk
FinancialCmte	repdavetrott
FinancialCmte	RepBlainePress
FinancialCmte	KeithRothfus
FinancialCmte	RepAndyBarr
FinancialCmte	RepRWilliams
FinancialCmte	RepAnnWagner
FinancialCmte	RepEdRoyce
FinancialCmte	RepTipton
FinancialCmte	RepHultgren
FinancialCmte	RepStevePearce
FinancialCmte	RepSeanDuffy
FinancialCmte	RepHuizenga
FinancialCmte	RepDennisRoss
FinancialCmte	PatrickMcHenry
FinancialCmte	SpeakerRyan
FinancialCmte	RepHensarling
FinancialCmte	WaysandMeansGOP
FinancialCmte	cspan
FinancialCmte	FoxNews
FinancialCmte	RepTedBudd
FinancialCmte	stevenmnuchin1
FinancialCmte	RepDavidKustoff
FinancialCmte	repdavidkustoff
NatResources	CongressmanHice
NatResources	HurdOnTheHill
NatResources	RepGarretGraves
NatResources	RepNewhouse
NatResources	RepWesterman
NatResources	RepByrne
NatResources	SteveScalise
NatResources	RepAndyBarr
NatResources	RepChrisStewart
NatResources	HerreraBeutler
NatResources	RepTipton
NatResources	RepGosar
NatResources	AustinScottGA08
NatResources	DrPhilRoe
NatResources	RepMcClintock
NatResources	repdonyoung
NatResources	replouiegohmert
NatResources	CongressmanGT
NatResources	SpeakerRyan
NatResources	cathymcmorris
NatResources	RobWittman
NatResources	RepJenniffer
NatResources	HunterandAngler
NatResources	dberrygannett
NatResources	RonWyden
NatResources	NatlParkService
NatResources	Interior
NatResources	USTravel
NatResources	ShopFloorNAM
NatResources	RepJohnCurtis
NatResources	senorrinhatch
NatResources	SecretaryPerry
NatResources	TheTRCP
NatResources	SecretaryZinke
NatResources	SenAlexander
NatResources	BradBessey
NatResources	fishwildlife
NatResources	Gabby_Hoffman
NatResources	cate_long
NatResources	Amyjoi16
NatResources	PLCranching
NatResources	PacificForum
NatResources	YellowstoneNPS
RepSmucker	SteveScalise
RepSmucker	SpeakerRyan
RepSmucker	cathymcmorris
RepSmucker	EdWorkforce
RepSmucker	HeardontheHill
RepSmucker	CraigCaplan
RepSmucker	AP
RepSmucker	rollcall
RepSmucker	ALZIMPACT
RepSmucker	Interior
RepSmucker	ChadPergram
RepSmucker	HouseGOP
RepSmucker	Jeff_Borghoff
RepSmucker	SIFMAFoundation
RepSmucker	RepSamGraves
RepSmucker	netanyahu
RepSmucker	Ready_Nation
RepSmucker	prlaorg_ga
RepSmucker	SenToomey
RepSmucker	PreservationAct
RepSmucker	MUweather
RepSmucker	CGYaffe
RepSmucker	Finnspiration
RepSmucker	raalbany
RepSmucker	henryjess3
RepSmucker	imhofkurt
RepSmucker	BethBrelje
RepSmucker	AyanaBaati
RepSmucker	PennroseCompany
RepSmucker	hempfield
RepSmucker	witfnews
RepSmucker	MissPrice220
RepSmucker	GoMounts
RepSmucker	Rickedu12
RepSmucker	EIMSMounts
RepSmucker	SCrawford_BRC11
RepSmucker	MikeStraubWGAL
RepSmucker	USAWorkforce
RepSmucker	HHarrarBRC11
RepSmucker	BrettHambright
RepSmucker	PhiladelphiaYRs
RepSmucker	RegularMedic
RepSmucker	AdamShifriss
RepSmucker	NCAFNews
RepSmucker	jakejakeny
RepSmucker	LancasterOnline
RepSmucker	TriValley_TVOC
RepSmucker	JeffreyJCleland
RepSmucker	moblum
RepSmucker	lawrenceamyc
RepSmucker	CustomersBank
RepSmucker	CCDES_BeauC
RepSmucker	lpn12659
RepGoodlatte	SteveScalise
RepGoodlatte	HouseJudiciary
RepGoodlatte	HouseAgNews
RepGoodlatte	GOPoversight
RepGoodlatte	FoxNews
RepGoodlatte	TeamCavuto
RepGoodlatte	MariaBartiromo
RepGoodlatte	ASCAP
RepGoodlatte	HouseGOP
RepGoodlatte	NBC29
RepGoodlatte	AmericaNewsroom
RepGoodlatte	FoxNewsInsider
RepGoodlatte	uspto
RepGoodlatte	roanoketimes
RepGoodlatte	VaDOTLynchburg
RepGoodlatte	WHSVnews
RepGoodlatte	NewsLeaderNOW
MarioDB	HouseAppropsGOP
MarioDB	SpeakerRyan
MarioDB	RosLehtinen
MarioDB	FWD_us
MarioDB	VP
MarioDB	TheCHLI
MarioDB	EmbamexEUA
MarioDB	FoxBusiness
MarioDB	HouseGOP
MarioDB	alextdaugherty
MarioDB	netanyahu
MarioDB	jason_howerton
MarioDB	WHAAsstSecty
MarioDB	MiamiSup
MarioDB	AlexNBCNews
MarioDB	CommBovo
MarioDB	JPerezMDPD
MarioDB	ActualidadRadio
MarioDB	LincolnDBalart
MarioDB	cityofhialeah
MarioDB	USAIDMarkGreen
MarioDB	SpencerPylant
MarioDB	RyanRasins
MarioDB	CollierPIO
MarioDB	TaxTimeAllies
repdonyoung	NatResources
repdonyoung	Transport
repdonyoung	SpeakerRyan
repdonyoung	JohnDingell
repdonyoung	AARPadvocates
repdonyoung	CQnow
repdonyoung	Interior
repdonyoung	HouseGOP
repdonyoung	westerncaucus
repdonyoung	SecretaryPerry
repdonyoung	ONDCP
repdonyoung	EnergyGOP
repdonyoung	ktva
repdonyoung	PanCAN
repdonyoung	IndianCommittee
repdonyoung	CalebJSmith
Transport	repdinatitus
Transport	JimLangevin
Transport	RepJasonLewis
Transport	RepPaulMitchell
Transport	RepDrewFerguson
Transport	RodneyDavis
Transport	RepBobGibbs
Transport	RepBillShuster
Transport	SpeakerRyan
Transport	RepScottPerry
Transport	cspan
Transport	RepCloakroom
Transport	smallUAVs
Transport	uscapitol
Transport	BeschlossDC
Transport	USCG
Transport	UnionPacific
Transport	aashtospeaks
Transport	FAANews
Transport	BreineckeS
Transport	JDwithTW
Transport	USDOTFRA
Transport	SCPorts
Transport	CarlosUDOT
Transport	NebraskaDOT
Transport	AGI_Policy
Transport	RepRobWoodall
Transport	ashleyhalsey3rd
Transport	JakeVarn
Transport	usmayors
Transport	jnewsome3
Transport	theNRC
RepMikeRogersAL	Travis_Tritten
RepMikeRogersAL	realtalk995
RepDennisRoss	SteveScalise
RepDennisRoss	RepTomGraves
RepDennisRoss	RepMikeRogersAL
RepDennisRoss	cathymcmorris
RepDennisRoss	CHeathWFTV
RepDennisRoss	garywhite13
RepDennisRoss	MikeWFerguson
RepDennisRoss	SSNAlerts
RepDennisRoss	AJCGlobal
RepDennisRoss	DailySignal
RepDennisRoss	hughhewitt
RepDennisRoss	StewSays
RepDennisRoss	AviAbelow
RepDennisRoss	SenCapito
RepDennisRoss	VPPressSec
RepDennisRoss	AlCardenasFL_DC
RepDennisRoss	theDogvocate
RepDennisRoss	MilitaryCourage
RepDennisRoss	seuniversity
RepDennisRoss	pzf
RepDennisRoss	KDORR_USA
RepDennisRoss	ShannonShepp
RepDennisRoss	HotlineJosh
RepDennisRoss	AcktoBda
RepDennisRoss	mattsgorman
RepDennisRoss	AshLeeStrong
RepDennisRoss	listendestro
RepDennisRoss	GPollowitz
RepDennisRoss	LedgerOpinion
RepDennisRoss	jackfowler
RepDennisRoss	raylehmann
repgregwalden	HouseCommerce
repgregwalden	SpeakerRyan
repgregwalden	AARPOR
repgregwalden	KTVZ
repgregwalden	KDRV
repgregwalden	KATUNews
repgregwalden	OreFarmBureau
repgregwalden	NationalGrange
repgregwalden	PowerLunch
repgregwalden	OPB
repgregwalden	MOhlhausenFTC
repgregwalden	MayorDrotz
PatrickMcHenry	RepMarkWalker
PatrickMcHenry	SteveScalise
PatrickMcHenry	MikeKellyPA
PatrickMcHenry	RepRichHudson
PatrickMcHenry	FinancialCmte
PatrickMcHenry	GOPLeader
PatrickMcHenry	SpeakerRyan
PatrickMcHenry	cathymcmorris
PatrickMcHenry	CraigCaplan
PatrickMcHenry	SBAgov
PatrickMcHenry	FoxNews
PatrickMcHenry	realDonaldTrump
PatrickMcHenry	WhiteHouse
PatrickMcHenry	uscapitol
PatrickMcHenry	HouseGOP
PatrickMcHenry	IvankaTrump
PatrickMcHenry	FRCAction
PatrickMcHenry	SenatorBurr
PatrickMcHenry	SirPurr
PatrickMcHenry	POLITICOPress
PatrickMcHenry	foxnewspolitics
PatrickMcHenry	WLOS_13
PatrickMcHenry	BGEA
PatrickMcHenry	BenKennedyTV
PatrickMcHenry	JenniferEmert
PatrickMcHenry	SenThomTillis
PatrickMcHenry	PolkCountyNC
PatrickMcHenry	asheville
RepWalterJones	RepTedLieu
RepWalterJones	RepCheri
RepWalterJones	RepMarcyKaptur
RepWalterJones	RepThomasMassie
RepWalterJones	RepDLamborn
RepWalterJones	justinamash
RepWalterJones	kristina_wong
RepWalterJones	NormEisen
RepWalterJones	cgrisales
RepWalterJones	kelmej
RepWalterJones	rareliberty
RepWalterJones	JbirchWNCT
RepWalterJones	camp_lejeune
RepWalterJones	sarahkleiner9
RepWalterJones	newsobserver
RepWalterJones	WhatMattersNC
RepWalterJones	SAISHopkins
RepWalterJones	KyleMidura
RepWalterJones	HRFNatlSecurity
RepWalterJones	jimcason
RepWalterJones	vali_nasr
RepWalterJones	ronfein
RepWalterJones	NavyLeagueUS
RepMcCaul	HouseHomeland
RepMcCaul	SpeakerRyan
RepMcCaul	govtrack
RepMcCaul	HouseForeign
RepMcCaul	CNNSitRoom
RepMcCaul	cspan
RepMcCaul	FoxNews
RepMcCaul	AmericaNewsroom
RepMcCaul	Austin_Police
RepMcCaul	ForeignPolicy
RepMcCaul	Bush41
RepMcCaul	TheDC_Opinion
RepGusBilirakis	SSNAlerts
RepGusBilirakis	AmericanLegion
RepGusBilirakis	noahpransky
RepGusBilirakis	mikeofcc
RepGusBilirakis	FLGovScott
RepGusBilirakis	pateltimes
RepGusBilirakis	CGCanMiami
RepGusBilirakis	SeminoleEC
RepGusBilirakis	oncologyCOA
RepGusBilirakis	KirbyWTweets
RepGusBilirakis	AmSrAlliance
RepGusBilirakis	BenCarterFL
RepGusBilirakis	therealablakeh
RepGusBilirakis	Monica_Rousseau
RepGusBilirakis	MyPooka
RepGusBilirakis	peter100percent
RepGusBilirakis	PascoGovAffairs
RepGusBilirakis	PCHA_CHD
RepGusBilirakis	PinellasCoNews
RepGusBilirakis	buckeyedoc
RepGusBilirakis	Misty_SharpeTN
RepGusBilirakis	ACHA_Heart
RepGusBilirakis	JeffSolochek
RepGusBilirakis	PHSCedu
RepGusBilirakis	bamafla
RepGusBilirakis	BayCare
RepGusBilirakis	CTBowen2
RepGusBilirakis	FlaMediaQueen
RepGusBilirakis	dan_biles
RepGusBilirakis	BPaulitik
congbillposey	MarshaBlackburn
congbillposey	RosLehtinen
congbillposey	fox5dc
PeteSessions	HouseAgNews
PeteSessions	RulesReps
PeteSessions	NatResources
PeteSessions	RepPeteOlson
PeteSessions	RepKevinBrady
PeteSessions	SpeakerRyan
PeteSessions	WaysandMeansGOP
PeteSessions	AARPTX
PeteSessions	HouseGOP
PeteSessions	SecretaryAcosta
PeteSessions	GDSFoundation
PeteSessions	EagleEdMartin
PeteSessions	theEricHogue
PeteSessions	NWSFortWorth
PeteSessions	dallascountyfch
PeteSessions	NYSE
PeteSessions	UTSWNews
CongCulberson	RepGeneGreen
CongCulberson	RepCurbelo
CongCulberson	SteveScalise
CongCulberson	HouseJudiciary
CongCulberson	HouseAppropsGOP
CongCulberson	HouseHomeland
CongCulberson	Transport
CongCulberson	RepPeteOlson
CongCulberson	RepKevinBrady
CongCulberson	GOPLeader
CongCulberson	SpeakerRyan
CongCulberson	cathymcmorris
CongCulberson	WaysandMeansGOP
CongCulberson	Aggie_GR
CongCulberson	NASA
CongCulberson	JohnCornyn
CongCulberson	SylvesterTurner
CongCulberson	HoustonHealth
CongCulberson	ReadyHarris
CongCulberson	FEMARegion6
CongCulberson	chogueTX
CongCulberson	astros
CongCulberson	HoustonChron
CongCulberson	HouseGOP
CongCulberson	FRCAction
CongCulberson	GovAbbott
CongCulberson	gregfenves
CongCulberson	hcfmo
CongCulberson	raminskibba
CongCulberson	IsraelinUSA
CongCulberson	Caltech
CongCulberson	Oceaneering
CongCulberson	Judy_Meiksin
CongCulberson	BoschRexrothUS
CongCulberson	spacecitychick
CongCulberson	txglo
CongCulberson	ChronOpinion
CongCulberson	ChiefMccall
CongCulberson	HoustonTX
CongCulberson	DiazChron
CongCulberson	NSF_CISE
CongCulberson	winkeldoc
CongCulberson	CFF_Houston
CongCulberson	NASAHubble
CongCulberson	JenniferShutt
CongCulberson	Cheniere
CongCulberson	TxHistComm
CongCulberson	OfficialAlamo
RepKenMarchant	AP
RepKenMarchant	realDonaldTrump
RepKenMarchant	DFW_Rambler
RepKenMarchant	InsideNatGeo
TomRooney	RepThompson
TomRooney	RepTedDeutch
TomRooney	HouseJudiciary
TomRooney	RepAndyBarr
TomRooney	HouseAppropsGOP
TomRooney	RepKinzinger
TomRooney	RosLehtinen
TomRooney	FLCITRUSMUTUAL
TomRooney	thehill
TomRooney	NWS
TomRooney	CBSNews
TomRooney	USDA
TomRooney	neiltyson
TomRooney	realDonaldTrump
TomRooney	SecretarySonny
TomRooney	UF
TomRooney	TeamCavuto
TomRooney	PinkConcussions
TomRooney	biaamerica
TomRooney	FLGovScott
TomRooney	PressSec
TomRooney	BeltwayBeef
TomRooney	NHC_Atlantic
TomRooney	EndPolioNow
TomRooney	ByronTau
TomRooney	PRyan
TomRooney	CalebJSmith
TomRooney	ShannonShepp
TomRooney	AaronMesmer
TomRooney	FLSheriffs
TomRooney	baxter_troutman
TomRooney	adamputnam
TomRooney	denisegrimsley
TomRooney	BN9
TomRooney	AFP
TomRooney	Fox4Now
TomRooney	pbcgov20
TomRooney	pbcgov
TomRooney	FrankGluck
TomRooney	RealPureFlorida
TomRooney	LakelandFD
TomRooney	southpolkscene
TomRooney	ThuyLanWKBW
TomRooney	WayneDupreeShow
TomRooney	LTGRobertCaslen
TomRooney	OxfamAmerica
TomRooney	TB_Times
GreggHarper	RepByrne
GreggHarper	HouseAdmnGOP
GreggHarper	HouseCommerce
GreggHarper	SpeakerRyan
GreggHarper	cathymcmorris
GreggHarper	NDSS
GreggHarper	GrayDCnews
GreggHarper	dberrygannett
GreggHarper	CongressionalAC
GreggHarper	AARPMS
GreggHarper	GOP
GreggHarper	RepTrentKelly
GreggHarper	MSyallpolitics
GreggHarper	Andy_Taggart
GreggHarper	MSABrookhaven
GreggHarper	Robbinwiupdown
GreggHarper	BeaudouinSo
GreggHarper	NFXFoundation
GreggHarper	EntergyMS
GreggHarper	millsapscollege
GreggHarper	DougHeye
GreggHarper	RudermanFdn
GreggHarper	StephanieCNews
GreggHarper	LibnOfCongress
GreggHarper	SenThadCochran
GreggHarper	ePolicyWorks
TomColeOK04	housebudgetGOP
TomColeOK04	HouseAppropsGOP
TomColeOK04	HouseAgNews
TomColeOK04	RulesReps
TomColeOK04	cspanwj
TomColeOK04	DeptofDefense
TomColeOK04	cspan
TomColeOK04	ALZIMPACT
TomColeOK04	FoxNews
TomColeOK04	SfNtweets
TomColeOK04	DKambUSA
TomColeOK04	AllianceCBRN
TomColeOK04	MSactivist
TomColeOK04	NAMIAdvocacy
TomColeOK04	SCActionNetwork
TomColeOK04	SBAList
TomColeOK04	RiponAdvance
TomColeOK04	GDSFoundation
TomColeOK04	okfarmbureau
TomColeOK04	FAANews
TomColeOK04	GazzoloPaul
TomColeOK04	adachamber
TomColeOK04	AACR
TomColeOK04	firstfiveyears
TomColeOK04	VGMGovRelations
TomColeOK04	NBWA
TomColeOK04	alzassociation
TomColeOK04	OKTAG_26
TomColeOK04	OUDeptPsych
TomColeOK04	ChickasawNation
TomColeOK04	GHTCoalition
TomColeOK04	CAEARHIV
TomColeOK04	amerambassoc
TomColeOK04	Champs4Future
TomColeOK04	OKALZHEIMERSguy
TomColeOK04	OKhighered
TomColeOK04	sitesExhibits
TomColeOK04	FisherCenter
TomColeOK04	TheEndoSociety
TomColeOK04	AFRFarmOrg
TomColeOK04	okpca
TomColeOK04	DuncanAreaEcDev
TomColeOK04	YMCAGREATEROKC
TomColeOK04	OKCattlemen
TomColeOK04	EricLeGrand52
TomColeOK04	Nature_OK
TomColeOK04	PanCAN_Oklahoma
TomColeOK04	OkStateHBA
TomColeOK04	Mission_Ready
TomColeOK04	OVACInfo
TomColeOK04	GreatPlainsTech
TomColeOK04	Fogarty_NIH
TomColeOK04	OKCIndianClinic
TomColeOK04	oklibs
TomColeOK04	kdamp
TomColeOK04	oksenategop
HouseScience	RepAbraham
HouseScience	RepBrianBabin
HouseScience	RepWebster
HouseScience	RepMoBrooks
HouseScience	LamarSmithTX21
HouseScience	USGSVolcanoes
HouseScience	RepAndyBiggsAZ
HouseScience	SteveKnight25
HouseScience	airandspace
HouseScience	NASAHubble
HouseScience	WHOSTP
HouseScience	realclearpolicy
HouseScience	Morning_Edu
HouseScience	ORNL
KenCalvert	SteveScalise
KenCalvert	RepDavidValadao
KenCalvert	HouseAppropsGOP
KenCalvert	HouseCommerce
KenCalvert	GOPLeader
KenCalvert	SpeakerRyan
KenCalvert	HeardontheHill
KenCalvert	realDonaldTrump
KenCalvert	USNavy
KenCalvert	GoParks
KenCalvert	NatlParkService
KenCalvert	WhiteHouse
KenCalvert	Interior
KenCalvert	USHouseHistory
KenCalvert	KenCenPrez
KenCalvert	HouseGOP
KenCalvert	theaward
KenCalvert	ShopFloorNAM
KenCalvert	OIA
KenCalvert	SecretaryZinke
KenCalvert	CHPCnews
KenCalvert	PPICnotes
KenCalvert	CoronaFireDept
KenCalvert	FreemanWSJ
KenCalvert	MyAutism
KenCalvert	EPAScottPruitt
KenCalvert	ronlin
KenCalvert	DrLucyJones
KenCalvert	Conserve_CA
KenCalvert	BIASC
KenCalvert	ACWAWater
RepublicanStudy	RepRalphNorman
RepublicanStudy	RepJimBanks
RepublicanStudy	RepMarkWalker
RepublicanStudy	RepByrne
RepublicanStudy	RepSanfordSC
RepublicanStudy	TXRandy14
RepublicanStudy	MikeKellyPA
RepublicanStudy	MarshaBlackburn
RepublicanStudy	Raul_Labrador
RepublicanStudy	RepGosar
RepublicanStudy	RepMcClintock
RepublicanStudy	RepMcCaul
RepublicanStudy	RepKevinBrady
RepublicanStudy	RobWittman
RepublicanStudy	ShannonBream
RepublicanStudy	scottwongDC
RepublicanStudy	VP
RepublicanStudy	NewDay
RepublicanStudy	benyc
RepublicanStudy	CQnow
RepublicanStudy	dcexaminer
RepublicanStudy	Jordanfabian
RepublicanStudy	TeamCavuto
RepublicanStudy	ChadPergram
RepublicanStudy	thejakegrant
RepublicanStudy	FreedomWorks
RepublicanStudy	SBAList
RepublicanStudy	LRacheldG
RepublicanStudy	hughhewitt
RepublicanStudy	SenateGOP
RepublicanStudy	SenMikeLee
RepublicanStudy	WSJopinion
RepublicanStudy	BrandonNTU
RepublicanStudy	jasoninthehouse
RepublicanStudy	ACUFforJustice
RepublicanStudy	GovWaste
RepublicanStudy	mschlapp
RepublicanStudy	JimDeMint
RepublicanStudy	MarcGoldwein
RepublicanStudy	NTU
RepublicanStudy	faithcvv
RepublicanStudy	JasonCalvi
RepublicanStudy	CPInst
RepublicanStudy	jonathanvswan
RepublicanStudy	senatorshoshana
RepublicanStudy	nanswift
RepublicanStudy	ylanmui
RepublicanStudy	sarahnferris
RepublicanStudy	jasonyaworske
RepublicanStudy	desiderioDC
RepublicanStudy	benpershing
RepublicanStudy	brithume
RepublicanStudy	MDuppler
RepublicanStudy	ScottTParkinson
RepublicanStudy	jiwallner
RepublicanStudy	TomSchatzCAGW
RepublicanStudy	MikeNeedham
RepBillShuster	SteveScalise
RepBillShuster	RepLouBarletta
RepBillShuster	RepSmucker
RepBillShuster	Transport
RepBillShuster	HASCRepublicans
RepBillShuster	GOPLeader
RepBillShuster	SpeakerRyan
RepBillShuster	WaysandMeansGOP
RepBillShuster	thehill
RepBillShuster	WSJ
RepBillShuster	AP
RepBillShuster	VP
RepBillShuster	SenJohnMcCain
RepBillShuster	FoxNews
RepBillShuster	realDonaldTrump
RepBillShuster	RSI
RepBillShuster	CNBC
RepBillShuster	WhiteHouse
RepBillShuster	HouseGOP
RepBillShuster	PressSec
RepBillShuster	WashTimes
RepBillShuster	RiponAdvance
RepBillShuster	CNBCnow
RepBillShuster	Dave_Sutor
RepBillShuster	MainSt4Growth
RepBillShuster	FLOTUS
RepBillShuster	LifeNewsHQ
RepBillShuster	USDOL
RepBillShuster	aashtospeaks
RepBillShuster	usmayors
RepBillShuster	IndianaGazette
RepBillShuster	hsuniontown
RepBillShuster	PittsburghPG
RepBillShuster	PAStatePolice
RepBillShuster	TransportTopics
RepBillShuster	Owens_abc27
RepBillShuster	PONews
RepBillShuster	PAGOP
RepBillShuster	Sept11Memorial
RepBillShuster	DHSgov
RepBillShuster	HAPupdates
DarrellIssa	RepYvetteClarke
DarrellIssa	HouseJudiciary
DarrellIssa	RepDougCollins
DarrellIssa	RepGoodlatte
DarrellIssa	Nextgov
DarrellIssa	ocregister
DarrellIssa	OversightDems
DarrellIssa	NMPAorg
DarrellIssa	IRSnews
DarrellIssa	sahilkapur
DarrellIssa	AliceOllstein
DarrellIssa	AP
DarrellIssa	VP
DarrellIssa	SanDiegoCounty
DarrellIssa	sarahdwire
DarrellIssa	KUSINews
DarrellIssa	sdut
DarrellIssa	carolynlochhead
DarrellIssa	FoxNews
DarrellIssa	foxandfriends
DarrellIssa	TeamCavuto
DarrellIssa	FoxBusiness
DarrellIssa	musicFIRST
DarrellIssa	axios
DarrellIssa	OutnumberedOT
DarrellIssa	AmericaNewsroom
DarrellIssa	FoxNewsInsider
DarrellIssa	JulieBanderas
DarrellIssa	ACC_National
DarrellIssa	SunFoundation
DarrellIssa	DataCoalition
DarrellIssa	queenkv
DarrellIssa	coastnewsgroup
DarrellIssa	KTLA
DarrellIssa	TimesofSanDiego
DarrellIssa	ccadelago
DarrellIssa	ACCOC
DarrellIssa	fox5sandiego
DarrellIssa	SDICRedCross
DarrellIssa	nbcsandiego
DarrellIssa	CALFIRESANDIEGO
DarrellIssa	CityofOceanside
DarrellIssa	Johnny_Joey
DarrellIssa	ocropinion
DarrellIssa	cmaiduc
DarrellIssa	supsingh
GOPoversight	RepPaulMitchell
GOPoversight	RepMarkWalker
GOPoversight	RepRodBlum
GOPoversight	HurdOnTheHill
GOPoversight	RepDeSantis
GOPoversight	RepMarkMeadows
GOPoversight	HouseHomeland
GOPoversight	TGowdySC
GOPoversight	farenthold
GOPoversight	RepRatcliffe
GOPoversight	FoxNews
GOPoversight	IntelPolicy
GOPoversight	GaryShapiro
replouiegohmert	NatResources
replouiegohmert	cspanwj
replouiegohmert	FoxNews
replouiegohmert	dcexaminer
replouiegohmert	foxandfriends
replouiegohmert	FoxBusiness
replouiegohmert	MorningsMaria
replouiegohmert	DailySignal
replouiegohmert	westerncaucus
replouiegohmert	DailyCaller
replouiegohmert	SenTedCruz
replouiegohmert	WMALDC
replouiegohmert	toddstarnes
replouiegohmert	cnsnews
replouiegohmert	DanaPerino
replouiegohmert	EagleEdMartin
replouiegohmert	RiceMinus
replouiegohmert	MercyShips
replouiegohmert	SteveForbesCEO
replouiegohmert	GrahamLedger
replouiegohmert	foxnewstalk
replouiegohmert	LarryOConnor
replouiegohmert	conversations
replouiegohmert	WBAP247NEWS
VernBuchanan	MarioDB
VernBuchanan	RosLehtinen
VernBuchanan	SSNAlerts
VernBuchanan	Campaign4Kids
VernBuchanan	dcexaminer
VernBuchanan	BradentonPolice
VernBuchanan	Manateeschools
VernBuchanan	sarasotaschools
VernBuchanan	BoxleitnerSNN
VernBuchanan	CityofSarasota
VernBuchanan	SarasotaSheriff
VernBuchanan	ManateeGov
VernBuchanan	GarofaloWX
VernBuchanan	SRQCountyGov
VernBuchanan	mannahhorse
HASCRepublicans	RepCarbajal
HASCRepublicans	nikiinthehouse
HASCRepublicans	RepJimBanks
HASCRepublicans	RepGallagher
HASCRepublicans	RepPaulMitchell
HASCRepublicans	RepStefanik
HASCRepublicans	RepByrne
HASCRepublicans	Rep_Hunter
HASCRepublicans	SteveScalise
HASCRepublicans	RepBradWenstrup
HASCRepublicans	MacTXPress
HASCRepublicans	ConawayTX11
HASCRepublicans	RepJoeWilson
HASCRepublicans	RepHartzler
HASCRepublicans	AustinScottGA08
HASCRepublicans	RepMikeTurner
HASCRepublicans	RepMikeRogersAL
HASCRepublicans	RepMikeCoffman
HASCRepublicans	SpeakerRyan
HASCRepublicans	RobWittman
HASCRepublicans	CraigCaplan
HASCRepublicans	connorobrienNH
HASCRepublicans	RepDonBacon
HASCRepublicans	reporterjoe
HASCRepublicans	LeoShane
HASCRepublicans	cspan
HASCRepublicans	BGOV
HASCRepublicans	SenJohnMcCain
HASCRepublicans	FoxNews
HASCRepublicans	CQnow
HASCRepublicans	cgrisales
HASCRepublicans	FoxNewsSunday
HASCRepublicans	HouseGOP
HASCRepublicans	SteveKnight25
HASCRepublicans	GovWaste
HASCRepublicans	AMVETSHQ
HASCRepublicans	RepMcSally
HASCRepublicans	RepTrentKelly
HASCRepublicans	ArlingtonNatl
HASCRepublicans	JenJudson
HASCRepublicans	stripes_photog
HASCRepublicans	dave_brown24
HASCRepublicans	claudechafin
HASCRepublicans	thejointstaff
HASCRepublicans	HopeSeck
RepPeteOlson	HouseHomeland
RepPeteOlson	HouseCommerce
RepPeteOlson	UHpres
RepPeteOlson	BobcatsFCMS
RepPeteOlson	fbcoem
RepPeteOlson	ErvinRo
RepPeteOlson	MarkJGrisdale
PeterRoskam	RepLaHood
PeterRoskam	RodneyDavis
PeterRoskam	RepDianeBlack
PeterRoskam	RepKevinBrady
PeterRoskam	WaysandMeansGOP
PeterRoskam	uofigovrelation
PeterRoskam	thehill
PeterRoskam	ABCPolitics
PeterRoskam	rollcall
PeterRoskam	ILFarmBureau
PeterRoskam	FedAmerHospital
PeterRoskam	PolishEmbassyUS
PeterRoskam	AJCGlobal
PeterRoskam	dcexaminer
PeterRoskam	HouseGOP
PeterRoskam	AmericaNewsroom
PeterRoskam	AAN
PeterRoskam	FreeBeacon
PeterRoskam	stevenmnuchin1
PeterRoskam	cityofStCharles
PeterRoskam	kempfoundation
PeterRoskam	seandonahue
PeterRoskam	jpenso1
PeterRoskam	Kredo0
PeterRoskam	OkamotoOffice
PeterRoskam	RichStearns
PeterRoskam	afpillinois
PeterRoskam	VotingMomIL
PeterRoskam	barrington220
PeterRoskam	BMAlliance
PeterRoskam	ASCAssociation
PeterRoskam	susanendalz
PeterRoskam	KosovoinUS
PeterRoskam	vloracitaku
PeterRoskam	advocatehealth
PeterRoskam	house_democracy
PeterRoskam	IllinoisBeer
PeterRoskam	DanCliftonStrat
PeterRoskam	laurenblair88
PeterRoskam	Nick_Sauer
PeterRoskam	dwhitephoto1
PeterRoskam	RussCanRead
PeterRoskam	RepLizCheney
PeterRoskam	AFS_Yates
PeterRoskam	AmerFoundrySoc
PeterRoskam	BeTheMatch
PeterRoskam	harmonize4hope
PeterRoskam	HumaneSociety
PeterRoskam	KatiePavlich
PeterRoskam	scottyn4
PeterRoskam	CrainsChicago
PeterRoskam	YMCAChicago
PeterRoskam	KCP_tweets
PeterRoskam	phildstewart
PeterRoskam	lionsclubs
PeterRoskam	dailyherald
PeterRoskam	DGDistrict58
RepJoeBarton	RepCuellar
RepJoeBarton	USRepMikeDoyle
RepJoeBarton	housebudgetGOP
RepJoeBarton	SteveScalise
RepJoeBarton	RepJeffDuncan
RepJoeBarton	RepBillFlores
RepJoeBarton	HouseAgNews
RepJoeBarton	HouseCommerce
RepJoeBarton	RepKevinBrady
RepJoeBarton	GOPLeader
RepJoeBarton	SpeakerRyan
RepJoeBarton	michaelcburgess
RepJoeBarton	RepShimkus
RepJoeBarton	HeardontheHill
RepJoeBarton	CraigCaplan
RepJoeBarton	CBSNews
RepJoeBarton	cspan
RepJoeBarton	VP
RepJoeBarton	ABC
RepJoeBarton	TheSFIA
RepJoeBarton	Aggie_GR
RepJoeBarton	politico
RepJoeBarton	realDonaldTrump
RepJoeBarton	_MealsOnWheels
RepJoeBarton	WhiteHouse
RepJoeBarton	usairforce
RepJoeBarton	FoxBusiness
RepJoeBarton	HouseGOP
RepJoeBarton	DailySignal
RepJoeBarton	SecretaryPerry
RepJoeBarton	SenateMajLdr
RepJoeBarton	thehillbaseball
RepJoeBarton	USEnergyAssn
RepJoeBarton	txcomptroller
RepJoeBarton	NWSFortWorth
RepJoeBarton	SuePeschin
RepJoeBarton	FTC
RepJoeBarton	utarlington
RepJoeBarton	CityOfArlington
RepJoeBarton	GregAbbott_TX
RepJoeBarton	MidlothianISD
RepJoeBarton	HouseFloor
RepJoeBarton	CityofCrowley
RepJoeBarton	ProducerRondaK
RepJoeBarton	SiemensUSA
RepJoeBarton	DRChamber
RepJoeBarton	USEnergyStream
RepJoeBarton	FWOEM
RepJoeBarton	MOWJEC
RepJoeBarton	Travis5mith
RepJoeBarton	NoSeniorHungry
RepJoeBarton	TCCollege
RepJoeBarton	AmericanLungTX
RepJoeBarton	ALZNCT
RepJoeBarton	SenAngusKing
RepJoeBarton	foxnewspoll
RepJoeBarton	TexasFarmBureau
RepJoeBarton	MayorBetsyPrice
RepJoeBarton	twoodard8
RepJoeBarton	DougBlackAB
RepKevinBrady	SteveScalise
RepKevinBrady	HouseHomeland
RepKevinBrady	HouseAgNews
RepKevinBrady	NatResources
RepKevinBrady	GOPLeader
RepKevinBrady	SpeakerRyan
RepKevinBrady	cathymcmorris
RepKevinBrady	RepShimkus
RepKevinBrady	WaysandMeansGOP
RepKevinBrady	FoxNews
RepKevinBrady	realDonaldTrump
RepKevinBrady	WhiteHouse
RepKevinBrady	TeamCavuto
RepKevinBrady	FoxBusiness
RepKevinBrady	HouseGOP
RepKevinBrady	Heritage
RepKevinBrady	NFIB
RepKevinBrady	HelloWoodlands
RepKevinBrady	TXRealtors
GOPLeader	RepJasonLewis
GOPLeader	RepBrianMast
GOPLeader	RepJohnKatko
GOPLeader	RepRodBlum
GOPLeader	HurdOnTheHill
GOPLeader	RepStefanik
GOPLeader	RepComstock
GOPLeader	RepMikeBishop
GOPLeader	RepCurbelo
GOPLeader	KeithRothfus
GOPLeader	RepDavidValadao
GOPLeader	RepAndyBarr
GOPLeader	SusanWBrooks
GOPLeader	RepLaMalfa
GOPLeader	MikeKellyPA
GOPLeader	RepDavidYoung
GOPLeader	HouseVetAffairs
GOPLeader	RepKevinYoder
GOPLeader	RepJeffDenham
GOPLeader	RepSeanDuffy
GOPLeader	DrPhilRoe
GOPLeader	RepMimiWalters
GOPLeader	Transport
GOPLeader	CongCulberson
GOPLeader	HouseScience
GOPLeader	RepKevinBrady
GOPLeader	RepMikeCoffman
GOPLeader	SpeakerRyan
GOPLeader	cathymcmorris
GOPLeader	RepErikPaulsen
GOPLeader	RepRatcliffe
GOPLeader	RepDonBacon
GOPLeader	LeoShane
GOPLeader	VP
GOPLeader	AATHCGME
GOPLeader	FoxNews
GOPLeader	realDonaldTrump
GOPLeader	WhiteHouse
GOPLeader	dcexaminer
GOPLeader	FoxBusiness
GOPLeader	SecretaryAcosta
GOPLeader	SteveKnight25
GOPLeader	IvankaTrump
GOPLeader	FreeBeacon
GOPLeader	RepTenney
GOPLeader	statedeptspox
GOPLeader	FLOTUS
GOPLeader	RepBost
GOPLeader	March_for_Life
GOPLeader	ChronOpinion
GOPLeader	WSJecon
GOPLeader	Bakersfieldcali
GOPLeader	KyleKashuv
RepLynnJenkins	SteveScalise
RepLynnJenkins	RepKevinYoder
RepLynnJenkins	RepDianeBlack
RepLynnJenkins	RepKevinBrady
RepLynnJenkins	SpeakerRyan
RepLynnJenkins	cathymcmorris
RepLynnJenkins	WaysandMeansGOP
RepLynnJenkins	Cardiology
RepLynnJenkins	FoxNews
RepLynnJenkins	USNavy
RepLynnJenkins	CNBC
RepLynnJenkins	FedNewsRadio
RepLynnJenkins	HouseGOP
RepLynnJenkins	ShopFloorNAM
RepLynnJenkins	NRHA_Advocacy
RepLynnJenkins	KUHoops
RepLynnJenkins	AHAAdvocacy
RepLynnJenkins	AgAviationNAAA
RepLynnJenkins	chasingearhart
RepLynnJenkins	KCMikeMahoney
RepLynnJenkins	williamottens
RepLynnJenkins	PeterZampa
RepLynnJenkins	SenPatRoberts
RepLynnJenkins	AlecGartnerKSNT
RepLynnJenkins	Topekafire
RepLynnJenkins	JobsinKansas
RepMikeCoffman	HouseVetAffairs
RepMikeCoffman	NatResources
RepMikeCoffman	HASCRepublicans
RepMikeCoffman	FWD_us
RepMikeCoffman	LeoShane
RepMikeCoffman	cspan
RepMikeCoffman	FoxNews
RepMikeCoffman	HouseGOP
RepMikeCoffman	theaward
RepMikeCoffman	USDOL
RepMikeCoffman	CUAnschutz
RepMikeCoffman	DA18th
RepMikeCoffman	aurorasmsbdc
RepMikeCoffman	ColoradoREA
RepMikeCoffman	hrw
RepMikeCoffman	CUFederal
RepMikeCoffman	denveropinion
RepMikeCoffman	CoCHCs
RepMikeCoffman	CookinMattersCO
RepMikeCoffman	MonitoringAssoc
RepMikeCoffman	ColoradoACTE
DanaRohrabacher	kellyslater
DanaRohrabacher	MrNashington
CongressmanGT	JimLangevin
CongressmanGT	RepRyanCostello
CongressmanGT	HouseAgNews
CongressmanGT	EdWorkforce
CongressmanGT	hunger
CongressmanGT	ALZIMPACT
CongressmanGT	FoodBankWMA
CongressmanGT	chesapeakebay
CongressmanGT	agripulse
CongressmanGT	RiponAdvance
CongressmanGT	Dave_Sutor
CongressmanGT	rileywpagett
CongressmanGT	WesternGrowers
CongressmanGT	AFFI
CongressmanGT	NGA_GR
CongressmanGT	PAFoodMerchants
CongressmanGT	FeedingPA
CongressmanGT	centralpafb
CongressmanGT	KateBirnbryerWh
CongressmanGT	NASCSP
CongressmanGT	DJR_131
CongressmanGT	dodsonadvocate
CongressmanGT	stanthonysf
CongressmanGT	Lisa_GK
CongressmanGT	JandersonJen
CongressmanGT	JerryMande
SpeakerRyan	RepGallagher
SpeakerRyan	HouseSmallBiz
SpeakerRyan	SteveScalise
SpeakerRyan	RepDavidValadao
SpeakerRyan	RepAnnWagner
SpeakerRyan	RodneyDavis
SpeakerRyan	ConawayTX11
SpeakerRyan	RepWebster
SpeakerRyan	RepTipton
SpeakerRyan	HouseAgNews
SpeakerRyan	RepMarthaRoby
SpeakerRyan	RepFredUpton
SpeakerRyan	RepDianeBlack
SpeakerRyan	DrPhilRoe
SpeakerRyan	RepMimiWalters
SpeakerRyan	FinancialCmte
SpeakerRyan	NatResources
SpeakerRyan	PatrickMcHenry
SpeakerRyan	RepKevinBrady
SpeakerRyan	cathymcmorris
SpeakerRyan	EdWorkforce
SpeakerRyan	WaysandMeansGOP
SpeakerRyan	RepDonBacon
SpeakerRyan	RepKHandel
SpeakerRyan	usedgov
SpeakerRyan	CBSNews
SpeakerRyan	VP
SpeakerRyan	CBSThisMorning
SpeakerRyan	FoxNews
SpeakerRyan	HHSGov
SpeakerRyan	FoxBusiness
SpeakerRyan	HouseGOP
SpeakerRyan	ShopFloorNAM
SpeakerRyan	Heritage
SpeakerRyan	CongPalazzo
SpeakerRyan	NFIB
SpeakerRyan	JECRepublicans
SpeakerRyan	DanaPerino
SpeakerRyan	DetNewsOpinion
SpeakerRyan	SquawkCNBC
JeffFortenberry	SenSasse
JeffFortenberry	PoncaTribeofNE
RepScottPerry	TulsiPress
RepScottPerry	HouseHomeland
RepScottPerry	RepSmucker
RepScottPerry	Transport
RepScottPerry	Jim_Jordan
RepScottPerry	RepJenniffer
RepScottPerry	SteeleAndUngar
RepScottPerry	cspanwj
RepScottPerry	ACIBC
RepScottPerry	DaVita
RepScottPerry	justinamash
RepScottPerry	FoxBusiness
RepScottPerry	FreedomWorks
RepScottPerry	freedomcaucus
RepScottPerry	SenMikeLee
RepScottPerry	GovWaste
RepScottPerry	cvpayne
RepScottPerry	FoxNewsInsider
RepScottPerry	RiponSociety
RepScottPerry	UnfilteredSE
RepScottPerry	Morning_Joe
RepScottPerry	nfib_pa
RepScottPerry	VPPressSec
RepScottPerry	YCEAPA
RepScottPerry	AmericanLungPA
RepScottPerry	GGrossHoR
RepScottPerry	970wfla
RepScottPerry	CVSDnews
RepScottPerry	PACB_Allison
RepScottPerry	AndrewSchwabNJ
RepScottPerry	AftertheBell
RepScottPerry	RepDelozier
RepScottPerry	PoliticsPA
RepScottPerry	SenatorReganPA
RepScottPerry	MikeGorsegner
RepScottPerry	lmgrss
RepHensarling	HouseJudiciary
RepHensarling	FinancialCmte
RepHensarling	WaysandMeansGOP
RepHensarling	FoxNews
RepHensarling	kevcirilli
RepHensarling	MariaBartiromo
RepHensarling	editorNETexan
RepHensarling	RedCross
RepHensarling	cbs11jeffrey
RepPeteKing	RepKathleenRice
RepPeteKing	NitaLowey
RepPeteKing	RepTimRyan
RepPeteKing	RepLeeZeldin
RepPeteKing	HouseHomeland
RepPeteKing	FoxNews
RepPeteKing	NYGovCuomo
RepPeteKing	Teamsters
RepPeteKing	PAPD911
RepPeteKing	GNYHA
RepPeteKing	IAFFNewsDesk
RepPeteKing	AHDAorg
RepPeteKing	cmchevat
RepPeteKing	alzlongisland
RepPeteKing	LenBermanSports
RepPeteKing	LenBermanWOR
RepPeteKing	LauraCurran2017
RepPeteKing	sbugovrelations
RepPeteKing	TomBruneDC
RepPeteKing	HRHCare
Jim_Jordan	RepTomGarrett
Jim_Jordan	CongressmanHice
Jim_Jordan	RepRodBlum
Jim_Jordan	RepDeSantis
Jim_Jordan	RepMarkMeadows
Jim_Jordan	RepGosar
Jim_Jordan	RepJimRenacci
Jim_Jordan	RepSeanDuffy
Jim_Jordan	GOPoversight
Jim_Jordan	scottwongDC
Jim_Jordan	MSNBC
Jim_Jordan	FoxNews
Jim_Jordan	WhiteHouse
Jim_Jordan	dcexaminer
Jim_Jordan	foxandfriends
Jim_Jordan	TeamCavuto
Jim_Jordan	FoxBusiness
Jim_Jordan	MeetThePress
Jim_Jordan	FoxNewsSunday
Jim_Jordan	FreedomWorks
Jim_Jordan	RepAndyBiggsAZ
Jim_Jordan	AmericaNewsroom
Jim_Jordan	hughhewitt
Jim_Jordan	freedomcaucus
Jim_Jordan	WashTimes
Jim_Jordan	IngrahamAngle
Jim_Jordan	SenMikeLee
Jim_Jordan	LouDobbs
Jim_Jordan	kilmeade
Jim_Jordan	RepMikeJohnson
Jim_Jordan	mschlapp
Jim_Jordan	FoxNewsOpinion
Jim_Jordan	SenTedCruz
Jim_Jordan	KimStrassel
Jim_Jordan	RobertBluey
Jim_Jordan	JimDeMint
Jim_Jordan	jparkABC
Jim_Jordan	toddstarnes
Jim_Jordan	foxnewsradio
Jim_Jordan	DLoesch
Jim_Jordan	FDRLST
Jim_Jordan	wsyx6
Jim_Jordan	ylanmui
Jim_Jordan	knssradio
Jim_Jordan	CR
Jim_Jordan	sidneydailynews
Jim_Jordan	hoffmancongo
Jim_Jordan	MTC_Pres
Jim_Jordan	MelikaMaria
Jim_Jordan	HARRISFAULKNER
Jim_Jordan	ohiolife
Jim_Jordan	POTUS
Jim_Jordan	prageru
JudgeCarter	SteveScalise
JudgeCarter	HouseJudiciary
JudgeCarter	HouseAppropsGOP
JudgeCarter	SpeakerRyan
JudgeCarter	HouseGOP
JudgeCarter	SecretaryAcosta
JudgeCarter	IIICorps_CG
JudgeCarter	Austin_Police
JudgeCarter	FeedtheFuture
JudgeCarter	BNTHW
JudgeCarter	BeltonISD
JudgeCarter	BeltonISDAdvAca
JudgeCarter	rgv3307
cathymcmorris	HouseSmallBiz
cathymcmorris	HouseCommerce
cathymcmorris	NatResources
cathymcmorris	dcexaminer
cathymcmorris	foxandfriends
cathymcmorris	FoxBusiness
cathymcmorris	HouseGOP
cathymcmorris	TheIJR
cathymcmorris	DEAHQ
cathymcmorris	RepMikeJohnson
cathymcmorris	LisaMarieBoothe
cathymcmorris	KUOW
cathymcmorris	wsucahnrs
farenthold	GOPoversight
farenthold	SpeakerRyan
farenthold	TexasGameWarden
farenthold	Salient_CRGT
farenthold	Frank_Konkel
farenthold	PoccaPort
farenthold	Energy_Dialogue
ToddRokita	RepTomGarrett
ToddRokita	RepJimBanks
ToddRokita	RepMarkMeadows
ToddRokita	EdWorkforce
ToddRokita	FoxNews
ToddRokita	realDonaldTrump
ToddRokita	foxandfriends
ToddRokita	FoxBusiness
ToddRokita	AMVETSHQ
ToddRokita	LouDobbs
ToddRokita	indystar
ToddRokita	taxreformer
ToddRokita	DesJarlaisTN04
ToddRokita	WISH_TV
ToddRokita	peterjhasson
ToddRokita	ISPIndianapolis
ToddRokita	Gabby_Gonzalez
ToddRokita	DanSpehler
RepErikPaulsen	RepTimWalz
RepErikPaulsen	RepMikeBishop
RepErikPaulsen	RepTomEmmer
RepErikPaulsen	SteveScalise
RepErikPaulsen	SpeakerRyan
RepErikPaulsen	WaysandMeansGOP
RepErikPaulsen	MilaKoumpilova
RepErikPaulsen	FoxBusiness
RepErikPaulsen	HouseGOP
RepErikPaulsen	WSJopinion
RepErikPaulsen	JECRepublicans
RepErikPaulsen	USChamber
RepErikPaulsen	JDRFAdvocacy
RepErikPaulsen	TODAYshow
RepErikPaulsen	District271
RepErikPaulsen	EdenPrairiePD
RepErikPaulsen	MPRnews
RepErikPaulsen	AngelaDavisWCCO
RepErikPaulsen	TradePartnersDC
RepErikPaulsen	Hammer_MN
RepErikPaulsen	PlymouthMN_gov
RepErikPaulsen	CCXSports
RepErikPaulsen	soundtaxpolicy
RepErikPaulsen	WayzataHS
RepErikPaulsen	ElderVoice_MN
RepErikPaulsen	ACSCANMN
RepErikPaulsen	mtkapd
RepErikPaulsen	tchabitat
EdWorkforce	RepTomGarrett
EdWorkforce	RepJasonLewis
EdWorkforce	RepDrewFerguson
EdWorkforce	RepRickAllen
EdWorkforce	RepStefanik
EdWorkforce	RepByrne
EdWorkforce	RepJoeWilson
EdWorkforce	RepWalberg
EdWorkforce	DrPhilRoe
EdWorkforce	CongressmanGT
EdWorkforce	SpeakerRyan
EdWorkforce	virginiafoxx
EdWorkforce	WaysandMeansGOP
EdWorkforce	RepKHandel
EdWorkforce	Franchising411
EdWorkforce	VP
EdWorkforce	WhiteHouse
EdWorkforce	HouseGOP
EdWorkforce	IvankaTrump
EdWorkforce	RepGrothman
EdWorkforce	RepDaveBrat
EdWorkforce	RepRooney
EdWorkforce	schoolchoicewk
EdWorkforce	BetsyDeVosED
EdWorkforce	RepRonEstes
EdWorkforce	johnkartch
EdWorkforce	AndyPuzder
virginiafoxx	RepEspaillat
virginiafoxx	SteveScalise
virginiafoxx	SpeakerRyan
virginiafoxx	cathymcmorris
virginiafoxx	EdWorkforce
virginiafoxx	WhiteHouse
virginiafoxx	SecretarySonny
virginiafoxx	DeptVetAffairs
virginiafoxx	PressSec
virginiafoxx	DataCoalition
virginiafoxx	hudsonhollister
virginiafoxx	milann_99
davereichert	SpeakerRyan
davereichert	WaysandMeansGOP
davereichert	MilitaryOfficer
davereichert	SharedHope
davereichert	SeaportNW
davereichert	NatalieBrandK5
davereichert	JapanEmbDC
davereichert	PATHadvocacy
davereichert	SCActionNetwork
davereichert	WAWheat23
davereichert	awbolympia
davereichert	USChamber
davereichert	rickchisa
davereichert	Living_Goods
davereichert	CAREActionNow
davereichert	kmpperry
davereichert	SavetheChildren
davereichert	EmployeesOwn
davereichert	SEGER_305
davereichert	AMSAProMover
davereichert	MountaineersOrg
LamarSmithTX21	HouseJudiciary
LamarSmithTX21	ConawayTX11
LamarSmithTX21	HouseHomeland
LamarSmithTX21	RepGoodlatte
LamarSmithTX21	HouseScience
LamarSmithTX21	SpeakerRyan
LamarSmithTX21	cathymcmorris
LamarSmithTX21	WaysandMeansGOP
LamarSmithTX21	davidcicilline
LamarSmithTX21	CNN
LamarSmithTX21	rollcall
LamarSmithTX21	Aggie_GR
LamarSmithTX21	politico
LamarSmithTX21	RepCloakroom
LamarSmithTX21	NASA
LamarSmithTX21	CNBC
LamarSmithTX21	WhiteHouse
LamarSmithTX21	ChadPergram
LamarSmithTX21	axios
LamarSmithTX21	ASCAP
LamarSmithTX21	HouseGOP
LamarSmithTX21	HeritageOTH
LamarSmithTX21	RepAndyBiggsAZ
LamarSmithTX21	westerncaucus
LamarSmithTX21	NumbersUSA
LamarSmithTX21	RIAA
LamarSmithTX21	Austin_Police
LamarSmithTX21	sachamber
LamarSmithTX21	gregfenves
LamarSmithTX21	airandspace
LamarSmithTX21	realclearpolicy
LamarSmithTX21	SanAntonio_300
LamarSmithTX21	VisitAustinTX
LamarSmithTX21	BrentBozell
LamarSmithTX21	FairMediaCaucus
LamarSmithTX21	News_O_Matic
LamarSmithTX21	COSAGOV
LamarSmithTX21	KENS5
LamarSmithTX21	TxStHistAssoc
LamarSmithTX21	Space_Station
LamarSmithTX21	csf_spaceflight
LamarSmithTX21	KVUE
LamarSmithTX21	SpecNewsSA
LamarSmithTX21	1200WOAI
LamarSmithTX21	johnculberson
michaelcburgess	RulesReps
michaelcburgess	GregAbbott_TX
RepShimkus	RepJimBanks
RepShimkus	SteveScalise
RepShimkus	KeithRothfus
RepShimkus	RodneyDavis
RepShimkus	RepLouBarletta
RepShimkus	RepWalberg
RepShimkus	HouseAgNews
RepShimkus	RepKinzinger
RepShimkus	HouseCommerce
RepShimkus	RepMimiWalters
RepShimkus	repgregwalden
RepShimkus	RepPeteOlson
RepShimkus	RepKevinBrady
RepShimkus	GOPLeader
RepShimkus	SpeakerRyan
RepShimkus	cathymcmorris
RepShimkus	boblatta
RepShimkus	AP
RepShimkus	CTIA
RepShimkus	HouseGOP
RepShimkus	foxnewspolitics
RepShimkus	ACGlobalEnergy
RepShimkus	Latvia_USA
RepShimkus	POLITICOEurope
boblatta	HouseCommerce
boblatta	WaysandMeansGOP
boblatta	OSUPrezDrake
boblatta	healthylakes
boblatta	NEMAupdates
boblatta	OHElectricCoops
boblatta	OSUinDC
boblatta	LibnOfCongress
boblatta	CHPA
boblatta	JessicaGavinTV
boblatta	HomeDepotGR
boblatta	rdc5120
boblatta	AaronManley_THD
boblatta	hwelectric
boblatta	EnoGregR
boblatta	Pres_Rogers
RobWittman	BobbyScott
RobWittman	RepMGriffith
RobWittman	NatResources
RobWittman	HASCRepublicans
RobWittman	SpeakerRyan
RobWittman	cathymcmorris
RobWittman	HeardontheHill
RobWittman	connorobrienNH
RobWittman	ACIBC
RobWittman	reporterjoe
RobWittman	VP
RobWittman	therealnmma
RobWittman	politico
RobWittman	DoleFoundation
RobWittman	realDonaldTrump
RobWittman	USNavy
RobWittman	NPHW
RobWittman	Interior
RobWittman	andclev
RobWittman	chesapeakebay
RobWittman	HouseGOP
RobWittman	amphibwarships
RobWittman	ShopFloorNAM
RobWittman	ACUFoundation
RobWittman	SecretaryZinke
RobWittman	SenatorWicker
RobWittman	WMALDC
RobWittman	congressfdn
RobWittman	USArmyReserve
RobWittman	SeaAirSpace
RobWittman	THCTT
RobWittman	HudsonGovRel
RobWittman	TedSchubel
RobWittman	NewsInTheBurg
RobWittman	NavalInstitute
RobWittman	MWHCrecruitment
RobWittman	CableGuy85
RobWittman	HeidiSchlicher
RobWittman	Daily_Press
RobWittman	JeffMartinDC
RobWittman	ahenry_econdev
RobWittman	FredRegChamber
RobWittman	defaeroreport
RobWittman	SydneyFreedberg
RobWittman	VaDOTFRED
RobWittman	THEPatriotHS
RobWittman	DPOpinion
RobWittman	TCCva
RobWittman	MarineMuseum
RobWittman	MCB_Quantico
RosLehtinen	RepPeteAguilar
RosLehtinen	RepCurbelo
RosLehtinen	MarioDB
RosLehtinen	NBCLatino
RosLehtinen	govtrack
RosLehtinen	SSNAlerts
RosLehtinen	HouseForeign
RosLehtinen	fineout
RosLehtinen	NAACP
RosLehtinen	ADL_National
RosLehtinen	CahnEmily
RosLehtinen	citizensclimate
RosLehtinen	NatWICAssoc
RosLehtinen	SoFlaOpinion
RosLehtinen	alextdaugherty
RosLehtinen	FIUdc
RosLehtinen	JGreenblattADL
RosLehtinen	MiamiSup
RosLehtinen	AlexNBCNews
RosLehtinen	GeorgeHWBush
RosLehtinen	DLasAmericas
RosLehtinen	Ponderela
RosLehtinen	OsminMartinezG
RosLehtinen	antoniapass96
RosLehtinen	lopezgovlaw
RosLehtinen	CAREERXCHANGE
RosLehtinen	peymaneh123
RosLehtinen	IvanTaylorTV
RosLehtinen	FelixLlerenaCUB
RosLehtinen	FloresJudith7
RosLehtinen	PatriciaMazzei
RosLehtinen	kateirby
RosLehtinen	ADL_Florida
RosLehtinen	AlzadvocateJenn
RosLehtinen	AdamSextonWMUR
RosLehtinen	freedom4allusa
WaysandMeansGOP	RepLaHood
WaysandMeansGOP	RepMikeBishop
WaysandMeansGOP	RepCurbelo
WaysandMeansGOP	SteveScalise
WaysandMeansGOP	KeithRothfus
WaysandMeansGOP	RepWalorski
WaysandMeansGOP	RepTomRice
WaysandMeansGOP	MikeKellyPA
WaysandMeansGOP	RepAdrianSmith
WaysandMeansGOP	RepJimRenacci
WaysandMeansGOP	RepKristiNoem
WaysandMeansGOP	RepDianeBlack
WaysandMeansGOP	RepKenMarchant
WaysandMeansGOP	PeterRoskam
WaysandMeansGOP	RepKevinBrady
WaysandMeansGOP	RepLynnJenkins
WaysandMeansGOP	SpeakerRyan
WaysandMeansGOP	RepErikPaulsen
WaysandMeansGOP	davereichert
WaysandMeansGOP	FoxNews
WaysandMeansGOP	FoxBusiness
WaysandMeansGOP	FreedomWorks
WaysandMeansGOP	ShopFloorNAM
WaysandMeansGOP	WashTimes
WaysandMeansGOP	BizRoundtable
WaysandMeansGOP	SecretaryAcosta
WaysandMeansGOP	NFIB
WaysandMeansGOP	RepMikeJohnson
WaysandMeansGOP	USChamber
WaysandMeansGOP	RepMcSally
WaysandMeansGOP	NTU
WaysandMeansGOP	SquawkCNBC
WaysandMeansGOP	AmChemistry
WaysandMeansGOP	CKefalas
WaysandMeansGOP	FreedomPartners
GOPpolicy	RepRickAllen
GOPpolicy	HurdOnTheHill
GOPpolicy	RepStefanik
GOPpolicy	RepTomEmmer
GOPpolicy	RepGuthrie
GOPpolicy	SusanWBrooks
GOPpolicy	RepLukeMesser
GOPpolicy	SpeakerRyan
GOPpolicy	RepTomPrice
GOPpolicy	CraigCaplan
GOPpolicy	cspan
GOPpolicy	HouseGOP
GOPpolicy	RepMcSally
GOPpolicy	BlairMiloLP
GOPpolicy	stephhammondDC
GOPpolicy	pubschoolops
GOPpolicy	RedAlert
RepTomPrice	housebudgetGOP
RepTomPrice	KenCalvert
RepTomPrice	SpeakerRyan
RepTomPrice	WaysandMeansGOP
RepTomPrice	USGLC
RepTomPrice	FoxBusiness
RepTomPrice	HouseGOP
RepTomPrice	RepDaveBrat
RepTomPrice	DailyCaller
RepTomPrice	Dateline_DC
RepTomPrice	ATL_Profiles
RepTomPrice	MAG1849
RepTomPrice	AARPGA_Advocacy
RepTomPrice	Elekta
RepTomPrice	AdvaMedUpdate
RepTomPrice	childrensatl
